file_id,filepath,transcript,emotion,label
YAF_ditch_angry,C:\Users\sande\Desktop\multimodal_emotion_project\dataset\TESS Toronto emotional speech set data\YAF_angry\YAF_ditch_angry.wav,say the word ditch,angry,0
YAF_hit_ps,C:\Users\sande\Desktop\multimodal_emotion_project\dataset\TESS Toronto emotional speech set data\YAF_pleasant_surprised\YAF_hit_ps.wav,say the word hit,surprise,6
YAF_when_neutral,C:\Users\sande\Desktop\multimodal_emotion_project\dataset\TESS Toronto emotional speech set data\YAF_neutral\YAF_when_neutral.wav,say the word when,neutral,4
OAF_nice_neutral,C:\Users\sande\Desktop\multimodal_emotion_project\dataset\TESS Toronto emotional speech set data\OAF_neutral\OAF_nice_neutral.wav,say the word nice,neutral,4
OAF_judge_angry,C:\Users\sande\Desktop\multimodal_emotion_project\dataset\TESS Toronto emotional speech set data\OAF_angry\OAF_judge_angry.wav,say the word judge,angry,0
YAF_pain_fear,C:\Users\sande\Desktop\multimodal_emotion_project\dataset\TESS Toronto emotional speech set data\YAF_fear\YAF_pain_fear.wav,say the word pain,fear,2
OAF_join_neutral,C:\Users\sande\Desktop\multimodal_emotion_project\dataset\TESS Toronto emotional speech set data\OAF_neutral\OAF_join_neutral.wav,say the word join,neutral,4
OAF_seize_fear,C:\Users\sande\Desktop\multimodal_emotion_project\dataset\TESS Toronto emotional speech set data\OAF_Fear\OAF_seize_fear.wav,say the word seize,fear,2
OAF_when_fear,C:\Users\sande\Desktop\multimodal_emotion_project\dataset\TESS Toronto emotional speech set data\OAF_Fear\OAF_when_fear.wav,say the word when,fear,2
YAF_learn_disgust,C:\Users\sande\Desktop\multimodal_emotion_project\dataset\TESS Toronto emotional speech set data\YAF_disgust\YAF_learn_disgust.wav,say the word learn,disgust,1
YAF_thumb_sad,C:\Users\sande\Desktop\multimodal_emotion_project\dataset\TESS Toronto emotional speech set data\YAF_sad\YAF_thumb_sad.wav,say the word thumb,sad,5
YAF_sheep_angry,C:\Users\sande\Desktop\multimodal_emotion_project\dataset\TESS Toronto emotional speech set data\YAF_angry\YAF_sheep_angry.wav,say the word sheep,angry,0
OAF_tire_happy,C:\Users\sande\Desktop\multimodal_emotion_project\dataset\TESS Toronto emotional speech set data\OAF_happy\OAF_tire_happy.wav,say the word tire,happy,3
YAF_vote_disgust,C:\Users\sande\Desktop\multimodal_emotion_project\dataset\TESS Toronto emotional speech set data\YAF_disgust\YAF_vote_disgust.wav,say the word vote,disgust,1
YAF_kill_neutral,C:\Users\sande\Desktop\multimodal_emotion_project\dataset\TESS Toronto emotional speech set data\YAF_neutral\YAF_kill_neutral.wav,say the word kill,neutral,4
OAF_numb_ps,C:\Users\sande\Desktop\multimodal_emotion_project\dataset\TESS Toronto emotional speech set data\OAF_Pleasant_surprise\OAF_numb_ps.wav,say the word numb,surprise,6
OAF_size_sad,C:\Users\sande\Desktop\multimodal_emotion_project\dataset\TESS Toronto emotional speech set data\OAF_Sad\OAF_size_sad.wav,say the word size,sad,5
YAF_time_disgust,C:\Users\sande\Desktop\multimodal_emotion_project\dataset\TESS Toronto emotional speech set data\YAF_disgust\YAF_time_disgust.wav,say the word time,disgust,1
OAF_page_neutral,C:\Users\sande\Desktop\multimodal_emotion_project\dataset\TESS Toronto emotional speech set data\OAF_neutral\OAF_page_neutral.wav,say the word page,neutral,4
OAF_judge_happy,C:\Users\sande\Desktop\multimodal_emotion_project\dataset\TESS Toronto emotional speech set data\OAF_happy\OAF_judge_happy.wav,say the word judge,happy,3
YAF_gin_angry,C:\Users\sande\Desktop\multimodal_emotion_project\dataset\TESS Toronto emotional speech set data\YAF_angry\YAF_gin_angry.wav,say the word gin,angry,0
YAF_chalk_fear,C:\Users\sande\Desktop\multimodal_emotion_project\dataset\TESS Toronto emotional speech set data\YAF_fear\YAF_chalk_fear.wav,say the word chalk,fear,2
OAF_love_disgust,C:\Users\sande\Desktop\multimodal_emotion_project\dataset\TESS Toronto emotional speech set data\OAF_disgust\OAF_love_disgust.wav,say the word love,disgust,1
OAF_ton_disgust,C:\Users\sande\Desktop\multimodal_emotion_project\dataset\TESS Toronto emotional speech set data\OAF_disgust\OAF_ton_disgust.wav,say the word ton,disgust,1
OAF_sheep_ps,C:\Users\sande\Desktop\multimodal_emotion_project\dataset\TESS Toronto emotional speech set data\OAF_Pleasant_surprise\OAF_sheep_ps.wav,say the word sheep,surprise,6
YAF_lean_neutral,C:\Users\sande\Desktop\multimodal_emotion_project\dataset\TESS Toronto emotional speech set data\YAF_neutral\YAF_lean_neutral.wav,say the word lean,neutral,4
OAF_puff_happy,C:\Users\sande\Desktop\multimodal_emotion_project\dataset\TESS Toronto emotional speech set data\OAF_happy\OAF_puff_happy.wav,say the word puff,happy,3
YAF_soap_neutral,C:\Users\sande\Desktop\multimodal_emotion_project\dataset\TESS Toronto emotional speech set data\YAF_neutral\YAF_soap_neutral.wav,say the word soap,neutral,4
YAF_date_sad,C:\Users\sande\Desktop\multimodal_emotion_project\dataset\TESS Toronto emotional speech set data\YAF_sad\YAF_date_sad.wav,say the word date,sad,5
YAF_met_sad,C:\Users\sande\Desktop\multimodal_emotion_project\dataset\TESS Toronto emotional speech set data\YAF_sad\YAF_met_sad.wav,say the word met,sad,5
YAF_have_ps,C:\Users\sande\Desktop\multimodal_emotion_project\dataset\TESS Toronto emotional speech set data\YAF_pleasant_surprised\YAF_have_ps.wav,say the word have,surprise,6
OAF_dead_angry,C:\Users\sande\Desktop\multimodal_emotion_project\dataset\TESS Toronto emotional speech set data\OAF_angry\OAF_dead_angry.wav,say the word dead,angry,0
OAF_wag_ps,C:\Users\sande\Desktop\multimodal_emotion_project\dataset\TESS Toronto emotional speech set data\OAF_Pleasant_surprise\OAF_wag_ps.wav,say the word wag,surprise,6
YAF_nice_angry,C:\Users\sande\Desktop\multimodal_emotion_project\dataset\TESS Toronto emotional speech set data\YAF_angry\YAF_nice_angry.wav,say the word nice,angry,0
YAF_tell_happy,C:\Users\sande\Desktop\multimodal_emotion_project\dataset\TESS Toronto emotional speech set data\YAF_happy\YAF_tell_happy.wav,say the word tell,happy,3
YAF_love_ps,C:\Users\sande\Desktop\multimodal_emotion_project\dataset\TESS Toronto emotional speech set data\YAF_pleasant_surprised\YAF_love_ps.wav,say the word love,surprise,6
OAF_size_ps,C:\Users\sande\Desktop\multimodal_emotion_project\dataset\TESS Toronto emotional speech set data\OAF_Pleasant_surprise\OAF_size_ps.wav,say the word size,surprise,6
YAF_peg_fear,C:\Users\sande\Desktop\multimodal_emotion_project\dataset\TESS Toronto emotional speech set data\YAF_fear\YAF_peg_fear.wav,say the word peg,fear,2
YAF_hall_disgust,C:\Users\sande\Desktop\multimodal_emotion_project\dataset\TESS Toronto emotional speech set data\YAF_disgust\YAF_hall_disgust.wav,say the word hall,disgust,1
OAF_pad_fear,C:\Users\sande\Desktop\multimodal_emotion_project\dataset\TESS Toronto emotional speech set data\OAF_Fear\OAF_pad_fear.wav,say the word pad,fear,2
OAF_youth_angry,C:\Users\sande\Desktop\multimodal_emotion_project\dataset\TESS Toronto emotional speech set data\OAF_angry\OAF_youth_angry.wav,say the word youth,angry,0
OAF_rain_disgust,C:\Users\sande\Desktop\multimodal_emotion_project\dataset\TESS Toronto emotional speech set data\OAF_disgust\OAF_rain_disgust.wav,say the word rain,disgust,1
OAF_soup_fear,C:\Users\sande\Desktop\multimodal_emotion_project\dataset\TESS Toronto emotional speech set data\OAF_Fear\OAF_soup_fear.wav,say the word soup,fear,2
OAF_mood_angry,C:\Users\sande\Desktop\multimodal_emotion_project\dataset\TESS Toronto emotional speech set data\OAF_angry\OAF_mood_angry.wav,say the word mood,angry,0
OAF_choice_angry,C:\Users\sande\Desktop\multimodal_emotion_project\dataset\TESS Toronto emotional speech set data\OAF_angry\OAF_choice_angry.wav,say the word choice,angry,0
YAF_goal_sad,C:\Users\sande\Desktop\multimodal_emotion_project\dataset\TESS Toronto emotional speech set data\YAF_sad\YAF_goal_sad.wav,say the word goal,sad,5
YAF_perch_happy,C:\Users\sande\Desktop\multimodal_emotion_project\dataset\TESS Toronto emotional speech set data\YAF_happy\YAF_perch_happy.wav,say the word perch,happy,3
YAF_keg_angry,C:\Users\sande\Desktop\multimodal_emotion_project\dataset\TESS Toronto emotional speech set data\YAF_angry\YAF_keg_angry.wav,say the word keg,angry,0
YAF_jar_fear,C:\Users\sande\Desktop\multimodal_emotion_project\dataset\TESS Toronto emotional speech set data\YAF_fear\YAF_jar_fear.wav,say the word jar,fear,2
YAF_long_disgust,C:\Users\sande\Desktop\multimodal_emotion_project\dataset\TESS Toronto emotional speech set data\YAF_disgust\YAF_long_disgust.wav,say the word long,disgust,1
YAF_moon_disgust,C:\Users\sande\Desktop\multimodal_emotion_project\dataset\TESS Toronto emotional speech set data\YAF_disgust\YAF_moon_disgust.wav,say the word moon,disgust,1
OAF_get_ps,C:\Users\sande\Desktop\multimodal_emotion_project\dataset\TESS Toronto emotional speech set data\OAF_Pleasant_surprise\OAF_get_ps.wav,say the word get,surprise,6
YAF_phone_angry,C:\Users\sande\Desktop\multimodal_emotion_project\dataset\TESS Toronto emotional speech set data\YAF_angry\YAF_phone_angry.wav,say the word phone,angry,0
OAF_lot_sad,C:\Users\sande\Desktop\multimodal_emotion_project\dataset\TESS Toronto emotional speech set data\OAF_Sad\OAF_lot_sad.wav,say the word lot,sad,5
YAF_hate_fear,C:\Users\sande\Desktop\multimodal_emotion_project\dataset\TESS Toronto emotional speech set data\YAF_fear\YAF_hate_fear.wav,say the word hate,fear,2
YAF_dead_disgust,C:\Users\sande\Desktop\multimodal_emotion_project\dataset\TESS Toronto emotional speech set data\YAF_disgust\YAF_dead_disgust.wav,say the word dead,disgust,1
OAF_shout_disgust,C:\Users\sande\Desktop\multimodal_emotion_project\dataset\TESS Toronto emotional speech set data\OAF_disgust\OAF_shout_disgust.wav,say the word shout,disgust,1
YAF_page_happy,C:\Users\sande\Desktop\multimodal_emotion_project\dataset\TESS Toronto emotional speech set data\YAF_happy\YAF_page_happy.wav,say the word page,happy,3
OAF_ditch_neutral,C:\Users\sande\Desktop\multimodal_emotion_project\dataset\TESS Toronto emotional speech set data\OAF_neutral\OAF_ditch_neutral.wav,say the word ditch,neutral,4
OAF_live_neutral,C:\Users\sande\Desktop\multimodal_emotion_project\dataset\TESS Toronto emotional speech set data\OAF_neutral\OAF_live_neutral.wav,say the word live,neutral,4
YAF_should_fear,C:\Users\sande\Desktop\multimodal_emotion_project\dataset\TESS Toronto emotional speech set data\YAF_fear\YAF_should_fear.wav,say the word should,fear,2
YAF_shall_fear,C:\Users\sande\Desktop\multimodal_emotion_project\dataset\TESS Toronto emotional speech set data\YAF_fear\YAF_shall_fear.wav,say the word shall,fear,2
OAF_moon_fear,C:\Users\sande\Desktop\multimodal_emotion_project\dataset\TESS Toronto emotional speech set data\OAF_Fear\OAF_moon_fear.wav,say the word moon,fear,2
OAF_beg_disgust,C:\Users\sande\Desktop\multimodal_emotion_project\dataset\TESS Toronto emotional speech set data\OAF_disgust\OAF_beg_disgust.wav,say the word beg,disgust,1
OAF_merge_sad,C:\Users\sande\Desktop\multimodal_emotion_project\dataset\TESS Toronto emotional speech set data\OAF_Sad\OAF_merge_sad.wav,say the word merge,sad,5
YAF_luck_ps,C:\Users\sande\Desktop\multimodal_emotion_project\dataset\TESS Toronto emotional speech set data\YAF_pleasant_surprised\YAF_luck_ps.wav,say the word luck,surprise,6
YAF_lean_happy,C:\Users\sande\Desktop\multimodal_emotion_project\dataset\TESS Toronto emotional speech set data\YAF_happy\YAF_lean_happy.wav,say the word lean,happy,3
YAF_gas_fear,C:\Users\sande\Desktop\multimodal_emotion_project\dataset\TESS Toronto emotional speech set data\YAF_fear\YAF_gas_fear.wav,say the word gas,fear,2
YAF_yes_happy,C:\Users\sande\Desktop\multimodal_emotion_project\dataset\TESS Toronto emotional speech set data\YAF_happy\YAF_yes_happy.wav,say the word yes,happy,3
OAF_rose_fear,C:\Users\sande\Desktop\multimodal_emotion_project\dataset\TESS Toronto emotional speech set data\OAF_Fear\OAF_rose_fear.wav,say the word rose,fear,2
OAF_base_angry,C:\Users\sande\Desktop\multimodal_emotion_project\dataset\TESS Toronto emotional speech set data\OAF_angry\OAF_base_angry.wav,say the word base,angry,0
OAF_mode_sad,C:\Users\sande\Desktop\multimodal_emotion_project\dataset\TESS Toronto emotional speech set data\OAF_Sad\OAF_mode_sad.wav,say the word mode,sad,5
OAF_young_angry,C:\Users\sande\Desktop\multimodal_emotion_project\dataset\TESS Toronto emotional speech set data\OAF_angry\OAF_young_angry.wav,say the word young,angry,0
OAF_peg_ps,C:\Users\sande\Desktop\multimodal_emotion_project\dataset\TESS Toronto emotional speech set data\OAF_Pleasant_surprise\OAF_peg_ps.wav,say the word peg,surprise,6
YAF_dip_fear,C:\Users\sande\Desktop\multimodal_emotion_project\dataset\TESS Toronto emotional speech set data\YAF_fear\YAF_dip_fear.wav,say the word dip,fear,2
YAF_judge_disgust,C:\Users\sande\Desktop\multimodal_emotion_project\dataset\TESS Toronto emotional speech set data\YAF_disgust\YAF_judge_disgust.wav,say the word judge,disgust,1
OAF_pass_ps,C:\Users\sande\Desktop\multimodal_emotion_project\dataset\TESS Toronto emotional speech set data\OAF_Pleasant_surprise\OAF_pass_ps.wav,say the word pass,surprise,6
YAF_read_disgust,C:\Users\sande\Desktop\multimodal_emotion_project\dataset\TESS Toronto emotional speech set data\YAF_disgust\YAF_read_disgust.wav,say the word read,disgust,1
YAF_thin_neutral,C:\Users\sande\Desktop\multimodal_emotion_project\dataset\TESS Toronto emotional speech set data\YAF_neutral\YAF_thin_neutral.wav,say the word thin,neutral,4
YAF_loaf_angry,C:\Users\sande\Desktop\multimodal_emotion_project\dataset\TESS Toronto emotional speech set data\YAF_angry\YAF_loaf_angry.wav,say the word loaf,angry,0
YAF_witch_disgust,C:\Users\sande\Desktop\multimodal_emotion_project\dataset\TESS Toronto emotional speech set data\YAF_disgust\YAF_witch_disgust.wav,say the word witch,disgust,1
YAF_hash_sad,C:\Users\sande\Desktop\multimodal_emotion_project\dataset\TESS Toronto emotional speech set data\YAF_sad\YAF_hash_sad.wav,say the word hash,sad,5
YAF_reach_angry,C:\Users\sande\Desktop\multimodal_emotion_project\dataset\TESS Toronto emotional speech set data\YAF_angry\YAF_reach_angry.wav,say the word reach,angry,0
OAF_burn_happy,C:\Users\sande\Desktop\multimodal_emotion_project\dataset\TESS Toronto emotional speech set data\OAF_happy\OAF_burn_happy.wav,say the word burn,happy,3
OAF_walk_happy,C:\Users\sande\Desktop\multimodal_emotion_project\dataset\TESS Toronto emotional speech set data\OAF_happy\OAF_walk_happy.wav,say the word walk,happy,3
YAF_rag_disgust,C:\Users\sande\Desktop\multimodal_emotion_project\dataset\TESS Toronto emotional speech set data\YAF_disgust\YAF_rag_disgust.wav,say the word rag,disgust,1
OAF_doll_ps,C:\Users\sande\Desktop\multimodal_emotion_project\dataset\TESS Toronto emotional speech set data\OAF_Pleasant_surprise\OAF_doll_ps.wav,say the word doll,surprise,6
OAF_shirt_ps,C:\Users\sande\Desktop\multimodal_emotion_project\dataset\TESS Toronto emotional speech set data\OAF_Pleasant_surprise\OAF_shirt_ps.wav,say the word shirt,surprise,6
YAF_match_neutral,C:\Users\sande\Desktop\multimodal_emotion_project\dataset\TESS Toronto emotional speech set data\YAF_neutral\YAF_match_neutral.wav,say the word match,neutral,4
OAF_week_disgust,C:\Users\sande\Desktop\multimodal_emotion_project\dataset\TESS Toronto emotional speech set data\OAF_disgust\OAF_week_disgust.wav,say the word week,disgust,1
YAF_hush_ps,C:\Users\sande\Desktop\multimodal_emotion_project\dataset\TESS Toronto emotional speech set data\YAF_pleasant_surprised\YAF_hush_ps.wav,say the word hush,surprise,6
YAF_mouse_happy,C:\Users\sande\Desktop\multimodal_emotion_project\dataset\TESS Toronto emotional speech set data\YAF_happy\YAF_mouse_happy.wav,say the word mouse,happy,3
OAF_bath_fear,C:\Users\sande\Desktop\multimodal_emotion_project\dataset\TESS Toronto emotional speech set data\OAF_Fear\OAF_bath_fear.wav,say the word bath,fear,2
OAF_sell_fear,C:\Users\sande\Desktop\multimodal_emotion_project\dataset\TESS Toronto emotional speech set data\OAF_Fear\OAF_sell_fear.wav,say the word sell,fear,2
OAF_lease_neutral,C:\Users\sande\Desktop\multimodal_emotion_project\dataset\TESS Toronto emotional speech set data\OAF_neutral\OAF_lease_neutral.wav,say the word lease,neutral,4
OAF_void_disgust,C:\Users\sande\Desktop\multimodal_emotion_project\dataset\TESS Toronto emotional speech set data\OAF_disgust\OAF_void_disgust.wav,say the word void,disgust,1
OAF_germ_neutral,C:\Users\sande\Desktop\multimodal_emotion_project\dataset\TESS Toronto emotional speech set data\OAF_neutral\OAF_germ_neutral.wav,say the word germ,neutral,4
OAF_judge_neutral,C:\Users\sande\Desktop\multimodal_emotion_project\dataset\TESS Toronto emotional speech set data\OAF_neutral\OAF_judge_neutral.wav,say the word judge,neutral,4
OAF_ripe_neutral,C:\Users\sande\Desktop\multimodal_emotion_project\dataset\TESS Toronto emotional speech set data\OAF_neutral\OAF_ripe_neutral.wav,say the word ripe,neutral,4
YAF_tape_fear,C:\Users\sande\Desktop\multimodal_emotion_project\dataset\TESS Toronto emotional speech set data\YAF_fear\YAF_tape_fear.wav,say the word tape,fear,2
YAF_jail_angry,C:\Users\sande\Desktop\multimodal_emotion_project\dataset\TESS Toronto emotional speech set data\YAF_angry\YAF_jail_angry.wav,say the word jail,angry,0
OAF_gap_sad,C:\Users\sande\Desktop\multimodal_emotion_project\dataset\TESS Toronto emotional speech set data\OAF_Sad\OAF_gap_sad.wav,say the word gap,sad,5
OAF_moon_sad,C:\Users\sande\Desktop\multimodal_emotion_project\dataset\TESS Toronto emotional speech set data\OAF_Sad\OAF_moon_sad.wav,say the word moon,sad,5
OAF_void_neutral,C:\Users\sande\Desktop\multimodal_emotion_project\dataset\TESS Toronto emotional speech set data\OAF_neutral\OAF_void_neutral.wav,say the word void,neutral,4
OAF_such_neutral,C:\Users\sande\Desktop\multimodal_emotion_project\dataset\TESS Toronto emotional speech set data\OAF_neutral\OAF_such_neutral.wav,say the word such,neutral,4
OAF_vine_neutral,C:\Users\sande\Desktop\multimodal_emotion_project\dataset\TESS Toronto emotional speech set data\OAF_neutral\OAF_vine_neutral.wav,say the word vine,neutral,4
OAF_boat_angry,C:\Users\sande\Desktop\multimodal_emotion_project\dataset\TESS Toronto emotional speech set data\OAF_angry\OAF_boat_angry.wav,say the word boat,angry,0
YAF_lore_disgust,C:\Users\sande\Desktop\multimodal_emotion_project\dataset\TESS Toronto emotional speech set data\YAF_disgust\YAF_lore_disgust.wav,say the word lore,disgust,1
YAF_read_ps,C:\Users\sande\Desktop\multimodal_emotion_project\dataset\TESS Toronto emotional speech set data\YAF_pleasant_surprised\YAF_read_ps.wav,say the word read,surprise,6
OAF_hate_sad,C:\Users\sande\Desktop\multimodal_emotion_project\dataset\TESS Toronto emotional speech set data\OAF_Sad\OAF_hate_sad.wav,say the word hate,sad,5
OAF_read_ps,C:\Users\sande\Desktop\multimodal_emotion_project\dataset\TESS Toronto emotional speech set data\OAF_Pleasant_surprise\OAF_read_ps.wav,say the word read,surprise,6
YAF_young_happy,C:\Users\sande\Desktop\multimodal_emotion_project\dataset\TESS Toronto emotional speech set data\YAF_happy\YAF_young_happy.wav,say the word young,happy,3
OAF_yearn_angry,C:\Users\sande\Desktop\multimodal_emotion_project\dataset\TESS Toronto emotional speech set data\OAF_angry\OAF_yearn_angry.wav,say the word yearn,angry,0
OAF_match_happy,C:\Users\sande\Desktop\multimodal_emotion_project\dataset\TESS Toronto emotional speech set data\OAF_happy\OAF_match_happy.wav,say the word match,happy,3
YAF_rain_neutral,C:\Users\sande\Desktop\multimodal_emotion_project\dataset\TESS Toronto emotional speech set data\YAF_neutral\YAF_rain_neutral.wav,say the word rain,neutral,4
OAF_search_neutral,C:\Users\sande\Desktop\multimodal_emotion_project\dataset\TESS Toronto emotional speech set data\OAF_neutral\OAF_search_neutral.wav,say the word search,neutral,4
OAF_wire_sad,C:\Users\sande\Desktop\multimodal_emotion_project\dataset\TESS Toronto emotional speech set data\OAF_Sad\OAF_wire_sad.wav,say the word wire,sad,5
YAF_juice_angry,C:\Users\sande\Desktop\multimodal_emotion_project\dataset\TESS Toronto emotional speech set data\YAF_angry\YAF_juice_angry.wav,say the word juice,angry,0
OAF_join_fear,C:\Users\sande\Desktop\multimodal_emotion_project\dataset\TESS Toronto emotional speech set data\OAF_Fear\OAF_join_fear.wav,say the word join,fear,2
OAF_seize_angry,C:\Users\sande\Desktop\multimodal_emotion_project\dataset\TESS Toronto emotional speech set data\OAF_angry\OAF_seize_angry.wav,say the word seize,angry,0
YAF_good_sad,C:\Users\sande\Desktop\multimodal_emotion_project\dataset\TESS Toronto emotional speech set data\YAF_sad\YAF_good_sad.wav,say the word good,sad,5
YAF_sheep_disgust,C:\Users\sande\Desktop\multimodal_emotion_project\dataset\TESS Toronto emotional speech set data\YAF_disgust\YAF_sheep_disgust.wav,say the word sheep,disgust,1
YAF_life_neutral,C:\Users\sande\Desktop\multimodal_emotion_project\dataset\TESS Toronto emotional speech set data\YAF_neutral\YAF_life_neutral.wav,say the word life,neutral,4
YAF_knock_disgust,C:\Users\sande\Desktop\multimodal_emotion_project\dataset\TESS Toronto emotional speech set data\YAF_disgust\YAF_knock_disgust.wav,say the word knock,disgust,1
OAF_ditch_angry,C:\Users\sande\Desktop\multimodal_emotion_project\dataset\TESS Toronto emotional speech set data\OAF_angry\OAF_ditch_angry.wav,say the word ditch,angry,0
OAF_mood_sad,C:\Users\sande\Desktop\multimodal_emotion_project\dataset\TESS Toronto emotional speech set data\OAF_Sad\OAF_mood_sad.wav,say the word mood,sad,5
YAF_jail_fear,C:\Users\sande\Desktop\multimodal_emotion_project\dataset\TESS Toronto emotional speech set data\YAF_fear\YAF_jail_fear.wav,say the word jail,fear,2
OAF_deep_happy,C:\Users\sande\Desktop\multimodal_emotion_project\dataset\TESS Toronto emotional speech set data\OAF_happy\OAF_deep_happy.wav,say the word deep,happy,3
YAF_seize_happy,C:\Users\sande\Desktop\multimodal_emotion_project\dataset\TESS Toronto emotional speech set data\YAF_happy\YAF_seize_happy.wav,say the word seize,happy,3
YAF_ditch_sad,C:\Users\sande\Desktop\multimodal_emotion_project\dataset\TESS Toronto emotional speech set data\YAF_sad\YAF_ditch_sad.wav,say the word ditch,sad,5
OAF_said_neutral,C:\Users\sande\Desktop\multimodal_emotion_project\dataset\TESS Toronto emotional speech set data\OAF_neutral\OAF_said_neutral.wav,say the word said,neutral,4
YAF_gas_angry,C:\Users\sande\Desktop\multimodal_emotion_project\dataset\TESS Toronto emotional speech set data\YAF_angry\YAF_gas_angry.wav,say the word gas,angry,0
YAF_chain_neutral,C:\Users\sande\Desktop\multimodal_emotion_project\dataset\TESS Toronto emotional speech set data\YAF_neutral\YAF_chain_neutral.wav,say the word chain,neutral,4
YAF_late_disgust,C:\Users\sande\Desktop\multimodal_emotion_project\dataset\TESS Toronto emotional speech set data\YAF_disgust\YAF_late_disgust.wav,say the word late,disgust,1
YAF_hall_fear,C:\Users\sande\Desktop\multimodal_emotion_project\dataset\TESS Toronto emotional speech set data\YAF_fear\YAF_hall_fear.wav,say the word hall,fear,2
OAF_page_fear,C:\Users\sande\Desktop\multimodal_emotion_project\dataset\TESS Toronto emotional speech set data\OAF_Fear\OAF_page_fear.wav,say the word page,fear,2
YAF_goose_ps,C:\Users\sande\Desktop\multimodal_emotion_project\dataset\TESS Toronto emotional speech set data\YAF_pleasant_surprised\YAF_goose_ps.wav,say the word goose,surprise,6
OAF_chalk_neutral,C:\Users\sande\Desktop\multimodal_emotion_project\dataset\TESS Toronto emotional speech set data\OAF_neutral\OAF_chalk_neutral.wav,say the word chalk,neutral,4
YAF_bought_angry,C:\Users\sande\Desktop\multimodal_emotion_project\dataset\TESS Toronto emotional speech set data\YAF_angry\YAF_bought_angry.wav,say the word bought,angry,0
YAF_sub_disgust,C:\Users\sande\Desktop\multimodal_emotion_project\dataset\TESS Toronto emotional speech set data\YAF_disgust\YAF_sub_disgust.wav,say the word sub,disgust,1
OAF_pad_angry,C:\Users\sande\Desktop\multimodal_emotion_project\dataset\TESS Toronto emotional speech set data\OAF_angry\OAF_pad_angry.wav,say the word pad,angry,0
YAF_germ_angry,C:\Users\sande\Desktop\multimodal_emotion_project\dataset\TESS Toronto emotional speech set data\YAF_angry\YAF_germ_angry.wav,say the word germ,angry,0
OAF_came_ps,C:\Users\sande\Desktop\multimodal_emotion_project\dataset\TESS Toronto emotional speech set data\OAF_Pleasant_surprise\OAF_came_ps.wav,say the word came,surprise,6
YAF_tire_fear,C:\Users\sande\Desktop\multimodal_emotion_project\dataset\TESS Toronto emotional speech set data\YAF_fear\YAF_tire_fear.wav,say the word tire,fear,2
OAF_bean_happy,C:\Users\sande\Desktop\multimodal_emotion_project\dataset\TESS Toronto emotional speech set data\OAF_happy\OAF_bean_happy.wav,say the word bean,happy,3
YAF_dip_happy,C:\Users\sande\Desktop\multimodal_emotion_project\dataset\TESS Toronto emotional speech set data\YAF_happy\YAF_dip_happy.wav,say the word dip,happy,3
OAF_deep_ps,C:\Users\sande\Desktop\multimodal_emotion_project\dataset\TESS Toronto emotional speech set data\OAF_Pleasant_surprise\OAF_deep_ps.wav,say the word deep,surprise,6
OAF_mood_disgust,C:\Users\sande\Desktop\multimodal_emotion_project\dataset\TESS Toronto emotional speech set data\OAF_disgust\OAF_mood_disgust.wav,say the word mood,disgust,1
YAF_raise_angry,C:\Users\sande\Desktop\multimodal_emotion_project\dataset\TESS Toronto emotional speech set data\YAF_angry\YAF_raise_angry.wav,say the word raise,angry,0
YAF_soap_disgust,C:\Users\sande\Desktop\multimodal_emotion_project\dataset\TESS Toronto emotional speech set data\YAF_disgust\YAF_soap_disgust.wav,say the word soap,disgust,1
YAF_gaze_fear,C:\Users\sande\Desktop\multimodal_emotion_project\dataset\TESS Toronto emotional speech set data\YAF_fear\YAF_gaze_fear.wav,say the word gaze,fear,2
YAF_pass_sad,C:\Users\sande\Desktop\multimodal_emotion_project\dataset\TESS Toronto emotional speech set data\YAF_sad\YAF_pass_sad.wav,say the word pass,sad,5
OAF_chair_ps,C:\Users\sande\Desktop\multimodal_emotion_project\dataset\TESS Toronto emotional speech set data\OAF_Pleasant_surprise\OAF_chair_ps.wav,say the word chair,surprise,6
YAF_germ_ps,C:\Users\sande\Desktop\multimodal_emotion_project\dataset\TESS Toronto emotional speech set data\YAF_pleasant_surprised\YAF_germ_ps.wav,say the word germ,surprise,6
OAF_food_ps,C:\Users\sande\Desktop\multimodal_emotion_project\dataset\TESS Toronto emotional speech set data\OAF_Pleasant_surprise\OAF_food_ps.wav,say the word food,surprise,6
OAF_burn_neutral,C:\Users\sande\Desktop\multimodal_emotion_project\dataset\TESS Toronto emotional speech set data\OAF_neutral\OAF_burn_neutral.wav,say the word burn,neutral,4
OAF_doll_angry,C:\Users\sande\Desktop\multimodal_emotion_project\dataset\TESS Toronto emotional speech set data\OAF_angry\OAF_doll_angry.wav,say the word doll,angry,0
YAF_ton_fear,C:\Users\sande\Desktop\multimodal_emotion_project\dataset\TESS Toronto emotional speech set data\YAF_fear\YAF_ton_fear.wav,say the word ton,fear,2
OAF_take_fear,C:\Users\sande\Desktop\multimodal_emotion_project\dataset\TESS Toronto emotional speech set data\OAF_Fear\OAF_take_fear.wav,say the word take,fear,2
OAF_food_neutral,C:\Users\sande\Desktop\multimodal_emotion_project\dataset\TESS Toronto emotional speech set data\OAF_neutral\OAF_food_neutral.wav,say the word food,neutral,4
OAF_rose_angry,C:\Users\sande\Desktop\multimodal_emotion_project\dataset\TESS Toronto emotional speech set data\OAF_angry\OAF_rose_angry.wav,say the word rose,angry,0
OAF_rush_ps,C:\Users\sande\Desktop\multimodal_emotion_project\dataset\TESS Toronto emotional speech set data\OAF_Pleasant_surprise\OAF_rush_ps.wav,say the word rush,surprise,6
OAF_said_fear,C:\Users\sande\Desktop\multimodal_emotion_project\dataset\TESS Toronto emotional speech set data\OAF_Fear\OAF_said_fear.wav,say the word said,fear,2
OAF_wag_sad,C:\Users\sande\Desktop\multimodal_emotion_project\dataset\TESS Toronto emotional speech set data\OAF_Sad\OAF_wag_sad.wav,say the word wag,sad,5
OAF_puff_fear,C:\Users\sande\Desktop\multimodal_emotion_project\dataset\TESS Toronto emotional speech set data\OAF_Fear\OAF_puff_fear.wav,say the word puff,fear,2
OAF_hall_happy,C:\Users\sande\Desktop\multimodal_emotion_project\dataset\TESS Toronto emotional speech set data\OAF_happy\OAF_hall_happy.wav,say the word hall,happy,3
YAF_wire_happy,C:\Users\sande\Desktop\multimodal_emotion_project\dataset\TESS Toronto emotional speech set data\YAF_happy\YAF_wire_happy.wav,say the word wire,happy,3
OAF_hate_neutral,C:\Users\sande\Desktop\multimodal_emotion_project\dataset\TESS Toronto emotional speech set data\OAF_neutral\OAF_hate_neutral.wav,say the word hate,neutral,4
YAF_tough_neutral,C:\Users\sande\Desktop\multimodal_emotion_project\dataset\TESS Toronto emotional speech set data\YAF_neutral\YAF_tough_neutral.wav,say the word tough,neutral,4
YAF_sure_disgust,C:\Users\sande\Desktop\multimodal_emotion_project\dataset\TESS Toronto emotional speech set data\YAF_disgust\YAF_sure_disgust.wav,say the word sure,disgust,1
OAF_fit_sad,C:\Users\sande\Desktop\multimodal_emotion_project\dataset\TESS Toronto emotional speech set data\OAF_Sad\OAF_fit_sad.wav,say the word fit,sad,5
YAF_check_happy,C:\Users\sande\Desktop\multimodal_emotion_project\dataset\TESS Toronto emotional speech set data\YAF_happy\YAF_check_happy.wav,say the word check,happy,3
YAF_mouse_sad,C:\Users\sande\Desktop\multimodal_emotion_project\dataset\TESS Toronto emotional speech set data\YAF_sad\YAF_mouse_sad.wav,say the word mouse,sad,5
OAF_hate_angry,C:\Users\sande\Desktop\multimodal_emotion_project\dataset\TESS Toronto emotional speech set data\OAF_angry\OAF_hate_angry.wav,say the word hate,angry,0
OAF_thumb_angry,C:\Users\sande\Desktop\multimodal_emotion_project\dataset\TESS Toronto emotional speech set data\OAF_angry\OAF_thumb_angry.wav,say the word thumb,angry,0
YAF_white_angry,C:\Users\sande\Desktop\multimodal_emotion_project\dataset\TESS Toronto emotional speech set data\YAF_angry\YAF_white_angry.wav,say the word white,angry,0
OAF_perch_happy,C:\Users\sande\Desktop\multimodal_emotion_project\dataset\TESS Toronto emotional speech set data\OAF_happy\OAF_perch_happy.wav,say the word perch,happy,3
OAF_wheat_fear,C:\Users\sande\Desktop\multimodal_emotion_project\dataset\TESS Toronto emotional speech set data\OAF_Fear\OAF_wheat_fear.wav,say the word wheat,fear,2
YAF_pick_disgust,C:\Users\sande\Desktop\multimodal_emotion_project\dataset\TESS Toronto emotional speech set data\YAF_disgust\YAF_pick_disgust.wav,say the word pick,disgust,1
OAF_loaf_happy,C:\Users\sande\Desktop\multimodal_emotion_project\dataset\TESS Toronto emotional speech set data\OAF_happy\OAF_loaf_happy.wav,say the word loaf,happy,3
OAF_sheep_happy,C:\Users\sande\Desktop\multimodal_emotion_project\dataset\TESS Toronto emotional speech set data\OAF_happy\OAF_sheep_happy.wav,say the word sheep,happy,3
YAF_turn_angry,C:\Users\sande\Desktop\multimodal_emotion_project\dataset\TESS Toronto emotional speech set data\YAF_angry\YAF_turn_angry.wav,say the word turn,angry,0
OAF_hall_angry,C:\Users\sande\Desktop\multimodal_emotion_project\dataset\TESS Toronto emotional speech set data\OAF_angry\OAF_hall_angry.wav,say the word hall,angry,0
OAF_rough_disgust,C:\Users\sande\Desktop\multimodal_emotion_project\dataset\TESS Toronto emotional speech set data\OAF_disgust\OAF_rough_disgust.wav,say the word rough,disgust,1
OAF_thumb_happy,C:\Users\sande\Desktop\multimodal_emotion_project\dataset\TESS Toronto emotional speech set data\OAF_happy\OAF_thumb_happy.wav,say the word thumb,happy,3
YAF_soap_angry,C:\Users\sande\Desktop\multimodal_emotion_project\dataset\TESS Toronto emotional speech set data\YAF_angry\YAF_soap_angry.wav,say the word soap,angry,0
OAF_ditch_disgust,C:\Users\sande\Desktop\multimodal_emotion_project\dataset\TESS Toronto emotional speech set data\OAF_disgust\OAF_ditch_disgust.wav,say the word ditch,disgust,1
OAF_thought_angry,C:\Users\sande\Desktop\multimodal_emotion_project\dataset\TESS Toronto emotional speech set data\OAF_angry\OAF_thought_angry.wav,say the word thought,angry,0
OAF_road_neutral,C:\Users\sande\Desktop\multimodal_emotion_project\dataset\TESS Toronto emotional speech set data\OAF_neutral\OAF_road_neutral.wav,say the word road,neutral,4
YAF_keep_happy,C:\Users\sande\Desktop\multimodal_emotion_project\dataset\TESS Toronto emotional speech set data\YAF_happy\YAF_keep_happy.wav,say the word keep,happy,3
YAF_hire_sad,C:\Users\sande\Desktop\multimodal_emotion_project\dataset\TESS Toronto emotional speech set data\YAF_sad\YAF_hire_sad.wav,say the word hire,sad,5
OAF_ring_happy,C:\Users\sande\Desktop\multimodal_emotion_project\dataset\TESS Toronto emotional speech set data\OAF_happy\OAF_ring_happy.wav,say the word ring,happy,3
OAF_knock_angry,C:\Users\sande\Desktop\multimodal_emotion_project\dataset\TESS Toronto emotional speech set data\OAF_angry\OAF_knock_angry.wav,say the word knock,angry,0
YAF_turn_neutral,C:\Users\sande\Desktop\multimodal_emotion_project\dataset\TESS Toronto emotional speech set data\YAF_neutral\YAF_turn_neutral.wav,say the word turn,neutral,4
YAF_pearl_sad,C:\Users\sande\Desktop\multimodal_emotion_project\dataset\TESS Toronto emotional speech set data\YAF_sad\YAF_pearl_sad.wav,say the word pearl,sad,5
YAF_turn_sad,C:\Users\sande\Desktop\multimodal_emotion_project\dataset\TESS Toronto emotional speech set data\YAF_sad\YAF_turn_sad.wav,say the word turn,sad,5
YAF_dime_happy,C:\Users\sande\Desktop\multimodal_emotion_project\dataset\TESS Toronto emotional speech set data\YAF_happy\YAF_dime_happy.wav,say the word dime,happy,3
OAF_name_ps,C:\Users\sande\Desktop\multimodal_emotion_project\dataset\TESS Toronto emotional speech set data\OAF_Pleasant_surprise\OAF_name_ps.wav,say the word name,surprise,6
OAF_wife_ps,C:\Users\sande\Desktop\multimodal_emotion_project\dataset\TESS Toronto emotional speech set data\OAF_Pleasant_surprise\OAF_wife_ps.wav,say the word wife,surprise,6
OAF_vote_happy,C:\Users\sande\Desktop\multimodal_emotion_project\dataset\TESS Toronto emotional speech set data\OAF_happy\OAF_vote_happy.wav,say the word vote,happy,3
OAF_shawl_neutral,C:\Users\sande\Desktop\multimodal_emotion_project\dataset\TESS Toronto emotional speech set data\OAF_neutral\OAF_shawl_neutral.wav,say the word shawl,neutral,4
YAF_nice_fear,C:\Users\sande\Desktop\multimodal_emotion_project\dataset\TESS Toronto emotional speech set data\YAF_fear\YAF_nice_fear.wav,say the word nice,fear,2
OAF_chief_sad,C:\Users\sande\Desktop\multimodal_emotion_project\dataset\TESS Toronto emotional speech set data\OAF_Sad\OAF_chief_sad.wav,say the word chief,sad,5
OAF_shack_sad,C:\Users\sande\Desktop\multimodal_emotion_project\dataset\TESS Toronto emotional speech set data\OAF_Sad\OAF_shack_sad.wav,say the word shack,sad,5
YAF_keep_disgust,C:\Users\sande\Desktop\multimodal_emotion_project\dataset\TESS Toronto emotional speech set data\YAF_disgust\YAF_keep_disgust.wav,say the word keep,disgust,1
OAF_keg_angry,C:\Users\sande\Desktop\multimodal_emotion_project\dataset\TESS Toronto emotional speech set data\OAF_angry\OAF_keg_angry.wav,say the word keg,angry,0
OAF_loaf_neutral,C:\Users\sande\Desktop\multimodal_emotion_project\dataset\TESS Toronto emotional speech set data\OAF_neutral\OAF_loaf_neutral.wav,say the word loaf,neutral,4
OAF_hire_disgust,C:\Users\sande\Desktop\multimodal_emotion_project\dataset\TESS Toronto emotional speech set data\OAF_disgust\OAF_hire_disgust.wav,say the word hire,disgust,1
YAF_sour_happy,C:\Users\sande\Desktop\multimodal_emotion_project\dataset\TESS Toronto emotional speech set data\YAF_happy\YAF_sour_happy.wav,say the word sour,happy,3
YAF_hole_neutral,C:\Users\sande\Desktop\multimodal_emotion_project\dataset\TESS Toronto emotional speech set data\YAF_neutral\YAF_hole_neutral.wav,say the word hole,neutral,4
OAF_have_fear,C:\Users\sande\Desktop\multimodal_emotion_project\dataset\TESS Toronto emotional speech set data\OAF_Fear\OAF_have_fear.wav,say the word have,fear,2
YAF_pool_sad,C:\Users\sande\Desktop\multimodal_emotion_project\dataset\TESS Toronto emotional speech set data\YAF_sad\YAF_pool_sad.wav,say the word pool,sad,5
OAF_neat_neutral,C:\Users\sande\Desktop\multimodal_emotion_project\dataset\TESS Toronto emotional speech set data\OAF_neutral\OAF_neat_neutral.wav,say the word neat,neutral,4
OAF_road_happy,C:\Users\sande\Desktop\multimodal_emotion_project\dataset\TESS Toronto emotional speech set data\OAF_happy\OAF_road_happy.wav,say the word road,happy,3
YAF_vote_neutral,C:\Users\sande\Desktop\multimodal_emotion_project\dataset\TESS Toronto emotional speech set data\YAF_neutral\YAF_vote_neutral.wav,say the word vote,neutral,4
OAF_chain_neutral,C:\Users\sande\Desktop\multimodal_emotion_project\dataset\TESS Toronto emotional speech set data\OAF_neutral\OAF_chain_neutral.wav,say the word chain,neutral,4
YAF_beg_sad,C:\Users\sande\Desktop\multimodal_emotion_project\dataset\TESS Toronto emotional speech set data\YAF_sad\YAF_beg_sad.wav,say the word beg,sad,5
YAF_deep_fear,C:\Users\sande\Desktop\multimodal_emotion_project\dataset\TESS Toronto emotional speech set data\YAF_fear\YAF_deep_fear.wav,say the word deep,fear,2
OAF_laud_angry,C:\Users\sande\Desktop\multimodal_emotion_project\dataset\TESS Toronto emotional speech set data\OAF_angry\OAF_laud_angry.wav,say the word laud,angry,0
OAF_pain_neutral,C:\Users\sande\Desktop\multimodal_emotion_project\dataset\TESS Toronto emotional speech set data\OAF_neutral\OAF_pain_neutral.wav,say the word pain,neutral,4
OAF_mouse_fear,C:\Users\sande\Desktop\multimodal_emotion_project\dataset\TESS Toronto emotional speech set data\OAF_Fear\OAF_mouse_fear.wav,say the word mouse,fear,2
YAF_rot_fear,C:\Users\sande\Desktop\multimodal_emotion_project\dataset\TESS Toronto emotional speech set data\YAF_fear\YAF_rot_fear.wav,say the word rot,fear,2
YAF_shout_disgust,C:\Users\sande\Desktop\multimodal_emotion_project\dataset\TESS Toronto emotional speech set data\YAF_disgust\YAF_shout_disgust.wav,say the word shout,disgust,1
OAF_pike_fear,C:\Users\sande\Desktop\multimodal_emotion_project\dataset\TESS Toronto emotional speech set data\OAF_Fear\OAF_pike_fear.wav,say the word pike,fear,2
YAF_sure_angry,C:\Users\sande\Desktop\multimodal_emotion_project\dataset\TESS Toronto emotional speech set data\YAF_angry\YAF_sure_angry.wav,say the word sure,angry,0
OAF_name_fear,C:\Users\sande\Desktop\multimodal_emotion_project\dataset\TESS Toronto emotional speech set data\OAF_Fear\OAF_name_fear.wav,say the word name,fear,2
OAF_fit_fear,C:\Users\sande\Desktop\multimodal_emotion_project\dataset\TESS Toronto emotional speech set data\OAF_Fear\OAF_fit_fear.wav,say the word fit,fear,2
OAF_make_fear,C:\Users\sande\Desktop\multimodal_emotion_project\dataset\TESS Toronto emotional speech set data\OAF_Fear\OAF_make_fear.wav,say the word make,fear,2
YAF_mob_angry,C:\Users\sande\Desktop\multimodal_emotion_project\dataset\TESS Toronto emotional speech set data\YAF_angry\YAF_mob_angry.wav,say the word mob,angry,0
YAF_sure_fear,C:\Users\sande\Desktop\multimodal_emotion_project\dataset\TESS Toronto emotional speech set data\YAF_fear\YAF_sure_fear.wav,say the word sure,fear,2
OAF_mill_ps,C:\Users\sande\Desktop\multimodal_emotion_project\dataset\TESS Toronto emotional speech set data\OAF_Pleasant_surprise\OAF_mill_ps.wav,say the word mill,surprise,6
YAF_sail_neutral,C:\Users\sande\Desktop\multimodal_emotion_project\dataset\TESS Toronto emotional speech set data\YAF_neutral\YAF_sail_neutral.wav,say the word sail,neutral,4
OAF_page_angry,C:\Users\sande\Desktop\multimodal_emotion_project\dataset\TESS Toronto emotional speech set data\OAF_angry\OAF_page_angry.wav,say the word page,angry,0
YAF_south_angry,C:\Users\sande\Desktop\multimodal_emotion_project\dataset\TESS Toronto emotional speech set data\YAF_angry\YAF_south_angry.wav,say the word south,angry,0
YAF_juice_fear,C:\Users\sande\Desktop\multimodal_emotion_project\dataset\TESS Toronto emotional speech set data\YAF_fear\YAF_juice_fear.wav,say the word juice,fear,2
OAF_dodge_happy,C:\Users\sande\Desktop\multimodal_emotion_project\dataset\TESS Toronto emotional speech set data\OAF_happy\OAF_dodge_happy.wav,say the word dodge,happy,3
OAF_note_angry,C:\Users\sande\Desktop\multimodal_emotion_project\dataset\TESS Toronto emotional speech set data\OAF_angry\OAF_note_angry.wav,say the word note,angry,0
OAF_dip_angry,C:\Users\sande\Desktop\multimodal_emotion_project\dataset\TESS Toronto emotional speech set data\OAF_angry\OAF_dip_angry.wav,say the word dip,angry,0
OAF_knock_happy,C:\Users\sande\Desktop\multimodal_emotion_project\dataset\TESS Toronto emotional speech set data\OAF_happy\OAF_knock_happy.wav,say the word knock,happy,3
OAF_hash_angry,C:\Users\sande\Desktop\multimodal_emotion_project\dataset\TESS Toronto emotional speech set data\OAF_angry\OAF_hash_angry.wav,say the word hash,angry,0
OAF_rot_fear,C:\Users\sande\Desktop\multimodal_emotion_project\dataset\TESS Toronto emotional speech set data\OAF_Fear\OAF_rot_fear.wav,say the word rot,fear,2
OAF_long_angry,C:\Users\sande\Desktop\multimodal_emotion_project\dataset\TESS Toronto emotional speech set data\OAF_angry\OAF_long_angry.wav,say the word long,angry,0
YAF_third_sad,C:\Users\sande\Desktop\multimodal_emotion_project\dataset\TESS Toronto emotional speech set data\YAF_sad\YAF_third_sad.wav,say the word third,sad,5
OAF_wife_fear,C:\Users\sande\Desktop\multimodal_emotion_project\dataset\TESS Toronto emotional speech set data\OAF_Fear\OAF_wife_fear.wav,say the word wife,fear,2
YAF_neat_angry,C:\Users\sande\Desktop\multimodal_emotion_project\dataset\TESS Toronto emotional speech set data\YAF_angry\YAF_neat_angry.wav,say the word neat,angry,0
OAF_life_ps,C:\Users\sande\Desktop\multimodal_emotion_project\dataset\TESS Toronto emotional speech set data\OAF_Pleasant_surprise\OAF_life_ps.wav,say the word life,surprise,6
YAF_cause_ps,C:\Users\sande\Desktop\multimodal_emotion_project\dataset\TESS Toronto emotional speech set data\YAF_pleasant_surprised\YAF_cause_ps.wav,say the word cause,surprise,6
YAF_page_neutral,C:\Users\sande\Desktop\multimodal_emotion_project\dataset\TESS Toronto emotional speech set data\YAF_neutral\YAF_page_neutral.wav,say the word page,neutral,4
OAF_dead_disgust,C:\Users\sande\Desktop\multimodal_emotion_project\dataset\TESS Toronto emotional speech set data\OAF_disgust\OAF_dead_disgust.wav,say the word dead,disgust,1
YAF_judge_sad,C:\Users\sande\Desktop\multimodal_emotion_project\dataset\TESS Toronto emotional speech set data\YAF_sad\YAF_judge_sad.wav,say the word judge,sad,5
YAF_wheat_fear,C:\Users\sande\Desktop\multimodal_emotion_project\dataset\TESS Toronto emotional speech set data\YAF_fear\YAF_wheat_fear.wav,say the word wheat,fear,2
OAF_ripe_happy,C:\Users\sande\Desktop\multimodal_emotion_project\dataset\TESS Toronto emotional speech set data\OAF_happy\OAF_ripe_happy.wav,say the word ripe,happy,3
YAF_peg_neutral,C:\Users\sande\Desktop\multimodal_emotion_project\dataset\TESS Toronto emotional speech set data\YAF_neutral\YAF_peg_neutral.wav,say the word peg,neutral,4
OAF_good_neutral,C:\Users\sande\Desktop\multimodal_emotion_project\dataset\TESS Toronto emotional speech set data\OAF_neutral\OAF_good_neutral.wav,say the word good,neutral,4
OAF_yes_neutral,C:\Users\sande\Desktop\multimodal_emotion_project\dataset\TESS Toronto emotional speech set data\OAF_neutral\OAF_yes_neutral.wav,say the word yes,neutral,4
YAF_met_happy,C:\Users\sande\Desktop\multimodal_emotion_project\dataset\TESS Toronto emotional speech set data\YAF_happy\YAF_met_happy.wav,say the word met,happy,3
OAF_ton_happy,C:\Users\sande\Desktop\multimodal_emotion_project\dataset\TESS Toronto emotional speech set data\OAF_happy\OAF_ton_happy.wav,say the word ton,happy,3
YAF_hole_sad,C:\Users\sande\Desktop\multimodal_emotion_project\dataset\TESS Toronto emotional speech set data\YAF_sad\YAF_hole_sad.wav,say the word hole,sad,5
YAF_merge_ps,C:\Users\sande\Desktop\multimodal_emotion_project\dataset\TESS Toronto emotional speech set data\YAF_pleasant_surprised\YAF_merge_ps.wav,say the word merge,surprise,6
OAF_soap_sad,C:\Users\sande\Desktop\multimodal_emotion_project\dataset\TESS Toronto emotional speech set data\OAF_Sad\OAF_soap_sad.wav,say the word soap,sad,5
YAF_void_ps,C:\Users\sande\Desktop\multimodal_emotion_project\dataset\TESS Toronto emotional speech set data\YAF_pleasant_surprised\YAF_void_ps.wav,say the word void,surprise,6
OAF_sure_fear,C:\Users\sande\Desktop\multimodal_emotion_project\dataset\TESS Toronto emotional speech set data\OAF_Fear\OAF_sure_fear.wav,say the word sure,fear,2
YAF_gin_fear,C:\Users\sande\Desktop\multimodal_emotion_project\dataset\TESS Toronto emotional speech set data\YAF_fear\YAF_gin_fear.wav,say the word gin,fear,2
YAF_late_happy,C:\Users\sande\Desktop\multimodal_emotion_project\dataset\TESS Toronto emotional speech set data\YAF_happy\YAF_late_happy.wav,say the word late,happy,3
OAF_sail_disgust,C:\Users\sande\Desktop\multimodal_emotion_project\dataset\TESS Toronto emotional speech set data\OAF_disgust\OAF_sail_disgust.wav,say the word sail,disgust,1
YAF_juice_neutral,C:\Users\sande\Desktop\multimodal_emotion_project\dataset\TESS Toronto emotional speech set data\YAF_neutral\YAF_juice_neutral.wav,say the word juice,neutral,4
YAF_five_happy,C:\Users\sande\Desktop\multimodal_emotion_project\dataset\TESS Toronto emotional speech set data\YAF_happy\YAF_five_happy.wav,say the word five,happy,3
YAF_sheep_neutral,C:\Users\sande\Desktop\multimodal_emotion_project\dataset\TESS Toronto emotional speech set data\YAF_neutral\YAF_sheep_neutral.wav,say the word sheep,neutral,4
YAF_sell_fear,C:\Users\sande\Desktop\multimodal_emotion_project\dataset\TESS Toronto emotional speech set data\YAF_fear\YAF_sell_fear.wav,say the word sell,fear,2
YAF_have_angry,C:\Users\sande\Desktop\multimodal_emotion_project\dataset\TESS Toronto emotional speech set data\YAF_angry\YAF_have_angry.wav,say the word have,angry,0
OAF_cool_sad,C:\Users\sande\Desktop\multimodal_emotion_project\dataset\TESS Toronto emotional speech set data\OAF_Sad\OAF_cool_sad.wav,say the word cool,sad,5
OAF_hall_ps,C:\Users\sande\Desktop\multimodal_emotion_project\dataset\TESS Toronto emotional speech set data\OAF_Pleasant_surprise\OAF_hall_ps.wav,say the word hall,surprise,6
YAF_ring_sad,C:\Users\sande\Desktop\multimodal_emotion_project\dataset\TESS Toronto emotional speech set data\YAF_sad\YAF_ring_sad.wav,say the word ring,sad,5
YAF_bone_happy,C:\Users\sande\Desktop\multimodal_emotion_project\dataset\TESS Toronto emotional speech set data\YAF_happy\YAF_bone_happy.wav,say the word bone,happy,3
OAF_bought_angry,C:\Users\sande\Desktop\multimodal_emotion_project\dataset\TESS Toronto emotional speech set data\OAF_angry\OAF_bought_angry.wav,say the word bought,angry,0
OAF_tape_neutral,C:\Users\sande\Desktop\multimodal_emotion_project\dataset\TESS Toronto emotional speech set data\OAF_neutral\OAF_tape_neutral.wav,say the word tape,neutral,4
YAF_food_happy,C:\Users\sande\Desktop\multimodal_emotion_project\dataset\TESS Toronto emotional speech set data\YAF_happy\YAF_food_happy.wav,say the word food,happy,3
OAF_keen_angry,C:\Users\sande\Desktop\multimodal_emotion_project\dataset\TESS Toronto emotional speech set data\OAF_angry\OAF_keen_angry.wav,say the word keen,angry,0
YAF_judge_fear,C:\Users\sande\Desktop\multimodal_emotion_project\dataset\TESS Toronto emotional speech set data\YAF_fear\YAF_judge_fear.wav,say the word judge,fear,2
OAF_room_ps,C:\Users\sande\Desktop\multimodal_emotion_project\dataset\TESS Toronto emotional speech set data\OAF_Pleasant_surprise\OAF_room_ps.wav,say the word room,surprise,6
YAF_team_happy,C:\Users\sande\Desktop\multimodal_emotion_project\dataset\TESS Toronto emotional speech set data\YAF_happy\YAF_team_happy.wav,say the word team,happy,3
YAF_rough_neutral,C:\Users\sande\Desktop\multimodal_emotion_project\dataset\TESS Toronto emotional speech set data\YAF_neutral\YAF_rough_neutral.wav,say the word rough,neutral,4
YAF_goose_happy,C:\Users\sande\Desktop\multimodal_emotion_project\dataset\TESS Toronto emotional speech set data\YAF_happy\YAF_goose_happy.wav,say the word goose,happy,3
OAF_team_sad,C:\Users\sande\Desktop\multimodal_emotion_project\dataset\TESS Toronto emotional speech set data\OAF_Sad\OAF_team_sad.wav,say the word team,sad,5
OAF_talk_angry,C:\Users\sande\Desktop\multimodal_emotion_project\dataset\TESS Toronto emotional speech set data\OAF_angry\OAF_talk_angry.wav,say the word talk,angry,0
OAF_gaze_angry,C:\Users\sande\Desktop\multimodal_emotion_project\dataset\TESS Toronto emotional speech set data\OAF_angry\OAF_gaze_angry.wav,say the word gaze,angry,0
YAF_have_happy,C:\Users\sande\Desktop\multimodal_emotion_project\dataset\TESS Toronto emotional speech set data\YAF_happy\YAF_have_happy.wav,say the word have,happy,3
YAF_dog_happy,C:\Users\sande\Desktop\multimodal_emotion_project\dataset\TESS Toronto emotional speech set data\YAF_happy\YAF_dog_happy.wav,say the word dog,happy,3
YAF_king_fear,C:\Users\sande\Desktop\multimodal_emotion_project\dataset\TESS Toronto emotional speech set data\YAF_fear\YAF_king_fear.wav,say the word king,fear,2
OAF_nice_sad,C:\Users\sande\Desktop\multimodal_emotion_project\dataset\TESS Toronto emotional speech set data\OAF_Sad\OAF_nice_sad.wav,say the word nice,sad,5
OAF_gin_disgust,C:\Users\sande\Desktop\multimodal_emotion_project\dataset\TESS Toronto emotional speech set data\OAF_disgust\OAF_gin_disgust.wav,say the word gin,disgust,1
YAF_rough_happy,C:\Users\sande\Desktop\multimodal_emotion_project\dataset\TESS Toronto emotional speech set data\YAF_happy\YAF_rough_happy.wav,say the word rough,happy,3
YAF_boat_neutral,C:\Users\sande\Desktop\multimodal_emotion_project\dataset\TESS Toronto emotional speech set data\YAF_neutral\YAF_boat_neutral.wav,say the word boat,neutral,4
YAF_yes_sad,C:\Users\sande\Desktop\multimodal_emotion_project\dataset\TESS Toronto emotional speech set data\YAF_sad\YAF_yes_sad.wav,say the word yes,sad,5
YAF_burn_happy,C:\Users\sande\Desktop\multimodal_emotion_project\dataset\TESS Toronto emotional speech set data\YAF_happy\YAF_burn_happy.wav,say the word burn,happy,3
OAF_team_disgust,C:\Users\sande\Desktop\multimodal_emotion_project\dataset\TESS Toronto emotional speech set data\OAF_disgust\OAF_team_disgust.wav,say the word team,disgust,1
OAF_pad_happy,C:\Users\sande\Desktop\multimodal_emotion_project\dataset\TESS Toronto emotional speech set data\OAF_happy\OAF_pad_happy.wav,say the word pad,happy,3
YAF_sail_ps,C:\Users\sande\Desktop\multimodal_emotion_project\dataset\TESS Toronto emotional speech set data\YAF_pleasant_surprised\YAF_sail_ps.wav,say the word sail,surprise,6
OAF_hall_neutral,C:\Users\sande\Desktop\multimodal_emotion_project\dataset\TESS Toronto emotional speech set data\OAF_neutral\OAF_hall_neutral.wav,say the word hall,neutral,4
YAF_sheep_happy,C:\Users\sande\Desktop\multimodal_emotion_project\dataset\TESS Toronto emotional speech set data\YAF_happy\YAF_sheep_happy.wav,say the word sheep,happy,3
YAF_keg_fear,C:\Users\sande\Desktop\multimodal_emotion_project\dataset\TESS Toronto emotional speech set data\YAF_fear\YAF_keg_fear.wav,say the word keg,fear,2
YAF_haze_happy,C:\Users\sande\Desktop\multimodal_emotion_project\dataset\TESS Toronto emotional speech set data\YAF_happy\YAF_haze_happy.wav,say the word haze,happy,3
YAF_name_happy,C:\Users\sande\Desktop\multimodal_emotion_project\dataset\TESS Toronto emotional speech set data\YAF_happy\YAF_name_happy.wav,say the word name,happy,3
OAF_dab_ps,C:\Users\sande\Desktop\multimodal_emotion_project\dataset\TESS Toronto emotional speech set data\OAF_Pleasant_surprise\OAF_dab_ps.wav,say the word dab,surprise,6
OAF_should_disgust,C:\Users\sande\Desktop\multimodal_emotion_project\dataset\TESS Toronto emotional speech set data\OAF_disgust\OAF_should_disgust.wav,say the word should,disgust,1
OAF_pain_sad,C:\Users\sande\Desktop\multimodal_emotion_project\dataset\TESS Toronto emotional speech set data\OAF_Sad\OAF_pain_sad.wav,say the word pain,sad,5
OAF_bone_sad,C:\Users\sande\Desktop\multimodal_emotion_project\dataset\TESS Toronto emotional speech set data\OAF_Sad\OAF_bone_sad.wav,say the word bone,sad,5
YAF_live_fear,C:\Users\sande\Desktop\multimodal_emotion_project\dataset\TESS Toronto emotional speech set data\YAF_fear\YAF_live_fear.wav,say the word live,fear,2
YAF_mop_ps,C:\Users\sande\Desktop\multimodal_emotion_project\dataset\TESS Toronto emotional speech set data\YAF_pleasant_surprised\YAF_mop_ps.wav,say the word mop,surprise,6
OAF_king_sad,C:\Users\sande\Desktop\multimodal_emotion_project\dataset\TESS Toronto emotional speech set data\OAF_Sad\OAF_king_sad.wav,say the word king,sad,5
OAF_cause_ps,C:\Users\sande\Desktop\multimodal_emotion_project\dataset\TESS Toronto emotional speech set data\OAF_Pleasant_surprise\OAF_cause_ps.wav,say the word cause,surprise,6
YAF_which_happy,C:\Users\sande\Desktop\multimodal_emotion_project\dataset\TESS Toronto emotional speech set data\YAF_happy\YAF_which_happy.wav,say the word which,happy,3
YAF_such_ps,C:\Users\sande\Desktop\multimodal_emotion_project\dataset\TESS Toronto emotional speech set data\YAF_pleasant_surprised\YAF_such_ps.wav,say the word such,surprise,6
OAF_sub_neutral,C:\Users\sande\Desktop\multimodal_emotion_project\dataset\TESS Toronto emotional speech set data\OAF_neutral\OAF_sub_neutral.wav,say the word sub,neutral,4
OAF_time_disgust,C:\Users\sande\Desktop\multimodal_emotion_project\dataset\TESS Toronto emotional speech set data\OAF_disgust\OAF_time_disgust.wav,say the word time,disgust,1
OAF_said_happy,C:\Users\sande\Desktop\multimodal_emotion_project\dataset\TESS Toronto emotional speech set data\OAF_happy\OAF_said_happy.wav,say the word said,happy,3
YAF_bought_disgust,C:\Users\sande\Desktop\multimodal_emotion_project\dataset\TESS Toronto emotional speech set data\YAF_disgust\YAF_bought_disgust.wav,say the word bought,disgust,1
YAF_numb_fear,C:\Users\sande\Desktop\multimodal_emotion_project\dataset\TESS Toronto emotional speech set data\YAF_fear\YAF_numb_fear.wav,say the word numb,fear,2
YAF_rag_ps,C:\Users\sande\Desktop\multimodal_emotion_project\dataset\TESS Toronto emotional speech set data\YAF_pleasant_surprised\YAF_rag_ps.wav,say the word rag,surprise,6
OAF_hit_angry,C:\Users\sande\Desktop\multimodal_emotion_project\dataset\TESS Toronto emotional speech set data\OAF_angry\OAF_hit_angry.wav,say the word hit,angry,0
OAF_ripe_sad,C:\Users\sande\Desktop\multimodal_emotion_project\dataset\TESS Toronto emotional speech set data\OAF_Sad\OAF_ripe_sad.wav,say the word ripe,sad,5
OAF_wag_angry,C:\Users\sande\Desktop\multimodal_emotion_project\dataset\TESS Toronto emotional speech set data\OAF_angry\OAF_wag_angry.wav,say the word wag,angry,0
YAF_lore_angry,C:\Users\sande\Desktop\multimodal_emotion_project\dataset\TESS Toronto emotional speech set data\YAF_angry\YAF_lore_angry.wav,say the word lore,angry,0
OAF_hash_sad,C:\Users\sande\Desktop\multimodal_emotion_project\dataset\TESS Toronto emotional speech set data\OAF_Sad\OAF_hash_sad.wav,say the word hash,sad,5
YAF_week_happy,C:\Users\sande\Desktop\multimodal_emotion_project\dataset\TESS Toronto emotional speech set data\YAF_happy\YAF_week_happy.wav,say the word week,happy,3
YAF_dodge_angry,C:\Users\sande\Desktop\multimodal_emotion_project\dataset\TESS Toronto emotional speech set data\YAF_angry\YAF_dodge_angry.wav,say the word dodge,angry,0
OAF_late_neutral,C:\Users\sande\Desktop\multimodal_emotion_project\dataset\TESS Toronto emotional speech set data\OAF_neutral\OAF_late_neutral.wav,say the word late,neutral,4
YAF_seize_neutral,C:\Users\sande\Desktop\multimodal_emotion_project\dataset\TESS Toronto emotional speech set data\YAF_neutral\YAF_seize_neutral.wav,say the word seize,neutral,4
OAF_fall_ps,C:\Users\sande\Desktop\multimodal_emotion_project\dataset\TESS Toronto emotional speech set data\OAF_Pleasant_surprise\OAF_fall_ps.wav,say the word fall,surprise,6
OAF_fit_angry,C:\Users\sande\Desktop\multimodal_emotion_project\dataset\TESS Toronto emotional speech set data\OAF_angry\OAF_fit_angry.wav,say the word fit,angry,0
OAF_numb_angry,C:\Users\sande\Desktop\multimodal_emotion_project\dataset\TESS Toronto emotional speech set data\OAF_angry\OAF_numb_angry.wav,say the word numb,angry,0
OAF_calm_disgust,C:\Users\sande\Desktop\multimodal_emotion_project\dataset\TESS Toronto emotional speech set data\OAF_disgust\OAF_calm_disgust.wav,say the word calm,disgust,1
YAF_hit_fear,C:\Users\sande\Desktop\multimodal_emotion_project\dataset\TESS Toronto emotional speech set data\YAF_fear\YAF_hit_fear.wav,say the word hit,fear,2
OAF_fit_happy,C:\Users\sande\Desktop\multimodal_emotion_project\dataset\TESS Toronto emotional speech set data\OAF_happy\OAF_fit_happy.wav,say the word fit,happy,3
OAF_tough_neutral,C:\Users\sande\Desktop\multimodal_emotion_project\dataset\TESS Toronto emotional speech set data\OAF_neutral\OAF_tough_neutral.wav,say the word tough,neutral,4
OAF_sure_disgust,C:\Users\sande\Desktop\multimodal_emotion_project\dataset\TESS Toronto emotional speech set data\OAF_disgust\OAF_sure_disgust.wav,say the word sure,disgust,1
OAF_mode_neutral,C:\Users\sande\Desktop\multimodal_emotion_project\dataset\TESS Toronto emotional speech set data\OAF_neutral\OAF_mode_neutral.wav,say the word mode,neutral,4
YAF_burn_ps,C:\Users\sande\Desktop\multimodal_emotion_project\dataset\TESS Toronto emotional speech set data\YAF_pleasant_surprised\YAF_burn_ps.wav,say the word burn,surprise,6
OAF_mode_fear,C:\Users\sande\Desktop\multimodal_emotion_project\dataset\TESS Toronto emotional speech set data\OAF_Fear\OAF_mode_fear.wav,say the word mode,fear,2
OAF_pole_sad,C:\Users\sande\Desktop\multimodal_emotion_project\dataset\TESS Toronto emotional speech set data\OAF_Sad\OAF_pole_sad.wav,say the word pole,sad,5
YAF_base_disgust,C:\Users\sande\Desktop\multimodal_emotion_project\dataset\TESS Toronto emotional speech set data\YAF_disgust\YAF_base_disgust.wav,say the word base,disgust,1
OAF_gap_angry,C:\Users\sande\Desktop\multimodal_emotion_project\dataset\TESS Toronto emotional speech set data\OAF_angry\OAF_gap_angry.wav,say the word gap,angry,0
OAF_hate_ps,C:\Users\sande\Desktop\multimodal_emotion_project\dataset\TESS Toronto emotional speech set data\OAF_Pleasant_surprise\OAF_hate_ps.wav,say the word hate,surprise,6
OAF_rain_ps,C:\Users\sande\Desktop\multimodal_emotion_project\dataset\TESS Toronto emotional speech set data\OAF_Pleasant_surprise\OAF_rain_ps.wav,say the word rain,surprise,6
OAF_far_angry,C:\Users\sande\Desktop\multimodal_emotion_project\dataset\TESS Toronto emotional speech set data\OAF_angry\OAF_far_angry.wav,say the word far,angry,0
YAF_tell_angry,C:\Users\sande\Desktop\multimodal_emotion_project\dataset\TESS Toronto emotional speech set data\YAF_angry\YAF_tell_angry.wav,say the word tell,angry,0
YAF_youth_fear,C:\Users\sande\Desktop\multimodal_emotion_project\dataset\TESS Toronto emotional speech set data\YAF_fear\YAF_youth_fear.wav,say the word youth,fear,2
YAF_moon_ps,C:\Users\sande\Desktop\multimodal_emotion_project\dataset\TESS Toronto emotional speech set data\YAF_pleasant_surprised\YAF_moon_ps.wav,say the word moon,surprise,6
OAF_lean_sad,C:\Users\sande\Desktop\multimodal_emotion_project\dataset\TESS Toronto emotional speech set data\OAF_Sad\OAF_lean_sad.wav,say the word lean,sad,5
YAF_laud_angry,C:\Users\sande\Desktop\multimodal_emotion_project\dataset\TESS Toronto emotional speech set data\YAF_angry\YAF_laud_angry.wav,say the word laud,angry,0
YAF_chain_angry,C:\Users\sande\Desktop\multimodal_emotion_project\dataset\TESS Toronto emotional speech set data\YAF_angry\YAF_chain_angry.wav,say the word chain,angry,0
YAF_hate_happy,C:\Users\sande\Desktop\multimodal_emotion_project\dataset\TESS Toronto emotional speech set data\YAF_happy\YAF_hate_happy.wav,say the word hate,happy,3
YAF_shawl_neutral,C:\Users\sande\Desktop\multimodal_emotion_project\dataset\TESS Toronto emotional speech set data\YAF_neutral\YAF_shawl_neutral.wav,say the word shawl,neutral,4
YAF_pool_neutral,C:\Users\sande\Desktop\multimodal_emotion_project\dataset\TESS Toronto emotional speech set data\YAF_neutral\YAF_pool_neutral.wav,say the word pool,neutral,4
OAF_walk_fear,C:\Users\sande\Desktop\multimodal_emotion_project\dataset\TESS Toronto emotional speech set data\OAF_Fear\OAF_walk_fear.wav,say the word walk,fear,2
OAF_keep_angry,C:\Users\sande\Desktop\multimodal_emotion_project\dataset\TESS Toronto emotional speech set data\OAF_angry\OAF_keep_angry.wav,say the word keep,angry,0
OAF_hush_fear,C:\Users\sande\Desktop\multimodal_emotion_project\dataset\TESS Toronto emotional speech set data\OAF_Fear\OAF_hush_fear.wav,say the word hush,fear,2
YAF_tire_happy,C:\Users\sande\Desktop\multimodal_emotion_project\dataset\TESS Toronto emotional speech set data\YAF_happy\YAF_tire_happy.wav,say the word tire,happy,3
OAF_lose_neutral,C:\Users\sande\Desktop\multimodal_emotion_project\dataset\TESS Toronto emotional speech set data\OAF_neutral\OAF_lose_neutral.wav,say the word lose,neutral,4
OAF_rat_sad,C:\Users\sande\Desktop\multimodal_emotion_project\dataset\TESS Toronto emotional speech set data\OAF_Sad\OAF_rat_sad.wav,say the word rat,sad,5
YAF_dab_angry,C:\Users\sande\Desktop\multimodal_emotion_project\dataset\TESS Toronto emotional speech set data\YAF_angry\YAF_dab_angry.wav,say the word dab,angry,0
OAF_hurl_neutral,C:\Users\sande\Desktop\multimodal_emotion_project\dataset\TESS Toronto emotional speech set data\OAF_neutral\OAF_hurl_neutral.wav,say the word hurl,neutral,4
OAF_half_disgust,C:\Users\sande\Desktop\multimodal_emotion_project\dataset\TESS Toronto emotional speech set data\OAF_disgust\OAF_half_disgust.wav,say the word half,disgust,1
OAF_yearn_fear,C:\Users\sande\Desktop\multimodal_emotion_project\dataset\TESS Toronto emotional speech set data\OAF_Fear\OAF_yearn_fear.wav,say the word yearn,fear,2
YAF_keg_ps,C:\Users\sande\Desktop\multimodal_emotion_project\dataset\TESS Toronto emotional speech set data\YAF_pleasant_surprised\YAF_keg_ps.wav,say the word keg,surprise,6
OAF_dime_happy,C:\Users\sande\Desktop\multimodal_emotion_project\dataset\TESS Toronto emotional speech set data\OAF_happy\OAF_dime_happy.wav,say the word dime,happy,3
OAF_long_ps,C:\Users\sande\Desktop\multimodal_emotion_project\dataset\TESS Toronto emotional speech set data\OAF_Pleasant_surprise\OAF_long_ps.wav,say the word long,surprise,6
YAF_gas_sad,C:\Users\sande\Desktop\multimodal_emotion_project\dataset\TESS Toronto emotional speech set data\YAF_sad\YAF_gas_sad.wav,say the word gas,sad,5
YAF_thumb_neutral,C:\Users\sande\Desktop\multimodal_emotion_project\dataset\TESS Toronto emotional speech set data\YAF_neutral\YAF_thumb_neutral.wav,say the word thumb,neutral,4
YAF_lean_ps,C:\Users\sande\Desktop\multimodal_emotion_project\dataset\TESS Toronto emotional speech set data\YAF_pleasant_surprised\YAF_lean_ps.wav,say the word lean,surprise,6
YAF_cool_neutral,C:\Users\sande\Desktop\multimodal_emotion_project\dataset\TESS Toronto emotional speech set data\YAF_neutral\YAF_cool_neutral.wav,say the word cool,neutral,4
OAF_chalk_ps,C:\Users\sande\Desktop\multimodal_emotion_project\dataset\TESS Toronto emotional speech set data\OAF_Pleasant_surprise\OAF_chalk_ps.wav,say the word chalk,surprise,6
OAF_bought_disgust,C:\Users\sande\Desktop\multimodal_emotion_project\dataset\TESS Toronto emotional speech set data\OAF_disgust\OAF_bought_disgust.wav,say the word bought,disgust,1
YAF_shack_angry,C:\Users\sande\Desktop\multimodal_emotion_project\dataset\TESS Toronto emotional speech set data\YAF_angry\YAF_shack_angry.wav,say the word shack,angry,0
OAF_hush_ps,C:\Users\sande\Desktop\multimodal_emotion_project\dataset\TESS Toronto emotional speech set data\OAF_Pleasant_surprise\OAF_hush_ps.wav,say the word hush,surprise,6
YAF_loaf_neutral,C:\Users\sande\Desktop\multimodal_emotion_project\dataset\TESS Toronto emotional speech set data\YAF_neutral\YAF_loaf_neutral.wav,say the word loaf,neutral,4
OAF_half_sad,C:\Users\sande\Desktop\multimodal_emotion_project\dataset\TESS Toronto emotional speech set data\OAF_Sad\OAF_half_sad.wav,say the word half,sad,5
OAF_met_disgust,C:\Users\sande\Desktop\multimodal_emotion_project\dataset\TESS Toronto emotional speech set data\OAF_disgust\OAF_met_disgust.wav,say the word met,disgust,1
YAF_bought_happy,C:\Users\sande\Desktop\multimodal_emotion_project\dataset\TESS Toronto emotional speech set data\YAF_happy\YAF_bought_happy.wav,say the word bought,happy,3
OAF_tape_fear,C:\Users\sande\Desktop\multimodal_emotion_project\dataset\TESS Toronto emotional speech set data\OAF_Fear\OAF_tape_fear.wav,say the word tape,fear,2
YAF_kick_disgust,C:\Users\sande\Desktop\multimodal_emotion_project\dataset\TESS Toronto emotional speech set data\YAF_disgust\YAF_kick_disgust.wav,say the word kick,disgust,1
YAF_sub_ps,C:\Users\sande\Desktop\multimodal_emotion_project\dataset\TESS Toronto emotional speech set data\YAF_pleasant_surprised\YAF_sub_ps.wav,say the word sub,surprise,6
OAF_fat_neutral,C:\Users\sande\Desktop\multimodal_emotion_project\dataset\TESS Toronto emotional speech set data\OAF_neutral\OAF_fat_neutral.wav,say the word fat,neutral,4
YAF_gun_neutral,C:\Users\sande\Desktop\multimodal_emotion_project\dataset\TESS Toronto emotional speech set data\YAF_neutral\YAF_gun_neutral.wav,say the word gun,neutral,4
YAF_week_disgust,C:\Users\sande\Desktop\multimodal_emotion_project\dataset\TESS Toronto emotional speech set data\YAF_disgust\YAF_week_disgust.wav,say the word week,disgust,1
OAF_choice_fear,C:\Users\sande\Desktop\multimodal_emotion_project\dataset\TESS Toronto emotional speech set data\OAF_Fear\OAF_choice_fear.wav,say the word choice,fear,2
OAF_raise_disgust,C:\Users\sande\Desktop\multimodal_emotion_project\dataset\TESS Toronto emotional speech set data\OAF_disgust\OAF_raise_disgust.wav,say the word raise,disgust,1
OAF_shawl_disgust,C:\Users\sande\Desktop\multimodal_emotion_project\dataset\TESS Toronto emotional speech set data\OAF_disgust\OAF_shawl_disgust.wav,say the word shawl,disgust,1
YAF_lease_angry,C:\Users\sande\Desktop\multimodal_emotion_project\dataset\TESS Toronto emotional speech set data\YAF_angry\YAF_lease_angry.wav,say the word lease,angry,0
YAF_keen_happy,C:\Users\sande\Desktop\multimodal_emotion_project\dataset\TESS Toronto emotional speech set data\YAF_happy\YAF_keen_happy.wav,say the word keen,happy,3
YAF_gin_sad,C:\Users\sande\Desktop\multimodal_emotion_project\dataset\TESS Toronto emotional speech set data\YAF_sad\YAF_gin_sad.wav,say the word gin,sad,5
OAF_join_ps,C:\Users\sande\Desktop\multimodal_emotion_project\dataset\TESS Toronto emotional speech set data\OAF_Pleasant_surprise\OAF_join_ps.wav,say the word join,surprise,6
YAF_fall_angry,C:\Users\sande\Desktop\multimodal_emotion_project\dataset\TESS Toronto emotional speech set data\YAF_angry\YAF_fall_angry.wav,say the word fall,angry,0
YAF_late_angry,C:\Users\sande\Desktop\multimodal_emotion_project\dataset\TESS Toronto emotional speech set data\YAF_angry\YAF_late_angry.wav,say the word late,angry,0
YAF_keg_neutral,C:\Users\sande\Desktop\multimodal_emotion_project\dataset\TESS Toronto emotional speech set data\YAF_neutral\YAF_keg_neutral.wav,say the word keg,neutral,4
YAF_pole_sad,C:\Users\sande\Desktop\multimodal_emotion_project\dataset\TESS Toronto emotional speech set data\YAF_sad\YAF_pole_sad.wav,say the word pole,sad,5
YAF_vine_ps,C:\Users\sande\Desktop\multimodal_emotion_project\dataset\TESS Toronto emotional speech set data\YAF_pleasant_surprised\YAF_vine_ps.wav,say the word vine,surprise,6
YAF_mode_fear,C:\Users\sande\Desktop\multimodal_emotion_project\dataset\TESS Toronto emotional speech set data\YAF_fear\YAF_mode_fear.wav,say the word mode,fear,2
YAF_keep_neutral,C:\Users\sande\Desktop\multimodal_emotion_project\dataset\TESS Toronto emotional speech set data\YAF_neutral\YAF_keep_neutral.wav,say the word keep,neutral,4
YAF_food_sad,C:\Users\sande\Desktop\multimodal_emotion_project\dataset\TESS Toronto emotional speech set data\YAF_sad\YAF_food_sad.wav,say the word food,sad,5
YAF_hush_angry,C:\Users\sande\Desktop\multimodal_emotion_project\dataset\TESS Toronto emotional speech set data\YAF_angry\YAF_hush_angry.wav,say the word hush,angry,0
YAF_haze_disgust,C:\Users\sande\Desktop\multimodal_emotion_project\dataset\TESS Toronto emotional speech set data\YAF_disgust\YAF_haze_disgust.wav,say the word haze,disgust,1
YAF_mood_ps,C:\Users\sande\Desktop\multimodal_emotion_project\dataset\TESS Toronto emotional speech set data\YAF_pleasant_surprised\YAF_mood_ps.wav,say the word mood,surprise,6
YAF_check_angry,C:\Users\sande\Desktop\multimodal_emotion_project\dataset\TESS Toronto emotional speech set data\YAF_angry\YAF_check_angry.wav,say the word check,angry,0
YAF_goose_sad,C:\Users\sande\Desktop\multimodal_emotion_project\dataset\TESS Toronto emotional speech set data\YAF_sad\YAF_goose_sad.wav,say the word goose,sad,5
YAF_back_fear,C:\Users\sande\Desktop\multimodal_emotion_project\dataset\TESS Toronto emotional speech set data\YAF_fear\YAF_back_fear.wav,say the word back,fear,2
YAF_soup_neutral,C:\Users\sande\Desktop\multimodal_emotion_project\dataset\TESS Toronto emotional speech set data\YAF_neutral\YAF_soup_neutral.wav,say the word soup,neutral,4
YAF_soup_disgust,C:\Users\sande\Desktop\multimodal_emotion_project\dataset\TESS Toronto emotional speech set data\YAF_disgust\YAF_soup_disgust.wav,say the word soup,disgust,1
OAF_phone_fear,C:\Users\sande\Desktop\multimodal_emotion_project\dataset\TESS Toronto emotional speech set data\OAF_Fear\OAF_phone_fear.wav,say the word phone,fear,2
YAF_turn_happy,C:\Users\sande\Desktop\multimodal_emotion_project\dataset\TESS Toronto emotional speech set data\YAF_happy\YAF_turn_happy.wav,say the word turn,happy,3
YAF_mop_neutral,C:\Users\sande\Desktop\multimodal_emotion_project\dataset\TESS Toronto emotional speech set data\YAF_neutral\YAF_mop_neutral.wav,say the word mop,neutral,4
OAF_five_angry,C:\Users\sande\Desktop\multimodal_emotion_project\dataset\TESS Toronto emotional speech set data\OAF_angry\OAF_five_angry.wav,say the word five,angry,0
YAF_shout_happy,C:\Users\sande\Desktop\multimodal_emotion_project\dataset\TESS Toronto emotional speech set data\YAF_happy\YAF_shout_happy.wav,say the word shout,happy,3
OAF_walk_sad,C:\Users\sande\Desktop\multimodal_emotion_project\dataset\TESS Toronto emotional speech set data\OAF_Sad\OAF_walk_sad.wav,say the word walk,sad,5
OAF_rot_disgust,C:\Users\sande\Desktop\multimodal_emotion_project\dataset\TESS Toronto emotional speech set data\OAF_disgust\OAF_rot_disgust.wav,say the word rot,disgust,1
YAF_young_fear,C:\Users\sande\Desktop\multimodal_emotion_project\dataset\TESS Toronto emotional speech set data\YAF_fear\YAF_young_fear.wav,say the word young,fear,2
YAF_gin_ps,C:\Users\sande\Desktop\multimodal_emotion_project\dataset\TESS Toronto emotional speech set data\YAF_pleasant_surprised\YAF_gin_ps.wav,say the word gin,surprise,6
OAF_gun_disgust,C:\Users\sande\Desktop\multimodal_emotion_project\dataset\TESS Toronto emotional speech set data\OAF_disgust\OAF_gun_disgust.wav,say the word gun,disgust,1
OAF_voice_ps,C:\Users\sande\Desktop\multimodal_emotion_project\dataset\TESS Toronto emotional speech set data\OAF_Pleasant_surprise\OAF_voice_ps.wav,say the word voice,surprise,6
OAF_long_disgust,C:\Users\sande\Desktop\multimodal_emotion_project\dataset\TESS Toronto emotional speech set data\OAF_disgust\OAF_long_disgust.wav,say the word long,disgust,1
YAF_germ_disgust,C:\Users\sande\Desktop\multimodal_emotion_project\dataset\TESS Toronto emotional speech set data\YAF_disgust\YAF_germ_disgust.wav,say the word germ,disgust,1
OAF_cause_neutral,C:\Users\sande\Desktop\multimodal_emotion_project\dataset\TESS Toronto emotional speech set data\OAF_neutral\OAF_cause_neutral.wav,say the word cause,neutral,4
OAF_youth_neutral,C:\Users\sande\Desktop\multimodal_emotion_project\dataset\TESS Toronto emotional speech set data\OAF_neutral\OAF_youth_neutral.wav,say the word youth,neutral,4
YAF_when_disgust,C:\Users\sande\Desktop\multimodal_emotion_project\dataset\TESS Toronto emotional speech set data\YAF_disgust\YAF_when_disgust.wav,say the word when,disgust,1
OAF_hole_fear,C:\Users\sande\Desktop\multimodal_emotion_project\dataset\TESS Toronto emotional speech set data\OAF_Fear\OAF_hole_fear.wav,say the word hole,fear,2
YAF_rough_disgust,C:\Users\sande\Desktop\multimodal_emotion_project\dataset\TESS Toronto emotional speech set data\YAF_disgust\YAF_rough_disgust.wav,say the word rough,disgust,1
YAF_pad_ps,C:\Users\sande\Desktop\multimodal_emotion_project\dataset\TESS Toronto emotional speech set data\YAF_pleasant_surprised\YAF_pad_ps.wav,say the word pad,surprise,6
OAF_live_happy,C:\Users\sande\Desktop\multimodal_emotion_project\dataset\TESS Toronto emotional speech set data\OAF_happy\OAF_live_happy.wav,say the word live,happy,3
OAF_bone_happy,C:\Users\sande\Desktop\multimodal_emotion_project\dataset\TESS Toronto emotional speech set data\OAF_happy\OAF_bone_happy.wav,say the word bone,happy,3
OAF_food_fear,C:\Users\sande\Desktop\multimodal_emotion_project\dataset\TESS Toronto emotional speech set data\OAF_Fear\OAF_food_fear.wav,say the word food,fear,2
YAF_nag_sad,C:\Users\sande\Desktop\multimodal_emotion_project\dataset\TESS Toronto emotional speech set data\YAF_sad\YAF_nag_sad.wav,say the word nag,sad,5
OAF_luck_ps,C:\Users\sande\Desktop\multimodal_emotion_project\dataset\TESS Toronto emotional speech set data\OAF_Pleasant_surprise\OAF_luck_ps.wav,say the word luck,surprise,6
OAF_gin_happy,C:\Users\sande\Desktop\multimodal_emotion_project\dataset\TESS Toronto emotional speech set data\OAF_happy\OAF_gin_happy.wav,say the word gin,happy,3
OAF_kill_neutral,C:\Users\sande\Desktop\multimodal_emotion_project\dataset\TESS Toronto emotional speech set data\OAF_neutral\OAF_kill_neutral.wav,say the word kill,neutral,4
YAF_fit_happy,C:\Users\sande\Desktop\multimodal_emotion_project\dataset\TESS Toronto emotional speech set data\YAF_happy\YAF_fit_happy.wav,say the word fit,happy,3
YAF_tape_ps,C:\Users\sande\Desktop\multimodal_emotion_project\dataset\TESS Toronto emotional speech set data\YAF_pleasant_surprised\YAF_tape_ps.wav,say the word tape,surprise,6
OAF_dab_angry,C:\Users\sande\Desktop\multimodal_emotion_project\dataset\TESS Toronto emotional speech set data\OAF_angry\OAF_dab_angry.wav,say the word dab,angry,0
YAF_nice_ps,C:\Users\sande\Desktop\multimodal_emotion_project\dataset\TESS Toronto emotional speech set data\YAF_pleasant_surprised\YAF_nice_ps.wav,say the word nice,surprise,6
YAF_chief_angry,C:\Users\sande\Desktop\multimodal_emotion_project\dataset\TESS Toronto emotional speech set data\YAF_angry\YAF_chief_angry.wav,say the word chief,angry,0
OAF_match_disgust,C:\Users\sande\Desktop\multimodal_emotion_project\dataset\TESS Toronto emotional speech set data\OAF_disgust\OAF_match_disgust.wav,say the word match,disgust,1
YAF_mode_neutral,C:\Users\sande\Desktop\multimodal_emotion_project\dataset\TESS Toronto emotional speech set data\YAF_neutral\YAF_mode_neutral.wav,say the word mode,neutral,4
YAF_wash_neutral,C:\Users\sande\Desktop\multimodal_emotion_project\dataset\TESS Toronto emotional speech set data\YAF_neutral\YAF_wash_neutral.wav,say the word wash,neutral,4
OAF_youth_fear,C:\Users\sande\Desktop\multimodal_emotion_project\dataset\TESS Toronto emotional speech set data\OAF_Fear\OAF_youth_fear.wav,say the word youth,fear,2
YAF_join_fear,C:\Users\sande\Desktop\multimodal_emotion_project\dataset\TESS Toronto emotional speech set data\YAF_fear\YAF_join_fear.wav,say the word join,fear,2
YAF_have_fear,C:\Users\sande\Desktop\multimodal_emotion_project\dataset\TESS Toronto emotional speech set data\YAF_fear\YAF_have_fear.wav,say the word have,fear,2
OAF_life_disgust,C:\Users\sande\Desktop\multimodal_emotion_project\dataset\TESS Toronto emotional speech set data\OAF_disgust\OAF_life_disgust.wav,say the word life,disgust,1
OAF_get_happy,C:\Users\sande\Desktop\multimodal_emotion_project\dataset\TESS Toronto emotional speech set data\OAF_happy\OAF_get_happy.wav,say the word get,happy,3
YAF_rat_sad,C:\Users\sande\Desktop\multimodal_emotion_project\dataset\TESS Toronto emotional speech set data\YAF_sad\YAF_rat_sad.wav,say the word rat,sad,5
YAF_make_angry,C:\Users\sande\Desktop\multimodal_emotion_project\dataset\TESS Toronto emotional speech set data\YAF_angry\YAF_make_angry.wav,say the word make,angry,0
OAF_pick_neutral,C:\Users\sande\Desktop\multimodal_emotion_project\dataset\TESS Toronto emotional speech set data\OAF_neutral\OAF_pick_neutral.wav,say the word pick,neutral,4
OAF_size_neutral,C:\Users\sande\Desktop\multimodal_emotion_project\dataset\TESS Toronto emotional speech set data\OAF_neutral\OAF_size_neutral.wav,say the word size,neutral,4
OAF_join_happy,C:\Users\sande\Desktop\multimodal_emotion_project\dataset\TESS Toronto emotional speech set data\OAF_happy\OAF_join_happy.wav,say the word join,happy,3
OAF_note_fear,C:\Users\sande\Desktop\multimodal_emotion_project\dataset\TESS Toronto emotional speech set data\OAF_Fear\OAF_note_fear.wav,say the word note,fear,2
YAF_rough_fear,C:\Users\sande\Desktop\multimodal_emotion_project\dataset\TESS Toronto emotional speech set data\YAF_fear\YAF_rough_fear.wav,say the word rough,fear,2
YAF_germ_neutral,C:\Users\sande\Desktop\multimodal_emotion_project\dataset\TESS Toronto emotional speech set data\YAF_neutral\YAF_germ_neutral.wav,say the word germ,neutral,4
YAF_tire_neutral,C:\Users\sande\Desktop\multimodal_emotion_project\dataset\TESS Toronto emotional speech set data\YAF_neutral\YAF_tire_neutral.wav,say the word tire,neutral,4
YAF_rag_fear,C:\Users\sande\Desktop\multimodal_emotion_project\dataset\TESS Toronto emotional speech set data\YAF_fear\YAF_rag_fear.wav,say the word rag,fear,2
YAF_door_ps,C:\Users\sande\Desktop\multimodal_emotion_project\dataset\TESS Toronto emotional speech set data\YAF_pleasant_surprised\YAF_door_ps.wav,say the word door,surprise,6
YAF_pike_sad,C:\Users\sande\Desktop\multimodal_emotion_project\dataset\TESS Toronto emotional speech set data\YAF_sad\YAF_pike_sad.wav,say the word pike,sad,5
YAF_jar_happy,C:\Users\sande\Desktop\multimodal_emotion_project\dataset\TESS Toronto emotional speech set data\YAF_happy\YAF_jar_happy.wav,say the word jar,happy,3
OAF_thumb_disgust,C:\Users\sande\Desktop\multimodal_emotion_project\dataset\TESS Toronto emotional speech set data\OAF_disgust\OAF_thumb_disgust.wav,say the word thumb,disgust,1
OAF_doll_sad,C:\Users\sande\Desktop\multimodal_emotion_project\dataset\TESS Toronto emotional speech set data\OAF_Sad\OAF_doll_sad.wav,say the word doll,sad,5
YAF_room_ps,C:\Users\sande\Desktop\multimodal_emotion_project\dataset\TESS Toronto emotional speech set data\YAF_pleasant_surprised\YAF_room_ps.wav,say the word room,surprise,6
OAF_dip_disgust,C:\Users\sande\Desktop\multimodal_emotion_project\dataset\TESS Toronto emotional speech set data\OAF_disgust\OAF_dip_disgust.wav,say the word dip,disgust,1
YAF_ripe_sad,C:\Users\sande\Desktop\multimodal_emotion_project\dataset\TESS Toronto emotional speech set data\YAF_sad\YAF_ripe_sad.wav,say the word ripe,sad,5
YAF_lean_disgust,C:\Users\sande\Desktop\multimodal_emotion_project\dataset\TESS Toronto emotional speech set data\YAF_disgust\YAF_lean_disgust.wav,say the word lean,disgust,1
YAF_size_sad,C:\Users\sande\Desktop\multimodal_emotion_project\dataset\TESS Toronto emotional speech set data\YAF_sad\YAF_size_sad.wav,say the word size,sad,5
YAF_gas_neutral,C:\Users\sande\Desktop\multimodal_emotion_project\dataset\TESS Toronto emotional speech set data\YAF_neutral\YAF_gas_neutral.wav,say the word gas,neutral,4
OAF_chat_angry,C:\Users\sande\Desktop\multimodal_emotion_project\dataset\TESS Toronto emotional speech set data\OAF_angry\OAF_chat_angry.wav,say the word chat,angry,0
OAF_rose_ps,C:\Users\sande\Desktop\multimodal_emotion_project\dataset\TESS Toronto emotional speech set data\OAF_Pleasant_surprise\OAF_rose_ps.wav,say the word rose,surprise,6
YAF_haze_neutral,C:\Users\sande\Desktop\multimodal_emotion_project\dataset\TESS Toronto emotional speech set data\YAF_neutral\YAF_haze_neutral.wav,say the word haze,neutral,4
OAF_reach_ps,C:\Users\sande\Desktop\multimodal_emotion_project\dataset\TESS Toronto emotional speech set data\OAF_Pleasant_surprise\OAF_reach_ps.wav,say the word reach,surprise,6
OAF_sheep_angry,C:\Users\sande\Desktop\multimodal_emotion_project\dataset\TESS Toronto emotional speech set data\OAF_angry\OAF_sheep_angry.wav,say the word sheep,angry,0
OAF_rose_happy,C:\Users\sande\Desktop\multimodal_emotion_project\dataset\TESS Toronto emotional speech set data\OAF_happy\OAF_rose_happy.wav,say the word rose,happy,3
YAF_love_angry,C:\Users\sande\Desktop\multimodal_emotion_project\dataset\TESS Toronto emotional speech set data\YAF_angry\YAF_love_angry.wav,say the word love,angry,0
OAF_cheek_neutral,C:\Users\sande\Desktop\multimodal_emotion_project\dataset\TESS Toronto emotional speech set data\OAF_neutral\OAF_cheek_neutral.wav,say the word cheek,neutral,4
YAF_merge_neutral,C:\Users\sande\Desktop\multimodal_emotion_project\dataset\TESS Toronto emotional speech set data\YAF_neutral\YAF_merge_neutral.wav,say the word merge,neutral,4
YAF_road_happy,C:\Users\sande\Desktop\multimodal_emotion_project\dataset\TESS Toronto emotional speech set data\YAF_happy\YAF_road_happy.wav,say the word road,happy,3
YAF_fall_neutral,C:\Users\sande\Desktop\multimodal_emotion_project\dataset\TESS Toronto emotional speech set data\YAF_neutral\YAF_fall_neutral.wav,say the word fall,neutral,4
OAF_thought_neutral,C:\Users\sande\Desktop\multimodal_emotion_project\dataset\TESS Toronto emotional speech set data\OAF_neutral\OAF_thought_neutral.wav,say the word thought,neutral,4
OAF_said_angry,C:\Users\sande\Desktop\multimodal_emotion_project\dataset\TESS Toronto emotional speech set data\OAF_angry\OAF_said_angry.wav,say the word said,angry,0
YAF_lose_neutral,C:\Users\sande\Desktop\multimodal_emotion_project\dataset\TESS Toronto emotional speech set data\YAF_neutral\YAF_lose_neutral.wav,say the word lose,neutral,4
OAF_far_sad,C:\Users\sande\Desktop\multimodal_emotion_project\dataset\TESS Toronto emotional speech set data\OAF_Sad\OAF_far_sad.wav,say the word far,sad,5
YAF_burn_disgust,C:\Users\sande\Desktop\multimodal_emotion_project\dataset\TESS Toronto emotional speech set data\YAF_disgust\YAF_burn_disgust.wav,say the word burn,disgust,1
YAF_yearn_sad,C:\Users\sande\Desktop\multimodal_emotion_project\dataset\TESS Toronto emotional speech set data\YAF_sad\YAF_yearn_sad.wav,say the word yearn,sad,5
OAF_dog_sad,C:\Users\sande\Desktop\multimodal_emotion_project\dataset\TESS Toronto emotional speech set data\OAF_Sad\OAF_dog_sad.wav,say the word dog,sad,5
YAF_home_neutral,C:\Users\sande\Desktop\multimodal_emotion_project\dataset\TESS Toronto emotional speech set data\YAF_neutral\YAF_home_neutral.wav,say the word home,neutral,4
YAF_pearl_happy,C:\Users\sande\Desktop\multimodal_emotion_project\dataset\TESS Toronto emotional speech set data\YAF_happy\YAF_pearl_happy.wav,say the word pearl,happy,3
YAF_deep_sad,C:\Users\sande\Desktop\multimodal_emotion_project\dataset\TESS Toronto emotional speech set data\YAF_sad\YAF_deep_sad.wav,say the word deep,sad,5
OAF_witch_fear,C:\Users\sande\Desktop\multimodal_emotion_project\dataset\TESS Toronto emotional speech set data\OAF_Fear\OAF_witch_fear.wav,say the word witch,fear,2
YAF_rush_ps,C:\Users\sande\Desktop\multimodal_emotion_project\dataset\TESS Toronto emotional speech set data\YAF_pleasant_surprised\YAF_rush_ps.wav,say the word rush,surprise,6
YAF_whip_fear,C:\Users\sande\Desktop\multimodal_emotion_project\dataset\TESS Toronto emotional speech set data\YAF_fear\YAF_whip_fear.wav,say the word whip,fear,2
YAF_gin_neutral,C:\Users\sande\Desktop\multimodal_emotion_project\dataset\TESS Toronto emotional speech set data\YAF_neutral\YAF_gin_neutral.wav,say the word gin,neutral,4
OAF_yes_fear,C:\Users\sande\Desktop\multimodal_emotion_project\dataset\TESS Toronto emotional speech set data\OAF_Fear\OAF_yes_fear.wav,say the word yes,fear,2
YAF_tool_happy,C:\Users\sande\Desktop\multimodal_emotion_project\dataset\TESS Toronto emotional speech set data\YAF_happy\YAF_tool_happy.wav,say the word tool,happy,3
YAF_far_ps,C:\Users\sande\Desktop\multimodal_emotion_project\dataset\TESS Toronto emotional speech set data\YAF_pleasant_surprised\YAF_far_ps.wav,say the word far,surprise,6
YAF_have_neutral,C:\Users\sande\Desktop\multimodal_emotion_project\dataset\TESS Toronto emotional speech set data\YAF_neutral\YAF_have_neutral.wav,say the word have,neutral,4
OAF_reach_fear,C:\Users\sande\Desktop\multimodal_emotion_project\dataset\TESS Toronto emotional speech set data\OAF_Fear\OAF_reach_fear.wav,say the word reach,fear,2
YAF_numb_happy,C:\Users\sande\Desktop\multimodal_emotion_project\dataset\TESS Toronto emotional speech set data\YAF_happy\YAF_numb_happy.wav,say the word numb,happy,3
YAF_limb_angry,C:\Users\sande\Desktop\multimodal_emotion_project\dataset\TESS Toronto emotional speech set data\YAF_angry\YAF_limb_angry.wav,say the word limb,angry,0
YAF_perch_fear,C:\Users\sande\Desktop\multimodal_emotion_project\dataset\TESS Toronto emotional speech set data\YAF_fear\YAF_perch_fear.wav,say the word perch,fear,2
OAF_germ_angry,C:\Users\sande\Desktop\multimodal_emotion_project\dataset\TESS Toronto emotional speech set data\OAF_angry\OAF_germ_angry.wav,say the word germ,angry,0
OAF_juice_ps,C:\Users\sande\Desktop\multimodal_emotion_project\dataset\TESS Toronto emotional speech set data\OAF_Pleasant_surprise\OAF_juice_ps.wav,say the word juice,surprise,6
OAF_knock_fear,C:\Users\sande\Desktop\multimodal_emotion_project\dataset\TESS Toronto emotional speech set data\OAF_Fear\OAF_knock_fear.wav,say the word knock,fear,2
YAF_shirt_disgust,C:\Users\sande\Desktop\multimodal_emotion_project\dataset\TESS Toronto emotional speech set data\YAF_disgust\YAF_shirt_disgust.wav,say the word shirt,disgust,1
OAF_fall_neutral,C:\Users\sande\Desktop\multimodal_emotion_project\dataset\TESS Toronto emotional speech set data\OAF_neutral\OAF_fall_neutral.wav,say the word fall,neutral,4
OAF_chain_sad,C:\Users\sande\Desktop\multimodal_emotion_project\dataset\TESS Toronto emotional speech set data\OAF_Sad\OAF_chain_sad.wav,say the word chain,sad,5
OAF_live_fear,C:\Users\sande\Desktop\multimodal_emotion_project\dataset\TESS Toronto emotional speech set data\OAF_Fear\OAF_live_fear.wav,say the word live,fear,2
OAF_wire_angry,C:\Users\sande\Desktop\multimodal_emotion_project\dataset\TESS Toronto emotional speech set data\OAF_angry\OAF_wire_angry.wav,say the word wire,angry,0
OAF_ring_angry,C:\Users\sande\Desktop\multimodal_emotion_project\dataset\TESS Toronto emotional speech set data\OAF_angry\OAF_ring_angry.wav,say the word ring,angry,0
YAF_cab_happy,C:\Users\sande\Desktop\multimodal_emotion_project\dataset\TESS Toronto emotional speech set data\YAF_happy\YAF_cab_happy.wav,say the word cab,happy,3
OAF_voice_angry,C:\Users\sande\Desktop\multimodal_emotion_project\dataset\TESS Toronto emotional speech set data\OAF_angry\OAF_voice_angry.wav,say the word voice,angry,0
OAF_sail_neutral,C:\Users\sande\Desktop\multimodal_emotion_project\dataset\TESS Toronto emotional speech set data\OAF_neutral\OAF_sail_neutral.wav,say the word sail,neutral,4
YAF_limb_neutral,C:\Users\sande\Desktop\multimodal_emotion_project\dataset\TESS Toronto emotional speech set data\YAF_neutral\YAF_limb_neutral.wav,say the word limb,neutral,4
YAF_lease_ps,C:\Users\sande\Desktop\multimodal_emotion_project\dataset\TESS Toronto emotional speech set data\YAF_pleasant_surprised\YAF_lease_ps.wav,say the word lease,surprise,6
YAF_dip_neutral,C:\Users\sande\Desktop\multimodal_emotion_project\dataset\TESS Toronto emotional speech set data\YAF_neutral\YAF_dip_neutral.wav,say the word dip,neutral,4
OAF_young_fear,C:\Users\sande\Desktop\multimodal_emotion_project\dataset\TESS Toronto emotional speech set data\OAF_Fear\OAF_young_fear.wav,say the word young,fear,2
OAF_laud_disgust,C:\Users\sande\Desktop\multimodal_emotion_project\dataset\TESS Toronto emotional speech set data\OAF_disgust\OAF_laud_disgust.wav,say the word laud,disgust,1
OAF_met_fear,C:\Users\sande\Desktop\multimodal_emotion_project\dataset\TESS Toronto emotional speech set data\OAF_Fear\OAF_met_fear.wav,say the word met,fear,2
YAF_goal_fear,C:\Users\sande\Desktop\multimodal_emotion_project\dataset\TESS Toronto emotional speech set data\YAF_fear\YAF_goal_fear.wav,say the word goal,fear,2
OAF_sour_happy,C:\Users\sande\Desktop\multimodal_emotion_project\dataset\TESS Toronto emotional speech set data\OAF_happy\OAF_sour_happy.wav,say the word sour,happy,3
OAF_road_disgust,C:\Users\sande\Desktop\multimodal_emotion_project\dataset\TESS Toronto emotional speech set data\OAF_disgust\OAF_road_disgust.wav,say the word road,disgust,1
OAF_love_sad,C:\Users\sande\Desktop\multimodal_emotion_project\dataset\TESS Toronto emotional speech set data\OAF_Sad\OAF_love_sad.wav,say the word love,sad,5
OAF_sure_happy,C:\Users\sande\Desktop\multimodal_emotion_project\dataset\TESS Toronto emotional speech set data\OAF_happy\OAF_sure_happy.wav,say the word sure,happy,3
YAF_dab_fear,C:\Users\sande\Desktop\multimodal_emotion_project\dataset\TESS Toronto emotional speech set data\YAF_fear\YAF_dab_fear.wav,say the word dab,fear,2
YAF_king_ps,C:\Users\sande\Desktop\multimodal_emotion_project\dataset\TESS Toronto emotional speech set data\YAF_pleasant_surprised\YAF_king_ps.wav,say the word king,surprise,6
OAF_gas_sad,C:\Users\sande\Desktop\multimodal_emotion_project\dataset\TESS Toronto emotional speech set data\OAF_Sad\OAF_gas_sad.wav,say the word gas,sad,5
OAF_chair_fear,C:\Users\sande\Desktop\multimodal_emotion_project\dataset\TESS Toronto emotional speech set data\OAF_Fear\OAF_chair_fear.wav,say the word chair,fear,2
OAF_sheep_neutral,C:\Users\sande\Desktop\multimodal_emotion_project\dataset\TESS Toronto emotional speech set data\OAF_neutral\OAF_sheep_neutral.wav,say the word sheep,neutral,4
OAF_shout_angry,C:\Users\sande\Desktop\multimodal_emotion_project\dataset\TESS Toronto emotional speech set data\OAF_angry\OAF_shout_angry.wav,say the word shout,angry,0
YAF_phone_disgust,C:\Users\sande\Desktop\multimodal_emotion_project\dataset\TESS Toronto emotional speech set data\YAF_disgust\YAF_phone_disgust.wav,say the word phone,disgust,1
YAF_chief_sad,C:\Users\sande\Desktop\multimodal_emotion_project\dataset\TESS Toronto emotional speech set data\YAF_sad\YAF_chief_sad.wav,say the word chief,sad,5
YAF_dime_neutral,C:\Users\sande\Desktop\multimodal_emotion_project\dataset\TESS Toronto emotional speech set data\YAF_neutral\YAF_dime_neutral.wav,say the word dime,neutral,4
YAF_search_fear,C:\Users\sande\Desktop\multimodal_emotion_project\dataset\TESS Toronto emotional speech set data\YAF_fear\YAF_search_fear.wav,say the word search,fear,2
OAF_reach_angry,C:\Users\sande\Desktop\multimodal_emotion_project\dataset\TESS Toronto emotional speech set data\OAF_angry\OAF_reach_angry.wav,say the word reach,angry,0
OAF_life_neutral,C:\Users\sande\Desktop\multimodal_emotion_project\dataset\TESS Toronto emotional speech set data\OAF_neutral\OAF_life_neutral.wav,say the word life,neutral,4
OAF_dead_ps,C:\Users\sande\Desktop\multimodal_emotion_project\dataset\TESS Toronto emotional speech set data\OAF_Pleasant_surprise\OAF_dead_ps.wav,say the word dead,surprise,6
OAF_wash_sad,C:\Users\sande\Desktop\multimodal_emotion_project\dataset\TESS Toronto emotional speech set data\OAF_Sad\OAF_wash_sad.wav,say the word wash,sad,5
YAF_shout_ps,C:\Users\sande\Desktop\multimodal_emotion_project\dataset\TESS Toronto emotional speech set data\YAF_pleasant_surprised\YAF_shout_ps.wav,say the word shout,surprise,6
OAF_yearn_sad,C:\Users\sande\Desktop\multimodal_emotion_project\dataset\TESS Toronto emotional speech set data\OAF_Sad\OAF_yearn_sad.wav,say the word yearn,sad,5
OAF_rag_fear,C:\Users\sande\Desktop\multimodal_emotion_project\dataset\TESS Toronto emotional speech set data\OAF_Fear\OAF_rag_fear.wav,say the word rag,fear,2
YAF_dodge_ps,C:\Users\sande\Desktop\multimodal_emotion_project\dataset\TESS Toronto emotional speech set data\YAF_pleasant_surprised\YAF_dodge_ps.wav,say the word dodge,surprise,6
YAF_chalk_sad,C:\Users\sande\Desktop\multimodal_emotion_project\dataset\TESS Toronto emotional speech set data\YAF_sad\YAF_chalk_sad.wav,say the word chalk,sad,5
OAF_dog_fear,C:\Users\sande\Desktop\multimodal_emotion_project\dataset\TESS Toronto emotional speech set data\OAF_Fear\OAF_dog_fear.wav,say the word dog,fear,2
OAF_bar_ps,C:\Users\sande\Desktop\multimodal_emotion_project\dataset\TESS Toronto emotional speech set data\OAF_Pleasant_surprise\OAF_bar_ps.wav,say the word bar,surprise,6
YAF_peg_angry,C:\Users\sande\Desktop\multimodal_emotion_project\dataset\TESS Toronto emotional speech set data\YAF_angry\YAF_peg_angry.wav,say the word peg,angry,0
YAF_ripe_happy,C:\Users\sande\Desktop\multimodal_emotion_project\dataset\TESS Toronto emotional speech set data\YAF_happy\YAF_ripe_happy.wav,say the word ripe,happy,3
OAF_learn_happy,C:\Users\sande\Desktop\multimodal_emotion_project\dataset\TESS Toronto emotional speech set data\OAF_happy\OAF_learn_happy.wav,say the word learn,happy,3
YAF_bone_fear,C:\Users\sande\Desktop\multimodal_emotion_project\dataset\TESS Toronto emotional speech set data\YAF_fear\YAF_bone_fear.wav,say the word bone,fear,2
YAF_knock_angry,C:\Users\sande\Desktop\multimodal_emotion_project\dataset\TESS Toronto emotional speech set data\YAF_angry\YAF_knock_angry.wav,say the word knock,angry,0
YAF_pike_happy,C:\Users\sande\Desktop\multimodal_emotion_project\dataset\TESS Toronto emotional speech set data\YAF_happy\YAF_pike_happy.wav,say the word pike,happy,3
YAF_gin_happy,C:\Users\sande\Desktop\multimodal_emotion_project\dataset\TESS Toronto emotional speech set data\YAF_happy\YAF_gin_happy.wav,say the word gin,happy,3
OAF_thin_sad,C:\Users\sande\Desktop\multimodal_emotion_project\dataset\TESS Toronto emotional speech set data\OAF_Sad\OAF_thin_sad.wav,say the word thin,sad,5
OAF_fat_ps,C:\Users\sande\Desktop\multimodal_emotion_project\dataset\TESS Toronto emotional speech set data\OAF_Pleasant_surprise\OAF_fat_ps.wav,say the word fat,surprise,6
OAF_lot_ps,C:\Users\sande\Desktop\multimodal_emotion_project\dataset\TESS Toronto emotional speech set data\OAF_Pleasant_surprise\OAF_lot_ps.wav,say the word lot,surprise,6
OAF_bite_sad,C:\Users\sande\Desktop\multimodal_emotion_project\dataset\TESS Toronto emotional speech set data\OAF_Sad\OAF_bite_sad.wav,say the word bite,sad,5
YAF_back_happy,C:\Users\sande\Desktop\multimodal_emotion_project\dataset\TESS Toronto emotional speech set data\YAF_happy\YAF_back_happy.wav,say the word back,happy,3
YAF_should_happy,C:\Users\sande\Desktop\multimodal_emotion_project\dataset\TESS Toronto emotional speech set data\YAF_happy\YAF_should_happy.wav,say the word should,happy,3
OAF_death_fear,C:\Users\sande\Desktop\multimodal_emotion_project\dataset\TESS Toronto emotional speech set data\OAF_Fear\OAF_death_fear.wav,say the word death,fear,2
YAF_mess_happy,C:\Users\sande\Desktop\multimodal_emotion_project\dataset\TESS Toronto emotional speech set data\YAF_happy\YAF_mess_happy.wav,say the word mess,happy,3
OAF_ripe_disgust,C:\Users\sande\Desktop\multimodal_emotion_project\dataset\TESS Toronto emotional speech set data\OAF_disgust\OAF_ripe_disgust.wav,say the word ripe,disgust,1
OAF_chain_happy,C:\Users\sande\Desktop\multimodal_emotion_project\dataset\TESS Toronto emotional speech set data\OAF_happy\OAF_chain_happy.wav,say the word chain,happy,3
YAF_shirt_sad,C:\Users\sande\Desktop\multimodal_emotion_project\dataset\TESS Toronto emotional speech set data\YAF_sad\YAF_shirt_sad.wav,say the word shirt,sad,5
OAF_pass_fear,C:\Users\sande\Desktop\multimodal_emotion_project\dataset\TESS Toronto emotional speech set data\OAF_Fear\OAF_pass_fear.wav,say the word pass,fear,2
YAF_kite_fear,C:\Users\sande\Desktop\multimodal_emotion_project\dataset\TESS Toronto emotional speech set data\YAF_fear\YAF_kite_fear.wav,say the word kite,fear,2
YAF_wife_happy,C:\Users\sande\Desktop\multimodal_emotion_project\dataset\TESS Toronto emotional speech set data\YAF_happy\YAF_wife_happy.wav,say the word wife,happy,3
OAF_note_ps,C:\Users\sande\Desktop\multimodal_emotion_project\dataset\TESS Toronto emotional speech set data\OAF_Pleasant_surprise\OAF_note_ps.wav,say the word note,surprise,6
YAF_hall_neutral,C:\Users\sande\Desktop\multimodal_emotion_project\dataset\TESS Toronto emotional speech set data\YAF_neutral\YAF_hall_neutral.wav,say the word hall,neutral,4
YAF_book_ps,C:\Users\sande\Desktop\multimodal_emotion_project\dataset\TESS Toronto emotional speech set data\YAF_pleasant_surprised\YAF_book_ps.wav,say the word book,surprise,6
YAF_door_fear,C:\Users\sande\Desktop\multimodal_emotion_project\dataset\TESS Toronto emotional speech set data\YAF_fear\YAF_door_fear.wav,say the word door,fear,2
OAF_long_sad,C:\Users\sande\Desktop\multimodal_emotion_project\dataset\TESS Toronto emotional speech set data\OAF_Sad\OAF_long_sad.wav,say the word long,sad,5
YAF_ring_neutral,C:\Users\sande\Desktop\multimodal_emotion_project\dataset\TESS Toronto emotional speech set data\YAF_neutral\YAF_ring_neutral.wav,say the word ring,neutral,4
OAF_death_sad,C:\Users\sande\Desktop\multimodal_emotion_project\dataset\TESS Toronto emotional speech set data\OAF_Sad\OAF_death_sad.wav,say the word death,sad,5
OAF_tell_fear,C:\Users\sande\Desktop\multimodal_emotion_project\dataset\TESS Toronto emotional speech set data\OAF_Fear\OAF_tell_fear.wav,say the word tell,fear,2
OAF_time_sad,C:\Users\sande\Desktop\multimodal_emotion_project\dataset\TESS Toronto emotional speech set data\OAF_Sad\OAF_time_sad.wav,say the word time,sad,5
YAF_choice_disgust,C:\Users\sande\Desktop\multimodal_emotion_project\dataset\TESS Toronto emotional speech set data\YAF_disgust\YAF_choice_disgust.wav,say the word choice,disgust,1
YAF_sure_neutral,C:\Users\sande\Desktop\multimodal_emotion_project\dataset\TESS Toronto emotional speech set data\YAF_neutral\YAF_sure_neutral.wav,say the word sure,neutral,4
OAF_book_angry,C:\Users\sande\Desktop\multimodal_emotion_project\dataset\TESS Toronto emotional speech set data\OAF_angry\OAF_book_angry.wav,say the word book,angry,0
OAF_page_happy,C:\Users\sande\Desktop\multimodal_emotion_project\dataset\TESS Toronto emotional speech set data\OAF_happy\OAF_page_happy.wav,say the word page,happy,3
OAF_date_angry,C:\Users\sande\Desktop\multimodal_emotion_project\dataset\TESS Toronto emotional speech set data\OAF_angry\OAF_date_angry.wav,say the word date,angry,0
YAF_match_angry,C:\Users\sande\Desktop\multimodal_emotion_project\dataset\TESS Toronto emotional speech set data\YAF_angry\YAF_match_angry.wav,say the word match,angry,0
YAF_mouse_neutral,C:\Users\sande\Desktop\multimodal_emotion_project\dataset\TESS Toronto emotional speech set data\YAF_neutral\YAF_mouse_neutral.wav,say the word mouse,neutral,4
YAF_have_disgust,C:\Users\sande\Desktop\multimodal_emotion_project\dataset\TESS Toronto emotional speech set data\YAF_disgust\YAF_have_disgust.wav,say the word have,disgust,1
OAF_peg_sad,C:\Users\sande\Desktop\multimodal_emotion_project\dataset\TESS Toronto emotional speech set data\OAF_Sad\OAF_peg_sad.wav,say the word peg,sad,5
YAF_shawl_disgust,C:\Users\sande\Desktop\multimodal_emotion_project\dataset\TESS Toronto emotional speech set data\YAF_disgust\YAF_shawl_disgust.wav,say the word shawl,disgust,1
OAF_ripe_fear,C:\Users\sande\Desktop\multimodal_emotion_project\dataset\TESS Toronto emotional speech set data\OAF_Fear\OAF_ripe_fear.wav,say the word ripe,fear,2
YAF_ton_angry,C:\Users\sande\Desktop\multimodal_emotion_project\dataset\TESS Toronto emotional speech set data\YAF_angry\YAF_ton_angry.wav,say the word ton,angry,0
YAF_tire_sad,C:\Users\sande\Desktop\multimodal_emotion_project\dataset\TESS Toronto emotional speech set data\YAF_sad\YAF_tire_sad.wav,say the word tire,sad,5
YAF_chat_neutral,C:\Users\sande\Desktop\multimodal_emotion_project\dataset\TESS Toronto emotional speech set data\YAF_neutral\YAF_chat_neutral.wav,say the word chat,neutral,4
YAF_knock_ps,C:\Users\sande\Desktop\multimodal_emotion_project\dataset\TESS Toronto emotional speech set data\YAF_pleasant_surprised\YAF_knock_ps.wav,say the word knock,surprise,6
OAF_room_fear,C:\Users\sande\Desktop\multimodal_emotion_project\dataset\TESS Toronto emotional speech set data\OAF_Fear\OAF_room_fear.wav,say the word room,fear,2
OAF_numb_sad,C:\Users\sande\Desktop\multimodal_emotion_project\dataset\TESS Toronto emotional speech set data\OAF_Sad\OAF_numb_sad.wav,say the word numb,sad,5
YAF_thin_fear,C:\Users\sande\Desktop\multimodal_emotion_project\dataset\TESS Toronto emotional speech set data\YAF_fear\YAF_thin_fear.wav,say the word thin,fear,2
OAF_juice_disgust,C:\Users\sande\Desktop\multimodal_emotion_project\dataset\TESS Toronto emotional speech set data\OAF_disgust\OAF_juice_disgust.wav,say the word juice,disgust,1
OAF_keep_ps,C:\Users\sande\Desktop\multimodal_emotion_project\dataset\TESS Toronto emotional speech set data\OAF_Pleasant_surprise\OAF_keep_ps.wav,say the word keep,surprise,6
YAF_tough_angry,C:\Users\sande\Desktop\multimodal_emotion_project\dataset\TESS Toronto emotional speech set data\YAF_angry\YAF_tough_angry.wav,say the word tough,angry,0
YAF_date_angry,C:\Users\sande\Desktop\multimodal_emotion_project\dataset\TESS Toronto emotional speech set data\YAF_angry\YAF_date_angry.wav,say the word date,angry,0
OAF_void_sad,C:\Users\sande\Desktop\multimodal_emotion_project\dataset\TESS Toronto emotional speech set data\OAF_Sad\OAF_void_sad.wav,say the word void,sad,5
YAF_bean_neutral,C:\Users\sande\Desktop\multimodal_emotion_project\dataset\TESS Toronto emotional speech set data\YAF_neutral\YAF_bean_neutral.wav,say the word bean,neutral,4
OAF_bar_sad,C:\Users\sande\Desktop\multimodal_emotion_project\dataset\TESS Toronto emotional speech set data\OAF_Sad\OAF_bar_sad.wav,say the word bar,sad,5
YAF_sure_happy,C:\Users\sande\Desktop\multimodal_emotion_project\dataset\TESS Toronto emotional speech set data\YAF_happy\YAF_sure_happy.wav,say the word sure,happy,3
YAF_juice_ps,C:\Users\sande\Desktop\multimodal_emotion_project\dataset\TESS Toronto emotional speech set data\YAF_pleasant_surprised\YAF_juice_ps.wav,say the word juice,surprise,6
YAF_get_angry,C:\Users\sande\Desktop\multimodal_emotion_project\dataset\TESS Toronto emotional speech set data\YAF_angry\YAF_get_angry.wav,say the word get,angry,0
YAF_far_disgust,C:\Users\sande\Desktop\multimodal_emotion_project\dataset\TESS Toronto emotional speech set data\YAF_disgust\YAF_far_disgust.wav,say the word far,disgust,1
OAF_sour_angry,C:\Users\sande\Desktop\multimodal_emotion_project\dataset\TESS Toronto emotional speech set data\OAF_angry\OAF_sour_angry.wav,say the word sour,angry,0
YAF_late_ps,C:\Users\sande\Desktop\multimodal_emotion_project\dataset\TESS Toronto emotional speech set data\YAF_pleasant_surprised\YAF_late_ps.wav,say the word late,surprise,6
OAF_back_ps,C:\Users\sande\Desktop\multimodal_emotion_project\dataset\TESS Toronto emotional speech set data\OAF_Pleasant_surprise\OAF_back_ps.wav,say the word back,surprise,6
OAF_beg_neutral,C:\Users\sande\Desktop\multimodal_emotion_project\dataset\TESS Toronto emotional speech set data\OAF_neutral\OAF_beg_neutral.wav,say the word beg,neutral,4
YAF_void_sad,C:\Users\sande\Desktop\multimodal_emotion_project\dataset\TESS Toronto emotional speech set data\YAF_sad\YAF_void_sad.wav,say the word void,sad,5
OAF_lease_angry,C:\Users\sande\Desktop\multimodal_emotion_project\dataset\TESS Toronto emotional speech set data\OAF_angry\OAF_lease_angry.wav,say the word lease,angry,0
OAF_germ_happy,C:\Users\sande\Desktop\multimodal_emotion_project\dataset\TESS Toronto emotional speech set data\OAF_happy\OAF_germ_happy.wav,say the word germ,happy,3
YAF_rough_ps,C:\Users\sande\Desktop\multimodal_emotion_project\dataset\TESS Toronto emotional speech set data\YAF_pleasant_surprised\YAF_rough_ps.wav,say the word rough,surprise,6
YAF_shout_fear,C:\Users\sande\Desktop\multimodal_emotion_project\dataset\TESS Toronto emotional speech set data\YAF_fear\YAF_shout_fear.wav,say the word shout,fear,2
OAF_jug_fear,C:\Users\sande\Desktop\multimodal_emotion_project\dataset\TESS Toronto emotional speech set data\OAF_Fear\OAF_jug_fear.wav,say the word jug,fear,2
YAF_get_ps,C:\Users\sande\Desktop\multimodal_emotion_project\dataset\TESS Toronto emotional speech set data\YAF_pleasant_surprised\YAF_get_ps.wav,say the word get,surprise,6
YAF_lid_neutral,C:\Users\sande\Desktop\multimodal_emotion_project\dataset\TESS Toronto emotional speech set data\YAF_neutral\YAF_lid_neutral.wav,say the word lid,neutral,4
OAF_fit_disgust,C:\Users\sande\Desktop\multimodal_emotion_project\dataset\TESS Toronto emotional speech set data\OAF_disgust\OAF_fit_disgust.wav,say the word fit,disgust,1
YAF_pad_disgust,C:\Users\sande\Desktop\multimodal_emotion_project\dataset\TESS Toronto emotional speech set data\YAF_disgust\YAF_pad_disgust.wav,say the word pad,disgust,1
OAF_lean_disgust,C:\Users\sande\Desktop\multimodal_emotion_project\dataset\TESS Toronto emotional speech set data\OAF_disgust\OAF_lean_disgust.wav,say the word lean,disgust,1
YAF_bar_fear,C:\Users\sande\Desktop\multimodal_emotion_project\dataset\TESS Toronto emotional speech set data\YAF_fear\YAF_bar_fear.wav,say the word bar,fear,2
OAF_gas_happy,C:\Users\sande\Desktop\multimodal_emotion_project\dataset\TESS Toronto emotional speech set data\OAF_happy\OAF_gas_happy.wav,say the word gas,happy,3
OAF_tell_happy,C:\Users\sande\Desktop\multimodal_emotion_project\dataset\TESS Toronto emotional speech set data\OAF_happy\OAF_tell_happy.wav,say the word tell,happy,3
YAF_perch_angry,C:\Users\sande\Desktop\multimodal_emotion_project\dataset\TESS Toronto emotional speech set data\YAF_angry\YAF_perch_angry.wav,say the word perch,angry,0
OAF_rain_fear,C:\Users\sande\Desktop\multimodal_emotion_project\dataset\TESS Toronto emotional speech set data\OAF_Fear\OAF_rain_fear.wav,say the word rain,fear,2
OAF_hash_fear,C:\Users\sande\Desktop\multimodal_emotion_project\dataset\TESS Toronto emotional speech set data\OAF_Fear\OAF_hash_fear.wav,say the word hash,fear,2
YAF_white_happy,C:\Users\sande\Desktop\multimodal_emotion_project\dataset\TESS Toronto emotional speech set data\YAF_happy\YAF_white_happy.wav,say the word white,happy,3
OAF_keep_disgust,C:\Users\sande\Desktop\multimodal_emotion_project\dataset\TESS Toronto emotional speech set data\OAF_disgust\OAF_keep_disgust.wav,say the word keep,disgust,1
OAF_size_angry,C:\Users\sande\Desktop\multimodal_emotion_project\dataset\TESS Toronto emotional speech set data\OAF_angry\OAF_size_angry.wav,say the word size,angry,0
OAF_late_sad,C:\Users\sande\Desktop\multimodal_emotion_project\dataset\TESS Toronto emotional speech set data\OAF_Sad\OAF_late_sad.wav,say the word late,sad,5
YAF_cool_disgust,C:\Users\sande\Desktop\multimodal_emotion_project\dataset\TESS Toronto emotional speech set data\YAF_disgust\YAF_cool_disgust.wav,say the word cool,disgust,1
YAF_germ_happy,C:\Users\sande\Desktop\multimodal_emotion_project\dataset\TESS Toronto emotional speech set data\YAF_happy\YAF_germ_happy.wav,say the word germ,happy,3
YAF_rose_angry,C:\Users\sande\Desktop\multimodal_emotion_project\dataset\TESS Toronto emotional speech set data\YAF_angry\YAF_rose_angry.wav,say the word rose,angry,0
YAF_base_neutral,C:\Users\sande\Desktop\multimodal_emotion_project\dataset\TESS Toronto emotional speech set data\YAF_neutral\YAF_base_neutral.wav,say the word base,neutral,4
YAF_which_fear,C:\Users\sande\Desktop\multimodal_emotion_project\dataset\TESS Toronto emotional speech set data\YAF_fear\YAF_which_fear.wav,say the word which,fear,2
YAF_long_fear,C:\Users\sande\Desktop\multimodal_emotion_project\dataset\TESS Toronto emotional speech set data\YAF_fear\YAF_long_fear.wav,say the word long,fear,2
OAF_date_ps,C:\Users\sande\Desktop\multimodal_emotion_project\dataset\TESS Toronto emotional speech set data\OAF_Pleasant_surprise\OAF_date_ps.wav,say the word date,surprise,6
YAF_third_angry,C:\Users\sande\Desktop\multimodal_emotion_project\dataset\TESS Toronto emotional speech set data\YAF_angry\YAF_third_angry.wav,say the word third,angry,0
YAF_back_sad,C:\Users\sande\Desktop\multimodal_emotion_project\dataset\TESS Toronto emotional speech set data\YAF_sad\YAF_back_sad.wav,say the word back,sad,5
OAF_boat_disgust,C:\Users\sande\Desktop\multimodal_emotion_project\dataset\TESS Toronto emotional speech set data\OAF_disgust\OAF_boat_disgust.wav,say the word boat,disgust,1
OAF_puff_angry,C:\Users\sande\Desktop\multimodal_emotion_project\dataset\TESS Toronto emotional speech set data\OAF_angry\OAF_puff_angry.wav,say the word puff,angry,0
OAF_king_angry,C:\Users\sande\Desktop\multimodal_emotion_project\dataset\TESS Toronto emotional speech set data\OAF_angry\OAF_king_angry.wav,say the word king,angry,0
OAF_get_neutral,C:\Users\sande\Desktop\multimodal_emotion_project\dataset\TESS Toronto emotional speech set data\OAF_neutral\OAF_get_neutral.wav,say the word get,neutral,4
YAF_rough_angry,C:\Users\sande\Desktop\multimodal_emotion_project\dataset\TESS Toronto emotional speech set data\YAF_angry\YAF_rough_angry.wav,say the word rough,angry,0
OAF_sour_sad,C:\Users\sande\Desktop\multimodal_emotion_project\dataset\TESS Toronto emotional speech set data\OAF_Sad\OAF_sour_sad.wav,say the word sour,sad,5
OAF_dodge_disgust,C:\Users\sande\Desktop\multimodal_emotion_project\dataset\TESS Toronto emotional speech set data\OAF_disgust\OAF_dodge_disgust.wav,say the word dodge,disgust,1
OAF_soap_angry,C:\Users\sande\Desktop\multimodal_emotion_project\dataset\TESS Toronto emotional speech set data\OAF_angry\OAF_soap_angry.wav,say the word soap,angry,0
OAF_hire_happy,C:\Users\sande\Desktop\multimodal_emotion_project\dataset\TESS Toronto emotional speech set data\OAF_happy\OAF_hire_happy.wav,say the word hire,happy,3
OAF_thumb_sad,C:\Users\sande\Desktop\multimodal_emotion_project\dataset\TESS Toronto emotional speech set data\OAF_Sad\OAF_thumb_sad.wav,say the word thumb,sad,5
OAF_fall_angry,C:\Users\sande\Desktop\multimodal_emotion_project\dataset\TESS Toronto emotional speech set data\OAF_angry\OAF_fall_angry.wav,say the word fall,angry,0
OAF_young_happy,C:\Users\sande\Desktop\multimodal_emotion_project\dataset\TESS Toronto emotional speech set data\OAF_happy\OAF_young_happy.wav,say the word young,happy,3
YAF_witch_sad,C:\Users\sande\Desktop\multimodal_emotion_project\dataset\TESS Toronto emotional speech set data\YAF_sad\YAF_witch_sad.wav,say the word witch,sad,5
OAF_pearl_angry,C:\Users\sande\Desktop\multimodal_emotion_project\dataset\TESS Toronto emotional speech set data\OAF_angry\OAF_pearl_angry.wav,say the word pearl,angry,0
YAF_team_angry,C:\Users\sande\Desktop\multimodal_emotion_project\dataset\TESS Toronto emotional speech set data\YAF_angry\YAF_team_angry.wav,say the word team,angry,0
YAF_kill_sad,C:\Users\sande\Desktop\multimodal_emotion_project\dataset\TESS Toronto emotional speech set data\YAF_sad\YAF_kill_sad.wav,say the word kill,sad,5
YAF_lean_angry,C:\Users\sande\Desktop\multimodal_emotion_project\dataset\TESS Toronto emotional speech set data\YAF_angry\YAF_lean_angry.wav,say the word lean,angry,0
OAF_jar_angry,C:\Users\sande\Desktop\multimodal_emotion_project\dataset\TESS Toronto emotional speech set data\OAF_angry\OAF_jar_angry.wav,say the word jar,angry,0
YAF_nag_ps,C:\Users\sande\Desktop\multimodal_emotion_project\dataset\TESS Toronto emotional speech set data\YAF_pleasant_surprised\YAF_nag_ps.wav,say the word nag,surprise,6
OAF_jug_disgust,C:\Users\sande\Desktop\multimodal_emotion_project\dataset\TESS Toronto emotional speech set data\OAF_disgust\OAF_jug_disgust.wav,say the word jug,disgust,1
YAF_hall_angry,C:\Users\sande\Desktop\multimodal_emotion_project\dataset\TESS Toronto emotional speech set data\YAF_angry\YAF_hall_angry.wav,say the word hall,angry,0
OAF_rose_disgust,C:\Users\sande\Desktop\multimodal_emotion_project\dataset\TESS Toronto emotional speech set data\OAF_disgust\OAF_rose_disgust.wav,say the word rose,disgust,1
YAF_red_angry,C:\Users\sande\Desktop\multimodal_emotion_project\dataset\TESS Toronto emotional speech set data\YAF_angry\YAF_red_angry.wav,say the word red,angry,0
OAF_tell_disgust,C:\Users\sande\Desktop\multimodal_emotion_project\dataset\TESS Toronto emotional speech set data\OAF_disgust\OAF_tell_disgust.wav,say the word tell,disgust,1
OAF_mop_ps,C:\Users\sande\Desktop\multimodal_emotion_project\dataset\TESS Toronto emotional speech set data\OAF_Pleasant_surprise\OAF_mop_ps.wav,say the word mop,surprise,6
YAF_tip_fear,C:\Users\sande\Desktop\multimodal_emotion_project\dataset\TESS Toronto emotional speech set data\YAF_fear\YAF_tip_fear.wav,say the word tip,fear,2
YAF_gap_angry,C:\Users\sande\Desktop\multimodal_emotion_project\dataset\TESS Toronto emotional speech set data\YAF_angry\YAF_gap_angry.wav,say the word gap,angry,0
OAF_kick_neutral,C:\Users\sande\Desktop\multimodal_emotion_project\dataset\TESS Toronto emotional speech set data\OAF_neutral\OAF_kick_neutral.wav,say the word kick,neutral,4
OAF_bar_fear,C:\Users\sande\Desktop\multimodal_emotion_project\dataset\TESS Toronto emotional speech set data\OAF_Fear\OAF_bar_fear.wav,say the word bar,fear,2
YAF_neat_ps,C:\Users\sande\Desktop\multimodal_emotion_project\dataset\TESS Toronto emotional speech set data\YAF_pleasant_surprised\YAF_neat_ps.wav,say the word neat,surprise,6
OAF_chair_angry,C:\Users\sande\Desktop\multimodal_emotion_project\dataset\TESS Toronto emotional speech set data\OAF_angry\OAF_chair_angry.wav,say the word chair,angry,0
OAF_kick_ps,C:\Users\sande\Desktop\multimodal_emotion_project\dataset\TESS Toronto emotional speech set data\OAF_Pleasant_surprise\OAF_kick_ps.wav,say the word kick,surprise,6
OAF_kick_fear,C:\Users\sande\Desktop\multimodal_emotion_project\dataset\TESS Toronto emotional speech set data\OAF_Fear\OAF_kick_fear.wav,say the word kick,fear,2
OAF_bought_sad,C:\Users\sande\Desktop\multimodal_emotion_project\dataset\TESS Toronto emotional speech set data\OAF_Sad\OAF_bought_sad.wav,say the word bought,sad,5
OAF_mob_sad,C:\Users\sande\Desktop\multimodal_emotion_project\dataset\TESS Toronto emotional speech set data\OAF_Sad\OAF_mob_sad.wav,say the word mob,sad,5
OAF_good_disgust,C:\Users\sande\Desktop\multimodal_emotion_project\dataset\TESS Toronto emotional speech set data\OAF_disgust\OAF_good_disgust.wav,say the word good,disgust,1
OAF_rose_neutral,C:\Users\sande\Desktop\multimodal_emotion_project\dataset\TESS Toronto emotional speech set data\OAF_neutral\OAF_rose_neutral.wav,say the word rose,neutral,4
OAF_vine_disgust,C:\Users\sande\Desktop\multimodal_emotion_project\dataset\TESS Toronto emotional speech set data\OAF_disgust\OAF_vine_disgust.wav,say the word vine,disgust,1
YAF_wash_sad,C:\Users\sande\Desktop\multimodal_emotion_project\dataset\TESS Toronto emotional speech set data\YAF_sad\YAF_wash_sad.wav,say the word wash,sad,5
YAF_cheek_fear,C:\Users\sande\Desktop\multimodal_emotion_project\dataset\TESS Toronto emotional speech set data\YAF_fear\YAF_cheek_fear.wav,say the word cheek,fear,2
YAF_thought_happy,C:\Users\sande\Desktop\multimodal_emotion_project\dataset\TESS Toronto emotional speech set data\YAF_happy\YAF_thought_happy.wav,say the word thought,happy,3
YAF_death_fear,C:\Users\sande\Desktop\multimodal_emotion_project\dataset\TESS Toronto emotional speech set data\YAF_fear\YAF_death_fear.wav,say the word death,fear,2
YAF_thin_happy,C:\Users\sande\Desktop\multimodal_emotion_project\dataset\TESS Toronto emotional speech set data\YAF_happy\YAF_thin_happy.wav,say the word thin,happy,3
YAF_fall_ps,C:\Users\sande\Desktop\multimodal_emotion_project\dataset\TESS Toronto emotional speech set data\YAF_pleasant_surprised\YAF_fall_ps.wav,say the word fall,surprise,6
YAF_life_disgust,C:\Users\sande\Desktop\multimodal_emotion_project\dataset\TESS Toronto emotional speech set data\YAF_disgust\YAF_life_disgust.wav,say the word life,disgust,1
YAF_week_ps,C:\Users\sande\Desktop\multimodal_emotion_project\dataset\TESS Toronto emotional speech set data\YAF_pleasant_surprised\YAF_week_ps.wav,say the word week,surprise,6
YAF_chain_disgust,C:\Users\sande\Desktop\multimodal_emotion_project\dataset\TESS Toronto emotional speech set data\YAF_disgust\YAF_chain_disgust.wav,say the word chain,disgust,1
YAF_reach_sad,C:\Users\sande\Desktop\multimodal_emotion_project\dataset\TESS Toronto emotional speech set data\YAF_sad\YAF_reach_sad.wav,say the word reach,sad,5
YAF_merge_sad,C:\Users\sande\Desktop\multimodal_emotion_project\dataset\TESS Toronto emotional speech set data\YAF_sad\YAF_merge_sad.wav,say the word merge,sad,5
YAF_laud_happy,C:\Users\sande\Desktop\multimodal_emotion_project\dataset\TESS Toronto emotional speech set data\YAF_happy\YAF_laud_happy.wav,say the word laud,happy,3
OAF_door_disgust,C:\Users\sande\Desktop\multimodal_emotion_project\dataset\TESS Toronto emotional speech set data\OAF_disgust\OAF_door_disgust.wav,say the word door,disgust,1
YAF_door_angry,C:\Users\sande\Desktop\multimodal_emotion_project\dataset\TESS Toronto emotional speech set data\YAF_angry\YAF_door_angry.wav,say the word door,angry,0
OAF_thin_happy,C:\Users\sande\Desktop\multimodal_emotion_project\dataset\TESS Toronto emotional speech set data\OAF_happy\OAF_thin_happy.wav,say the word thin,happy,3
OAF_red_ps,C:\Users\sande\Desktop\multimodal_emotion_project\dataset\TESS Toronto emotional speech set data\OAF_Pleasant_surprise\OAF_red_ps.wav,say the word red,surprise,6
OAF_tough_angry,C:\Users\sande\Desktop\multimodal_emotion_project\dataset\TESS Toronto emotional speech set data\OAF_angry\OAF_tough_angry.wav,say the word tough,angry,0
YAF_raise_sad,C:\Users\sande\Desktop\multimodal_emotion_project\dataset\TESS Toronto emotional speech set data\YAF_sad\YAF_raise_sad.wav,say the word raise,sad,5
OAF_nag_disgust,C:\Users\sande\Desktop\multimodal_emotion_project\dataset\TESS Toronto emotional speech set data\OAF_disgust\OAF_nag_disgust.wav,say the word nag,disgust,1
OAF_sail_fear,C:\Users\sande\Desktop\multimodal_emotion_project\dataset\TESS Toronto emotional speech set data\OAF_Fear\OAF_sail_fear.wav,say the word sail,fear,2
OAF_tire_ps,C:\Users\sande\Desktop\multimodal_emotion_project\dataset\TESS Toronto emotional speech set data\OAF_Pleasant_surprise\OAF_tire_ps.wav,say the word tire,surprise,6
YAF_dab_disgust,C:\Users\sande\Desktop\multimodal_emotion_project\dataset\TESS Toronto emotional speech set data\YAF_disgust\YAF_dab_disgust.wav,say the word dab,disgust,1
OAF_road_angry,C:\Users\sande\Desktop\multimodal_emotion_project\dataset\TESS Toronto emotional speech set data\OAF_angry\OAF_road_angry.wav,say the word road,angry,0
YAF_wife_disgust,C:\Users\sande\Desktop\multimodal_emotion_project\dataset\TESS Toronto emotional speech set data\YAF_disgust\YAF_wife_disgust.wav,say the word wife,disgust,1
OAF_such_fear,C:\Users\sande\Desktop\multimodal_emotion_project\dataset\TESS Toronto emotional speech set data\OAF_Fear\OAF_such_fear.wav,say the word such,fear,2
OAF_thin_disgust,C:\Users\sande\Desktop\multimodal_emotion_project\dataset\TESS Toronto emotional speech set data\OAF_disgust\OAF_thin_disgust.wav,say the word thin,disgust,1
YAF_cool_fear,C:\Users\sande\Desktop\multimodal_emotion_project\dataset\TESS Toronto emotional speech set data\YAF_fear\YAF_cool_fear.wav,say the word cool,fear,2
YAF_tire_angry,C:\Users\sande\Desktop\multimodal_emotion_project\dataset\TESS Toronto emotional speech set data\YAF_angry\YAF_tire_angry.wav,say the word tire,angry,0
YAF_tape_angry,C:\Users\sande\Desktop\multimodal_emotion_project\dataset\TESS Toronto emotional speech set data\YAF_angry\YAF_tape_angry.wav,say the word tape,angry,0
OAF_pike_angry,C:\Users\sande\Desktop\multimodal_emotion_project\dataset\TESS Toronto emotional speech set data\OAF_angry\OAF_pike_angry.wav,say the word pike,angry,0
YAF_learn_angry,C:\Users\sande\Desktop\multimodal_emotion_project\dataset\TESS Toronto emotional speech set data\YAF_angry\YAF_learn_angry.wav,say the word learn,angry,0
OAF_pad_sad,C:\Users\sande\Desktop\multimodal_emotion_project\dataset\TESS Toronto emotional speech set data\OAF_Sad\OAF_pad_sad.wav,say the word pad,sad,5
YAF_dime_angry,C:\Users\sande\Desktop\multimodal_emotion_project\dataset\TESS Toronto emotional speech set data\YAF_angry\YAF_dime_angry.wav,say the word dime,angry,0
OAF_size_happy,C:\Users\sande\Desktop\multimodal_emotion_project\dataset\TESS Toronto emotional speech set data\OAF_happy\OAF_size_happy.wav,say the word size,happy,3
YAF_white_disgust,C:\Users\sande\Desktop\multimodal_emotion_project\dataset\TESS Toronto emotional speech set data\YAF_disgust\YAF_white_disgust.wav,say the word white,disgust,1
YAF_hire_ps,C:\Users\sande\Desktop\multimodal_emotion_project\dataset\TESS Toronto emotional speech set data\YAF_pleasant_surprised\YAF_hire_ps.wav,say the word hire,surprise,6
OAF_sell_angry,C:\Users\sande\Desktop\multimodal_emotion_project\dataset\TESS Toronto emotional speech set data\OAF_angry\OAF_sell_angry.wav,say the word sell,angry,0
OAF_time_happy,C:\Users\sande\Desktop\multimodal_emotion_project\dataset\TESS Toronto emotional speech set data\OAF_happy\OAF_time_happy.wav,say the word time,happy,3
YAF_near_neutral,C:\Users\sande\Desktop\multimodal_emotion_project\dataset\TESS Toronto emotional speech set data\YAF_neutral\YAF_near_neutral.wav,say the word near,neutral,4
OAF_haze_happy,C:\Users\sande\Desktop\multimodal_emotion_project\dataset\TESS Toronto emotional speech set data\OAF_happy\OAF_haze_happy.wav,say the word haze,happy,3
OAF_bean_neutral,C:\Users\sande\Desktop\multimodal_emotion_project\dataset\TESS Toronto emotional speech set data\OAF_neutral\OAF_bean_neutral.wav,say the word bean,neutral,4
OAF_pole_fear,C:\Users\sande\Desktop\multimodal_emotion_project\dataset\TESS Toronto emotional speech set data\OAF_Fear\OAF_pole_fear.wav,say the word pole,fear,2
OAF_soup_angry,C:\Users\sande\Desktop\multimodal_emotion_project\dataset\TESS Toronto emotional speech set data\OAF_angry\OAF_soup_angry.wav,say the word soup,angry,0
YAF_witch_ps,C:\Users\sande\Desktop\multimodal_emotion_project\dataset\TESS Toronto emotional speech set data\YAF_pleasant_surprised\YAF_witch_ps.wav,say the word witch,surprise,6
OAF_cool_happy,C:\Users\sande\Desktop\multimodal_emotion_project\dataset\TESS Toronto emotional speech set data\OAF_happy\OAF_cool_happy.wav,say the word cool,happy,3
YAF_take_happy,C:\Users\sande\Desktop\multimodal_emotion_project\dataset\TESS Toronto emotional speech set data\YAF_happy\YAF_take_happy.wav,say the word take,happy,3
YAF_thought_sad,C:\Users\sande\Desktop\multimodal_emotion_project\dataset\TESS Toronto emotional speech set data\YAF_sad\YAF_thought_sad.wav,say the word thought,sad,5
OAF_cab_sad,C:\Users\sande\Desktop\multimodal_emotion_project\dataset\TESS Toronto emotional speech set data\OAF_Sad\OAF_cab_sad.wav,say the word cab,sad,5
OAF_shack_disgust,C:\Users\sande\Desktop\multimodal_emotion_project\dataset\TESS Toronto emotional speech set data\OAF_disgust\OAF_shack_disgust.wav,say the word shack,disgust,1
YAF_love_happy,C:\Users\sande\Desktop\multimodal_emotion_project\dataset\TESS Toronto emotional speech set data\YAF_happy\YAF_love_happy.wav,say the word love,happy,3
OAF_cheek_happy,C:\Users\sande\Desktop\multimodal_emotion_project\dataset\TESS Toronto emotional speech set data\OAF_happy\OAF_cheek_happy.wav,say the word cheek,happy,3
OAF_fall_sad,C:\Users\sande\Desktop\multimodal_emotion_project\dataset\TESS Toronto emotional speech set data\OAF_Sad\OAF_fall_sad.wav,say the word fall,sad,5
YAF_hire_disgust,C:\Users\sande\Desktop\multimodal_emotion_project\dataset\TESS Toronto emotional speech set data\YAF_disgust\YAF_hire_disgust.wav,say the word hire,disgust,1
YAF_gun_happy,C:\Users\sande\Desktop\multimodal_emotion_project\dataset\TESS Toronto emotional speech set data\YAF_happy\YAF_gun_happy.wav,say the word gun,happy,3
OAF_fat_happy,C:\Users\sande\Desktop\multimodal_emotion_project\dataset\TESS Toronto emotional speech set data\OAF_happy\OAF_fat_happy.wav,say the word fat,happy,3
OAF_sail_happy,C:\Users\sande\Desktop\multimodal_emotion_project\dataset\TESS Toronto emotional speech set data\OAF_happy\OAF_sail_happy.wav,say the word sail,happy,3
YAF_chat_ps,C:\Users\sande\Desktop\multimodal_emotion_project\dataset\TESS Toronto emotional speech set data\YAF_pleasant_surprised\YAF_chat_ps.wav,say the word chat,surprise,6
YAF_shawl_ps,C:\Users\sande\Desktop\multimodal_emotion_project\dataset\TESS Toronto emotional speech set data\YAF_pleasant_surprised\YAF_shawl_ps.wav,say the word shawl,surprise,6
YAF_dab_sad,C:\Users\sande\Desktop\multimodal_emotion_project\dataset\TESS Toronto emotional speech set data\YAF_sad\YAF_dab_sad.wav,say the word dab,sad,5
YAF_home_sad,C:\Users\sande\Desktop\multimodal_emotion_project\dataset\TESS Toronto emotional speech set data\YAF_sad\YAF_home_sad.wav,say the word home,sad,5
YAF_whip_happy,C:\Users\sande\Desktop\multimodal_emotion_project\dataset\TESS Toronto emotional speech set data\YAF_happy\YAF_whip_happy.wav,say the word whip,happy,3
OAF_luck_sad,C:\Users\sande\Desktop\multimodal_emotion_project\dataset\TESS Toronto emotional speech set data\OAF_Sad\OAF_luck_sad.wav,say the word luck,sad,5
OAF_merge_fear,C:\Users\sande\Desktop\multimodal_emotion_project\dataset\TESS Toronto emotional speech set data\OAF_Fear\OAF_merge_fear.wav,say the word merge,fear,2
OAF_ton_ps,C:\Users\sande\Desktop\multimodal_emotion_project\dataset\TESS Toronto emotional speech set data\OAF_Pleasant_surprise\OAF_ton_ps.wav,say the word ton,surprise,6
OAF_kite_disgust,C:\Users\sande\Desktop\multimodal_emotion_project\dataset\TESS Toronto emotional speech set data\OAF_disgust\OAF_kite_disgust.wav,say the word kite,disgust,1
OAF_seize_neutral,C:\Users\sande\Desktop\multimodal_emotion_project\dataset\TESS Toronto emotional speech set data\OAF_neutral\OAF_seize_neutral.wav,say the word seize,neutral,4
OAF_raise_fear,C:\Users\sande\Desktop\multimodal_emotion_project\dataset\TESS Toronto emotional speech set data\OAF_Fear\OAF_raise_fear.wav,say the word raise,fear,2
YAF_pool_angry,C:\Users\sande\Desktop\multimodal_emotion_project\dataset\TESS Toronto emotional speech set data\YAF_angry\YAF_pool_angry.wav,say the word pool,angry,0
OAF_back_happy,C:\Users\sande\Desktop\multimodal_emotion_project\dataset\TESS Toronto emotional speech set data\OAF_happy\OAF_back_happy.wav,say the word back,happy,3
YAF_boat_sad,C:\Users\sande\Desktop\multimodal_emotion_project\dataset\TESS Toronto emotional speech set data\YAF_sad\YAF_boat_sad.wav,say the word boat,sad,5
YAF_void_angry,C:\Users\sande\Desktop\multimodal_emotion_project\dataset\TESS Toronto emotional speech set data\YAF_angry\YAF_void_angry.wav,say the word void,angry,0
YAF_cool_angry,C:\Users\sande\Desktop\multimodal_emotion_project\dataset\TESS Toronto emotional speech set data\YAF_angry\YAF_cool_angry.wav,say the word cool,angry,0
OAF_red_fear,C:\Users\sande\Desktop\multimodal_emotion_project\dataset\TESS Toronto emotional speech set data\OAF_Fear\OAF_red_fear.wav,say the word red,fear,2
YAF_rot_happy,C:\Users\sande\Desktop\multimodal_emotion_project\dataset\TESS Toronto emotional speech set data\YAF_happy\YAF_rot_happy.wav,say the word rot,happy,3
OAF_search_fear,C:\Users\sande\Desktop\multimodal_emotion_project\dataset\TESS Toronto emotional speech set data\OAF_Fear\OAF_search_fear.wav,say the word search,fear,2
YAF_bath_ps,C:\Users\sande\Desktop\multimodal_emotion_project\dataset\TESS Toronto emotional speech set data\YAF_pleasant_surprised\YAF_bath_ps.wav,say the word bath,surprise,6
YAF_neat_sad,C:\Users\sande\Desktop\multimodal_emotion_project\dataset\TESS Toronto emotional speech set data\YAF_sad\YAF_neat_sad.wav,say the word neat,sad,5
OAF_food_sad,C:\Users\sande\Desktop\multimodal_emotion_project\dataset\TESS Toronto emotional speech set data\OAF_Sad\OAF_food_sad.wav,say the word food,sad,5
YAF_gun_sad,C:\Users\sande\Desktop\multimodal_emotion_project\dataset\TESS Toronto emotional speech set data\YAF_sad\YAF_gun_sad.wav,say the word gun,sad,5
YAF_door_sad,C:\Users\sande\Desktop\multimodal_emotion_project\dataset\TESS Toronto emotional speech set data\YAF_sad\YAF_door_sad.wav,say the word door,sad,5
YAF_live_angry,C:\Users\sande\Desktop\multimodal_emotion_project\dataset\TESS Toronto emotional speech set data\YAF_angry\YAF_live_angry.wav,say the word live,angry,0
YAF_mood_disgust,C:\Users\sande\Desktop\multimodal_emotion_project\dataset\TESS Toronto emotional speech set data\YAF_disgust\YAF_mood_disgust.wav,say the word mood,disgust,1
YAF_phone_ps,C:\Users\sande\Desktop\multimodal_emotion_project\dataset\TESS Toronto emotional speech set data\YAF_pleasant_surprised\YAF_phone_ps.wav,say the word phone,surprise,6
OAF_pearl_neutral,C:\Users\sande\Desktop\multimodal_emotion_project\dataset\TESS Toronto emotional speech set data\OAF_neutral\OAF_pearl_neutral.wav,say the word pearl,neutral,4
OAF_juice_happy,C:\Users\sande\Desktop\multimodal_emotion_project\dataset\TESS Toronto emotional speech set data\OAF_happy\OAF_juice_happy.wav,say the word juice,happy,3
OAF_kick_happy,C:\Users\sande\Desktop\multimodal_emotion_project\dataset\TESS Toronto emotional speech set data\OAF_happy\OAF_kick_happy.wav,say the word kick,happy,3
YAF_juice_happy,C:\Users\sande\Desktop\multimodal_emotion_project\dataset\TESS Toronto emotional speech set data\YAF_happy\YAF_juice_happy.wav,say the word juice,happy,3
OAF_take_sad,C:\Users\sande\Desktop\multimodal_emotion_project\dataset\TESS Toronto emotional speech set data\OAF_Sad\OAF_take_sad.wav,say the word take,sad,5
OAF_half_ps,C:\Users\sande\Desktop\multimodal_emotion_project\dataset\TESS Toronto emotional speech set data\OAF_Pleasant_surprise\OAF_half_ps.wav,say the word half,surprise,6
OAF_road_ps,C:\Users\sande\Desktop\multimodal_emotion_project\dataset\TESS Toronto emotional speech set data\OAF_Pleasant_surprise\OAF_road_ps.wav,say the word road,surprise,6
OAF_ton_angry,C:\Users\sande\Desktop\multimodal_emotion_project\dataset\TESS Toronto emotional speech set data\OAF_angry\OAF_ton_angry.wav,say the word ton,angry,0
OAF_rough_angry,C:\Users\sande\Desktop\multimodal_emotion_project\dataset\TESS Toronto emotional speech set data\OAF_angry\OAF_rough_angry.wav,say the word rough,angry,0
YAF_limb_fear,C:\Users\sande\Desktop\multimodal_emotion_project\dataset\TESS Toronto emotional speech set data\YAF_fear\YAF_limb_fear.wav,say the word limb,fear,2
YAF_said_fear,C:\Users\sande\Desktop\multimodal_emotion_project\dataset\TESS Toronto emotional speech set data\YAF_fear\YAF_said_fear.wav,say the word said,fear,2
YAF_date_fear,C:\Users\sande\Desktop\multimodal_emotion_project\dataset\TESS Toronto emotional speech set data\YAF_fear\YAF_date_fear.wav,say the word date,fear,2
YAF_road_neutral,C:\Users\sande\Desktop\multimodal_emotion_project\dataset\TESS Toronto emotional speech set data\YAF_neutral\YAF_road_neutral.wav,say the word road,neutral,4
OAF_dab_disgust,C:\Users\sande\Desktop\multimodal_emotion_project\dataset\TESS Toronto emotional speech set data\OAF_disgust\OAF_dab_disgust.wav,say the word dab,disgust,1
OAF_third_sad,C:\Users\sande\Desktop\multimodal_emotion_project\dataset\TESS Toronto emotional speech set data\OAF_Sad\OAF_third_sad.wav,say the word third,sad,5
OAF_dab_neutral,C:\Users\sande\Desktop\multimodal_emotion_project\dataset\TESS Toronto emotional speech set data\OAF_neutral\OAF_dab_neutral.wav,say the word dab,neutral,4
YAF_raise_happy,C:\Users\sande\Desktop\multimodal_emotion_project\dataset\TESS Toronto emotional speech set data\YAF_happy\YAF_raise_happy.wav,say the word raise,happy,3
YAF_raise_fear,C:\Users\sande\Desktop\multimodal_emotion_project\dataset\TESS Toronto emotional speech set data\YAF_fear\YAF_raise_fear.wav,say the word raise,fear,2
YAF_youth_happy,C:\Users\sande\Desktop\multimodal_emotion_project\dataset\TESS Toronto emotional speech set data\YAF_happy\YAF_youth_happy.wav,say the word youth,happy,3
YAF_bar_sad,C:\Users\sande\Desktop\multimodal_emotion_project\dataset\TESS Toronto emotional speech set data\YAF_sad\YAF_bar_sad.wav,say the word bar,sad,5
OAF_jar_neutral,C:\Users\sande\Desktop\multimodal_emotion_project\dataset\TESS Toronto emotional speech set data\OAF_neutral\OAF_jar_neutral.wav,say the word jar,neutral,4
OAF_pool_neutral,C:\Users\sande\Desktop\multimodal_emotion_project\dataset\TESS Toronto emotional speech set data\OAF_neutral\OAF_pool_neutral.wav,say the word pool,neutral,4
OAF_limb_disgust,C:\Users\sande\Desktop\multimodal_emotion_project\dataset\TESS Toronto emotional speech set data\OAF_disgust\OAF_limb_disgust.wav,say the word limb,disgust,1
YAF_food_disgust,C:\Users\sande\Desktop\multimodal_emotion_project\dataset\TESS Toronto emotional speech set data\YAF_disgust\YAF_food_disgust.wav,say the word food,disgust,1
YAF_fail_happy,C:\Users\sande\Desktop\multimodal_emotion_project\dataset\TESS Toronto emotional speech set data\YAF_happy\YAF_fail_happy.wav,say the word fail,happy,3
OAF_deep_fear,C:\Users\sande\Desktop\multimodal_emotion_project\dataset\TESS Toronto emotional speech set data\OAF_Fear\OAF_deep_fear.wav,say the word deep,fear,2
OAF_turn_neutral,C:\Users\sande\Desktop\multimodal_emotion_project\dataset\TESS Toronto emotional speech set data\OAF_neutral\OAF_turn_neutral.wav,say the word turn,neutral,4
YAF_name_fear,C:\Users\sande\Desktop\multimodal_emotion_project\dataset\TESS Toronto emotional speech set data\YAF_fear\YAF_name_fear.wav,say the word name,fear,2
OAF_tool_angry,C:\Users\sande\Desktop\multimodal_emotion_project\dataset\TESS Toronto emotional speech set data\OAF_angry\OAF_tool_angry.wav,say the word tool,angry,0
OAF_hurl_angry,C:\Users\sande\Desktop\multimodal_emotion_project\dataset\TESS Toronto emotional speech set data\OAF_angry\OAF_hurl_angry.wav,say the word hurl,angry,0
YAF_whip_ps,C:\Users\sande\Desktop\multimodal_emotion_project\dataset\TESS Toronto emotional speech set data\YAF_pleasant_surprised\YAF_whip_ps.wav,say the word whip,surprise,6
OAF_peg_disgust,C:\Users\sande\Desktop\multimodal_emotion_project\dataset\TESS Toronto emotional speech set data\OAF_disgust\OAF_peg_disgust.wav,say the word peg,disgust,1
OAF_judge_fear,C:\Users\sande\Desktop\multimodal_emotion_project\dataset\TESS Toronto emotional speech set data\OAF_Fear\OAF_judge_fear.wav,say the word judge,fear,2
OAF_loaf_ps,C:\Users\sande\Desktop\multimodal_emotion_project\dataset\TESS Toronto emotional speech set data\OAF_Pleasant_surprise\OAF_loaf_ps.wav,say the word loaf,surprise,6
YAF_boat_ps,C:\Users\sande\Desktop\multimodal_emotion_project\dataset\TESS Toronto emotional speech set data\YAF_pleasant_surprised\YAF_boat_ps.wav,say the word boat,surprise,6
OAF_ripe_angry,C:\Users\sande\Desktop\multimodal_emotion_project\dataset\TESS Toronto emotional speech set data\OAF_angry\OAF_ripe_angry.wav,say the word ripe,angry,0
OAF_neat_angry,C:\Users\sande\Desktop\multimodal_emotion_project\dataset\TESS Toronto emotional speech set data\OAF_angry\OAF_neat_angry.wav,say the word neat,angry,0
OAF_name_happy,C:\Users\sande\Desktop\multimodal_emotion_project\dataset\TESS Toronto emotional speech set data\OAF_happy\OAF_name_happy.wav,say the word name,happy,3
YAF_walk_angry,C:\Users\sande\Desktop\multimodal_emotion_project\dataset\TESS Toronto emotional speech set data\YAF_angry\YAF_walk_angry.wav,say the word walk,angry,0
YAF_door_neutral,C:\Users\sande\Desktop\multimodal_emotion_project\dataset\TESS Toronto emotional speech set data\YAF_neutral\YAF_door_neutral.wav,say the word door,neutral,4
YAF_doll_happy,C:\Users\sande\Desktop\multimodal_emotion_project\dataset\TESS Toronto emotional speech set data\YAF_happy\YAF_doll_happy.wav,say the word doll,happy,3
YAF_rain_fear,C:\Users\sande\Desktop\multimodal_emotion_project\dataset\TESS Toronto emotional speech set data\YAF_fear\YAF_rain_fear.wav,say the word rain,fear,2
YAF_wag_angry,C:\Users\sande\Desktop\multimodal_emotion_project\dataset\TESS Toronto emotional speech set data\YAF_angry\YAF_wag_angry.wav,say the word wag,angry,0
YAF_bought_neutral,C:\Users\sande\Desktop\multimodal_emotion_project\dataset\TESS Toronto emotional speech set data\YAF_neutral\YAF_bought_neutral.wav,say the word bought,neutral,4
OAF_yearn_disgust,C:\Users\sande\Desktop\multimodal_emotion_project\dataset\TESS Toronto emotional speech set data\OAF_disgust\OAF_yearn_disgust.wav,say the word yearn,disgust,1
YAF_voice_ps,C:\Users\sande\Desktop\multimodal_emotion_project\dataset\TESS Toronto emotional speech set data\YAF_pleasant_surprised\YAF_voice_ps.wav,say the word voice,surprise,6
YAF_week_neutral,C:\Users\sande\Desktop\multimodal_emotion_project\dataset\TESS Toronto emotional speech set data\YAF_neutral\YAF_week_neutral.wav,say the word week,neutral,4
OAF_loaf_angry,C:\Users\sande\Desktop\multimodal_emotion_project\dataset\TESS Toronto emotional speech set data\OAF_angry\OAF_loaf_angry.wav,say the word loaf,angry,0
OAF_cab_disgust,C:\Users\sande\Desktop\multimodal_emotion_project\dataset\TESS Toronto emotional speech set data\OAF_disgust\OAF_cab_disgust.wav,say the word cab,disgust,1
YAF_shawl_happy,C:\Users\sande\Desktop\multimodal_emotion_project\dataset\TESS Toronto emotional speech set data\YAF_happy\YAF_shawl_happy.wav,say the word shawl,happy,3
OAF_bath_disgust,C:\Users\sande\Desktop\multimodal_emotion_project\dataset\TESS Toronto emotional speech set data\OAF_disgust\OAF_bath_disgust.wav,say the word bath,disgust,1
OAF_perch_ps,C:\Users\sande\Desktop\multimodal_emotion_project\dataset\TESS Toronto emotional speech set data\OAF_Pleasant_surprise\OAF_perch_ps.wav,say the word perch,surprise,6
OAF_burn_angry,C:\Users\sande\Desktop\multimodal_emotion_project\dataset\TESS Toronto emotional speech set data\OAF_angry\OAF_burn_angry.wav,say the word burn,angry,0
YAF_make_fear,C:\Users\sande\Desktop\multimodal_emotion_project\dataset\TESS Toronto emotional speech set data\YAF_fear\YAF_make_fear.wav,say the word make,fear,2
OAF_choice_disgust,C:\Users\sande\Desktop\multimodal_emotion_project\dataset\TESS Toronto emotional speech set data\OAF_disgust\OAF_choice_disgust.wav,say the word choice,disgust,1
YAF_chief_ps,C:\Users\sande\Desktop\multimodal_emotion_project\dataset\TESS Toronto emotional speech set data\YAF_pleasant_surprised\YAF_chief_ps.wav,say the word chief,surprise,6
YAF_voice_fear,C:\Users\sande\Desktop\multimodal_emotion_project\dataset\TESS Toronto emotional speech set data\YAF_fear\YAF_voice_fear.wav,say the word voice,fear,2
YAF_fat_neutral,C:\Users\sande\Desktop\multimodal_emotion_project\dataset\TESS Toronto emotional speech set data\YAF_neutral\YAF_fat_neutral.wav,say the word fat,neutral,4
OAF_learn_disgust,C:\Users\sande\Desktop\multimodal_emotion_project\dataset\TESS Toronto emotional speech set data\OAF_disgust\OAF_learn_disgust.wav,say the word learn,disgust,1
YAF_burn_angry,C:\Users\sande\Desktop\multimodal_emotion_project\dataset\TESS Toronto emotional speech set data\YAF_angry\YAF_burn_angry.wav,say the word burn,angry,0
OAF_tip_fear,C:\Users\sande\Desktop\multimodal_emotion_project\dataset\TESS Toronto emotional speech set data\OAF_Fear\OAF_tip_fear.wav,say the word tip,fear,2
YAF_talk_fear,C:\Users\sande\Desktop\multimodal_emotion_project\dataset\TESS Toronto emotional speech set data\YAF_fear\YAF_talk_fear.wav,say the word talk,fear,2
YAF_mode_ps,C:\Users\sande\Desktop\multimodal_emotion_project\dataset\TESS Toronto emotional speech set data\YAF_pleasant_surprised\YAF_mode_ps.wav,say the word mode,surprise,6
OAF_burn_ps,C:\Users\sande\Desktop\multimodal_emotion_project\dataset\TESS Toronto emotional speech set data\OAF_Pleasant_surprise\OAF_burn_ps.wav,say the word burn,surprise,6
OAF_whip_fear,C:\Users\sande\Desktop\multimodal_emotion_project\dataset\TESS Toronto emotional speech set data\OAF_Fear\OAF_whip_fear.wav,say the word whip,fear,2
YAF_read_sad,C:\Users\sande\Desktop\multimodal_emotion_project\dataset\TESS Toronto emotional speech set data\YAF_sad\YAF_read_sad.wav,say the word read,sad,5
YAF_pad_happy,C:\Users\sande\Desktop\multimodal_emotion_project\dataset\TESS Toronto emotional speech set data\YAF_happy\YAF_pad_happy.wav,say the word pad,happy,3
OAF_hash_happy,C:\Users\sande\Desktop\multimodal_emotion_project\dataset\TESS Toronto emotional speech set data\OAF_happy\OAF_hash_happy.wav,say the word hash,happy,3
OAF_puff_ps,C:\Users\sande\Desktop\multimodal_emotion_project\dataset\TESS Toronto emotional speech set data\OAF_Pleasant_surprise\OAF_puff_ps.wav,say the word puff,surprise,6
YAF_red_neutral,C:\Users\sande\Desktop\multimodal_emotion_project\dataset\TESS Toronto emotional speech set data\YAF_neutral\YAF_red_neutral.wav,say the word red,neutral,4
YAF_peg_disgust,C:\Users\sande\Desktop\multimodal_emotion_project\dataset\TESS Toronto emotional speech set data\YAF_disgust\YAF_peg_disgust.wav,say the word peg,disgust,1
YAF_nice_disgust,C:\Users\sande\Desktop\multimodal_emotion_project\dataset\TESS Toronto emotional speech set data\YAF_disgust\YAF_nice_disgust.wav,say the word nice,disgust,1
YAF_jug_neutral,C:\Users\sande\Desktop\multimodal_emotion_project\dataset\TESS Toronto emotional speech set data\YAF_neutral\YAF_jug_neutral.wav,say the word jug,neutral,4
OAF_which_neutral,C:\Users\sande\Desktop\multimodal_emotion_project\dataset\TESS Toronto emotional speech set data\OAF_neutral\OAF_which_neutral.wav,say the word which,neutral,4
OAF_raid_sad,C:\Users\sande\Desktop\multimodal_emotion_project\dataset\TESS Toronto emotional speech set data\OAF_Sad\OAF_raid_sad.wav,say the word raid,sad,5
YAF_germ_fear,C:\Users\sande\Desktop\multimodal_emotion_project\dataset\TESS Toronto emotional speech set data\YAF_fear\YAF_germ_fear.wav,say the word germ,fear,2
YAF_long_ps,C:\Users\sande\Desktop\multimodal_emotion_project\dataset\TESS Toronto emotional speech set data\YAF_pleasant_surprised\YAF_long_ps.wav,say the word long,surprise,6
YAF_south_neutral,C:\Users\sande\Desktop\multimodal_emotion_project\dataset\TESS Toronto emotional speech set data\YAF_neutral\YAF_south_neutral.wav,say the word south,neutral,4
YAF_voice_disgust,C:\Users\sande\Desktop\multimodal_emotion_project\dataset\TESS Toronto emotional speech set data\YAF_disgust\YAF_voice_disgust.wav,say the word voice,disgust,1
OAF_loaf_fear,C:\Users\sande\Desktop\multimodal_emotion_project\dataset\TESS Toronto emotional speech set data\OAF_Fear\OAF_loaf_fear.wav,say the word loaf,fear,2
YAF_merge_happy,C:\Users\sande\Desktop\multimodal_emotion_project\dataset\TESS Toronto emotional speech set data\YAF_happy\YAF_merge_happy.wav,say the word merge,happy,3
OAF_tool_neutral,C:\Users\sande\Desktop\multimodal_emotion_project\dataset\TESS Toronto emotional speech set data\OAF_neutral\OAF_tool_neutral.wav,say the word tool,neutral,4
OAF_sub_fear,C:\Users\sande\Desktop\multimodal_emotion_project\dataset\TESS Toronto emotional speech set data\OAF_Fear\OAF_sub_fear.wav,say the word sub,fear,2
OAF_bean_ps,C:\Users\sande\Desktop\multimodal_emotion_project\dataset\TESS Toronto emotional speech set data\OAF_Pleasant_surprise\OAF_bean_ps.wav,say the word bean,surprise,6
YAF_beg_fear,C:\Users\sande\Desktop\multimodal_emotion_project\dataset\TESS Toronto emotional speech set data\YAF_fear\YAF_beg_fear.wav,say the word beg,fear,2
YAF_hole_angry,C:\Users\sande\Desktop\multimodal_emotion_project\dataset\TESS Toronto emotional speech set data\YAF_angry\YAF_hole_angry.wav,say the word hole,angry,0
YAF_cause_happy,C:\Users\sande\Desktop\multimodal_emotion_project\dataset\TESS Toronto emotional speech set data\YAF_happy\YAF_cause_happy.wav,say the word cause,happy,3
YAF_read_fear,C:\Users\sande\Desktop\multimodal_emotion_project\dataset\TESS Toronto emotional speech set data\YAF_fear\YAF_read_fear.wav,say the word read,fear,2
OAF_chief_happy,C:\Users\sande\Desktop\multimodal_emotion_project\dataset\TESS Toronto emotional speech set data\OAF_happy\OAF_chief_happy.wav,say the word chief,happy,3
OAF_learn_neutral,C:\Users\sande\Desktop\multimodal_emotion_project\dataset\TESS Toronto emotional speech set data\OAF_neutral\OAF_learn_neutral.wav,say the word learn,neutral,4
YAF_five_neutral,C:\Users\sande\Desktop\multimodal_emotion_project\dataset\TESS Toronto emotional speech set data\YAF_neutral\YAF_five_neutral.wav,say the word five,neutral,4
OAF_pool_sad,C:\Users\sande\Desktop\multimodal_emotion_project\dataset\TESS Toronto emotional speech set data\OAF_Sad\OAF_pool_sad.wav,say the word pool,sad,5
YAF_vine_sad,C:\Users\sande\Desktop\multimodal_emotion_project\dataset\TESS Toronto emotional speech set data\YAF_sad\YAF_vine_sad.wav,say the word vine,sad,5
YAF_nag_disgust,C:\Users\sande\Desktop\multimodal_emotion_project\dataset\TESS Toronto emotional speech set data\YAF_disgust\YAF_nag_disgust.wav,say the word nag,disgust,1
YAF_mess_angry,C:\Users\sande\Desktop\multimodal_emotion_project\dataset\TESS Toronto emotional speech set data\YAF_angry\YAF_mess_angry.wav,say the word mess,angry,0
OAF_when_disgust,C:\Users\sande\Desktop\multimodal_emotion_project\dataset\TESS Toronto emotional speech set data\OAF_disgust\OAF_when_disgust.wav,say the word when,disgust,1
YAF_size_neutral,C:\Users\sande\Desktop\multimodal_emotion_project\dataset\TESS Toronto emotional speech set data\YAF_neutral\YAF_size_neutral.wav,say the word size,neutral,4
OAF_white_fear,C:\Users\sande\Desktop\multimodal_emotion_project\dataset\TESS Toronto emotional speech set data\OAF_Fear\OAF_white_fear.wav,say the word white,fear,2
YAF_tough_happy,C:\Users\sande\Desktop\multimodal_emotion_project\dataset\TESS Toronto emotional speech set data\YAF_happy\YAF_tough_happy.wav,say the word tough,happy,3
YAF_pike_neutral,C:\Users\sande\Desktop\multimodal_emotion_project\dataset\TESS Toronto emotional speech set data\YAF_neutral\YAF_pike_neutral.wav,say the word pike,neutral,4
OAF_match_ps,C:\Users\sande\Desktop\multimodal_emotion_project\dataset\TESS Toronto emotional speech set data\OAF_Pleasant_surprise\OAF_match_ps.wav,say the word match,surprise,6
YAF_learn_fear,C:\Users\sande\Desktop\multimodal_emotion_project\dataset\TESS Toronto emotional speech set data\YAF_fear\YAF_learn_fear.wav,say the word learn,fear,2
OAF_which_sad,C:\Users\sande\Desktop\multimodal_emotion_project\dataset\TESS Toronto emotional speech set data\OAF_Sad\OAF_which_sad.wav,say the word which,sad,5
OAF_ditch_happy,C:\Users\sande\Desktop\multimodal_emotion_project\dataset\TESS Toronto emotional speech set data\OAF_happy\OAF_ditch_happy.wav,say the word ditch,happy,3
OAF_pain_happy,C:\Users\sande\Desktop\multimodal_emotion_project\dataset\TESS Toronto emotional speech set data\OAF_happy\OAF_pain_happy.wav,say the word pain,happy,3
YAF_ripe_angry,C:\Users\sande\Desktop\multimodal_emotion_project\dataset\TESS Toronto emotional speech set data\YAF_angry\YAF_ripe_angry.wav,say the word ripe,angry,0
OAF_phone_happy,C:\Users\sande\Desktop\multimodal_emotion_project\dataset\TESS Toronto emotional speech set data\OAF_happy\OAF_phone_happy.wav,say the word phone,happy,3
OAF_seize_ps,C:\Users\sande\Desktop\multimodal_emotion_project\dataset\TESS Toronto emotional speech set data\OAF_Pleasant_surprise\OAF_seize_ps.wav,say the word seize,surprise,6
OAF_choice_happy,C:\Users\sande\Desktop\multimodal_emotion_project\dataset\TESS Toronto emotional speech set data\OAF_happy\OAF_choice_happy.wav,say the word choice,happy,3
OAF_goose_happy,C:\Users\sande\Desktop\multimodal_emotion_project\dataset\TESS Toronto emotional speech set data\OAF_happy\OAF_goose_happy.wav,say the word goose,happy,3
OAF_shawl_sad,C:\Users\sande\Desktop\multimodal_emotion_project\dataset\TESS Toronto emotional speech set data\OAF_Sad\OAF_shawl_sad.wav,say the word shawl,sad,5
YAF_choice_happy,C:\Users\sande\Desktop\multimodal_emotion_project\dataset\TESS Toronto emotional speech set data\YAF_happy\YAF_choice_happy.wav,say the word choice,happy,3
YAF_fit_sad,C:\Users\sande\Desktop\multimodal_emotion_project\dataset\TESS Toronto emotional speech set data\YAF_sad\YAF_fit_sad.wav,say the word fit,sad,5
OAF_moon_neutral,C:\Users\sande\Desktop\multimodal_emotion_project\dataset\TESS Toronto emotional speech set data\OAF_neutral\OAF_moon_neutral.wav,say the word moon,neutral,4
YAF_wire_angry,C:\Users\sande\Desktop\multimodal_emotion_project\dataset\TESS Toronto emotional speech set data\YAF_angry\YAF_wire_angry.wav,say the word wire,angry,0
OAF_rough_fear,C:\Users\sande\Desktop\multimodal_emotion_project\dataset\TESS Toronto emotional speech set data\OAF_Fear\OAF_rough_fear.wav,say the word rough,fear,2
OAF_puff_disgust,C:\Users\sande\Desktop\multimodal_emotion_project\dataset\TESS Toronto emotional speech set data\OAF_disgust\OAF_puff_disgust.wav,say the word puff,disgust,1
OAF_near_ps,C:\Users\sande\Desktop\multimodal_emotion_project\dataset\TESS Toronto emotional speech set data\OAF_Pleasant_surprise\OAF_near_ps.wav,say the word near,surprise,6
YAF_time_angry,C:\Users\sande\Desktop\multimodal_emotion_project\dataset\TESS Toronto emotional speech set data\YAF_angry\YAF_time_angry.wav,say the word time,angry,0
YAF_wag_sad,C:\Users\sande\Desktop\multimodal_emotion_project\dataset\TESS Toronto emotional speech set data\YAF_sad\YAF_wag_sad.wav,say the word wag,sad,5
YAF_mouse_angry,C:\Users\sande\Desktop\multimodal_emotion_project\dataset\TESS Toronto emotional speech set data\YAF_angry\YAF_mouse_angry.wav,say the word mouse,angry,0
YAF_mob_ps,C:\Users\sande\Desktop\multimodal_emotion_project\dataset\TESS Toronto emotional speech set data\YAF_pleasant_surprised\YAF_mob_ps.wav,say the word mob,surprise,6
OAF_dog_happy,C:\Users\sande\Desktop\multimodal_emotion_project\dataset\TESS Toronto emotional speech set data\OAF_happy\OAF_dog_happy.wav,say the word dog,happy,3
YAF_seize_sad,C:\Users\sande\Desktop\multimodal_emotion_project\dataset\TESS Toronto emotional speech set data\YAF_sad\YAF_seize_sad.wav,say the word seize,sad,5
OAF_match_neutral,C:\Users\sande\Desktop\multimodal_emotion_project\dataset\TESS Toronto emotional speech set data\OAF_neutral\OAF_match_neutral.wav,say the word match,neutral,4
OAF_calm_happy,C:\Users\sande\Desktop\multimodal_emotion_project\dataset\TESS Toronto emotional speech set data\OAF_happy\OAF_calm_happy.wav,say the word calm,happy,3
YAF_ton_neutral,C:\Users\sande\Desktop\multimodal_emotion_project\dataset\TESS Toronto emotional speech set data\YAF_neutral\YAF_ton_neutral.wav,say the word ton,neutral,4
OAF_yes_ps,C:\Users\sande\Desktop\multimodal_emotion_project\dataset\TESS Toronto emotional speech set data\OAF_Pleasant_surprise\OAF_yes_ps.wav,say the word yes,surprise,6
YAF_dead_fear,C:\Users\sande\Desktop\multimodal_emotion_project\dataset\TESS Toronto emotional speech set data\YAF_fear\YAF_dead_fear.wav,say the word dead,fear,2
OAF_sub_disgust,C:\Users\sande\Desktop\multimodal_emotion_project\dataset\TESS Toronto emotional speech set data\OAF_disgust\OAF_sub_disgust.wav,say the word sub,disgust,1
YAF_calm_disgust,C:\Users\sande\Desktop\multimodal_emotion_project\dataset\TESS Toronto emotional speech set data\YAF_disgust\YAF_calm_disgust.wav,say the word calm,disgust,1
YAF_lid_happy,C:\Users\sande\Desktop\multimodal_emotion_project\dataset\TESS Toronto emotional speech set data\YAF_happy\YAF_lid_happy.wav,say the word lid,happy,3
OAF_jar_ps,C:\Users\sande\Desktop\multimodal_emotion_project\dataset\TESS Toronto emotional speech set data\OAF_Pleasant_surprise\OAF_jar_ps.wav,say the word jar,surprise,6
OAF_doll_disgust,C:\Users\sande\Desktop\multimodal_emotion_project\dataset\TESS Toronto emotional speech set data\OAF_disgust\OAF_doll_disgust.wav,say the word doll,disgust,1
YAF_chain_ps,C:\Users\sande\Desktop\multimodal_emotion_project\dataset\TESS Toronto emotional speech set data\YAF_pleasant_surprised\YAF_chain_ps.wav,say the word chain,surprise,6
OAF_tough_disgust,C:\Users\sande\Desktop\multimodal_emotion_project\dataset\TESS Toronto emotional speech set data\OAF_disgust\OAF_tough_disgust.wav,say the word tough,disgust,1
YAF_yes_disgust,C:\Users\sande\Desktop\multimodal_emotion_project\dataset\TESS Toronto emotional speech set data\YAF_disgust\YAF_yes_disgust.wav,say the word yes,disgust,1
OAF_keep_sad,C:\Users\sande\Desktop\multimodal_emotion_project\dataset\TESS Toronto emotional speech set data\OAF_Sad\OAF_keep_sad.wav,say the word keep,sad,5
YAF_tape_happy,C:\Users\sande\Desktop\multimodal_emotion_project\dataset\TESS Toronto emotional speech set data\YAF_happy\YAF_tape_happy.wav,say the word tape,happy,3
OAF_numb_happy,C:\Users\sande\Desktop\multimodal_emotion_project\dataset\TESS Toronto emotional speech set data\OAF_happy\OAF_numb_happy.wav,say the word numb,happy,3
OAF_goal_ps,C:\Users\sande\Desktop\multimodal_emotion_project\dataset\TESS Toronto emotional speech set data\OAF_Pleasant_surprise\OAF_goal_ps.wav,say the word goal,surprise,6
OAF_moon_ps,C:\Users\sande\Desktop\multimodal_emotion_project\dataset\TESS Toronto emotional speech set data\OAF_Pleasant_surprise\OAF_moon_ps.wav,say the word moon,surprise,6
OAF_pike_neutral,C:\Users\sande\Desktop\multimodal_emotion_project\dataset\TESS Toronto emotional speech set data\OAF_neutral\OAF_pike_neutral.wav,say the word pike,neutral,4
OAF_germ_sad,C:\Users\sande\Desktop\multimodal_emotion_project\dataset\TESS Toronto emotional speech set data\OAF_Sad\OAF_germ_sad.wav,say the word germ,sad,5
YAF_dip_disgust,C:\Users\sande\Desktop\multimodal_emotion_project\dataset\TESS Toronto emotional speech set data\YAF_disgust\YAF_dip_disgust.wav,say the word dip,disgust,1
YAF_which_ps,C:\Users\sande\Desktop\multimodal_emotion_project\dataset\TESS Toronto emotional speech set data\YAF_pleasant_surprised\YAF_which_ps.wav,say the word which,surprise,6
OAF_bite_angry,C:\Users\sande\Desktop\multimodal_emotion_project\dataset\TESS Toronto emotional speech set data\OAF_angry\OAF_bite_angry.wav,say the word bite,angry,0
YAF_cause_sad,C:\Users\sande\Desktop\multimodal_emotion_project\dataset\TESS Toronto emotional speech set data\YAF_sad\YAF_cause_sad.wav,say the word cause,sad,5
YAF_dime_fear,C:\Users\sande\Desktop\multimodal_emotion_project\dataset\TESS Toronto emotional speech set data\YAF_fear\YAF_dime_fear.wav,say the word dime,fear,2
OAF_vine_angry,C:\Users\sande\Desktop\multimodal_emotion_project\dataset\TESS Toronto emotional speech set data\OAF_angry\OAF_vine_angry.wav,say the word vine,angry,0
YAF_vote_ps,C:\Users\sande\Desktop\multimodal_emotion_project\dataset\TESS Toronto emotional speech set data\YAF_pleasant_surprised\YAF_vote_ps.wav,say the word vote,surprise,6
OAF_book_ps,C:\Users\sande\Desktop\multimodal_emotion_project\dataset\TESS Toronto emotional speech set data\OAF_Pleasant_surprise\OAF_book_ps.wav,say the word book,surprise,6
YAF_numb_disgust,C:\Users\sande\Desktop\multimodal_emotion_project\dataset\TESS Toronto emotional speech set data\YAF_disgust\YAF_numb_disgust.wav,say the word numb,disgust,1
OAF_wheat_ps,C:\Users\sande\Desktop\multimodal_emotion_project\dataset\TESS Toronto emotional speech set data\OAF_Pleasant_surprise\OAF_wheat_ps.wav,say the word wheat,surprise,6
OAF_long_happy,C:\Users\sande\Desktop\multimodal_emotion_project\dataset\TESS Toronto emotional speech set data\OAF_happy\OAF_long_happy.wav,say the word long,happy,3
OAF_shall_disgust,C:\Users\sande\Desktop\multimodal_emotion_project\dataset\TESS Toronto emotional speech set data\OAF_disgust\OAF_shall_disgust.wav,say the word shall,disgust,1
OAF_numb_fear,C:\Users\sande\Desktop\multimodal_emotion_project\dataset\TESS Toronto emotional speech set data\OAF_Fear\OAF_numb_fear.wav,say the word numb,fear,2
YAF_page_ps,C:\Users\sande\Desktop\multimodal_emotion_project\dataset\TESS Toronto emotional speech set data\YAF_pleasant_surprised\YAF_page_ps.wav,say the word page,surprise,6
OAF_mess_neutral,C:\Users\sande\Desktop\multimodal_emotion_project\dataset\TESS Toronto emotional speech set data\OAF_neutral\OAF_mess_neutral.wav,say the word mess,neutral,4
YAF_near_fear,C:\Users\sande\Desktop\multimodal_emotion_project\dataset\TESS Toronto emotional speech set data\YAF_fear\YAF_near_fear.wav,say the word near,fear,2
YAF_shall_angry,C:\Users\sande\Desktop\multimodal_emotion_project\dataset\TESS Toronto emotional speech set data\YAF_angry\YAF_shall_angry.wav,say the word shall,angry,0
OAF_date_disgust,C:\Users\sande\Desktop\multimodal_emotion_project\dataset\TESS Toronto emotional speech set data\OAF_disgust\OAF_date_disgust.wav,say the word date,disgust,1
OAF_get_sad,C:\Users\sande\Desktop\multimodal_emotion_project\dataset\TESS Toronto emotional speech set data\OAF_Sad\OAF_get_sad.wav,say the word get,sad,5
OAF_jar_disgust,C:\Users\sande\Desktop\multimodal_emotion_project\dataset\TESS Toronto emotional speech set data\OAF_disgust\OAF_jar_disgust.wav,say the word jar,disgust,1
YAF_fall_sad,C:\Users\sande\Desktop\multimodal_emotion_project\dataset\TESS Toronto emotional speech set data\YAF_sad\YAF_fall_sad.wav,say the word fall,sad,5
OAF_keen_happy,C:\Users\sande\Desktop\multimodal_emotion_project\dataset\TESS Toronto emotional speech set data\OAF_happy\OAF_keen_happy.wav,say the word keen,happy,3
YAF_thought_angry,C:\Users\sande\Desktop\multimodal_emotion_project\dataset\TESS Toronto emotional speech set data\YAF_angry\YAF_thought_angry.wav,say the word thought,angry,0
YAF_wire_disgust,C:\Users\sande\Desktop\multimodal_emotion_project\dataset\TESS Toronto emotional speech set data\YAF_disgust\YAF_wire_disgust.wav,say the word wire,disgust,1
OAF_sure_angry,C:\Users\sande\Desktop\multimodal_emotion_project\dataset\TESS Toronto emotional speech set data\OAF_angry\OAF_sure_angry.wav,say the word sure,angry,0
YAF_reach_happy,C:\Users\sande\Desktop\multimodal_emotion_project\dataset\TESS Toronto emotional speech set data\YAF_happy\YAF_reach_happy.wav,say the word reach,happy,3
YAF_kick_fear,C:\Users\sande\Desktop\multimodal_emotion_project\dataset\TESS Toronto emotional speech set data\YAF_fear\YAF_kick_fear.wav,say the word kick,fear,2
OAF_yes_happy,C:\Users\sande\Desktop\multimodal_emotion_project\dataset\TESS Toronto emotional speech set data\OAF_happy\OAF_yes_happy.wav,say the word yes,happy,3
YAF_road_fear,C:\Users\sande\Desktop\multimodal_emotion_project\dataset\TESS Toronto emotional speech set data\YAF_fear\YAF_road_fear.wav,say the word road,fear,2
OAF_cab_happy,C:\Users\sande\Desktop\multimodal_emotion_project\dataset\TESS Toronto emotional speech set data\OAF_happy\OAF_cab_happy.wav,say the word cab,happy,3
YAF_judge_ps,C:\Users\sande\Desktop\multimodal_emotion_project\dataset\TESS Toronto emotional speech set data\YAF_pleasant_surprised\YAF_judge_ps.wav,say the word judge,surprise,6
OAF_pain_fear,C:\Users\sande\Desktop\multimodal_emotion_project\dataset\TESS Toronto emotional speech set data\OAF_Fear\OAF_pain_fear.wav,say the word pain,fear,2
YAF_dog_fear,C:\Users\sande\Desktop\multimodal_emotion_project\dataset\TESS Toronto emotional speech set data\YAF_fear\YAF_dog_fear.wav,say the word dog,fear,2
OAF_learn_sad,C:\Users\sande\Desktop\multimodal_emotion_project\dataset\TESS Toronto emotional speech set data\OAF_Sad\OAF_learn_sad.wav,say the word learn,sad,5
YAF_team_sad,C:\Users\sande\Desktop\multimodal_emotion_project\dataset\TESS Toronto emotional speech set data\YAF_sad\YAF_team_sad.wav,say the word team,sad,5
YAF_bar_ps,C:\Users\sande\Desktop\multimodal_emotion_project\dataset\TESS Toronto emotional speech set data\YAF_pleasant_surprised\YAF_bar_ps.wav,say the word bar,surprise,6
OAF_vine_fear,C:\Users\sande\Desktop\multimodal_emotion_project\dataset\TESS Toronto emotional speech set data\OAF_Fear\OAF_vine_fear.wav,say the word vine,fear,2
YAF_dodge_fear,C:\Users\sande\Desktop\multimodal_emotion_project\dataset\TESS Toronto emotional speech set data\YAF_fear\YAF_dodge_fear.wav,say the word dodge,fear,2
YAF_thin_angry,C:\Users\sande\Desktop\multimodal_emotion_project\dataset\TESS Toronto emotional speech set data\YAF_angry\YAF_thin_angry.wav,say the word thin,angry,0
YAF_cab_neutral,C:\Users\sande\Desktop\multimodal_emotion_project\dataset\TESS Toronto emotional speech set data\YAF_neutral\YAF_cab_neutral.wav,say the word cab,neutral,4
OAF_when_sad,C:\Users\sande\Desktop\multimodal_emotion_project\dataset\TESS Toronto emotional speech set data\OAF_Sad\OAF_when_sad.wav,say the word when,sad,5
YAF_sell_ps,C:\Users\sande\Desktop\multimodal_emotion_project\dataset\TESS Toronto emotional speech set data\YAF_pleasant_surprised\YAF_sell_ps.wav,say the word sell,surprise,6
OAF_kill_angry,C:\Users\sande\Desktop\multimodal_emotion_project\dataset\TESS Toronto emotional speech set data\OAF_angry\OAF_kill_angry.wav,say the word kill,angry,0
YAF_life_fear,C:\Users\sande\Desktop\multimodal_emotion_project\dataset\TESS Toronto emotional speech set data\YAF_fear\YAF_life_fear.wav,say the word life,fear,2
YAF_doll_sad,C:\Users\sande\Desktop\multimodal_emotion_project\dataset\TESS Toronto emotional speech set data\YAF_sad\YAF_doll_sad.wav,say the word doll,sad,5
YAF_rag_sad,C:\Users\sande\Desktop\multimodal_emotion_project\dataset\TESS Toronto emotional speech set data\YAF_sad\YAF_rag_sad.wav,say the word rag,sad,5
YAF_third_disgust,C:\Users\sande\Desktop\multimodal_emotion_project\dataset\TESS Toronto emotional speech set data\YAF_disgust\YAF_third_disgust.wav,say the word third,disgust,1
YAF_rat_angry,C:\Users\sande\Desktop\multimodal_emotion_project\dataset\TESS Toronto emotional speech set data\YAF_angry\YAF_rat_angry.wav,say the word rat,angry,0
YAF_make_neutral,C:\Users\sande\Desktop\multimodal_emotion_project\dataset\TESS Toronto emotional speech set data\YAF_neutral\YAF_make_neutral.wav,say the word make,neutral,4
OAF_red_neutral,C:\Users\sande\Desktop\multimodal_emotion_project\dataset\TESS Toronto emotional speech set data\OAF_neutral\OAF_red_neutral.wav,say the word red,neutral,4
OAF_kick_angry,C:\Users\sande\Desktop\multimodal_emotion_project\dataset\TESS Toronto emotional speech set data\OAF_angry\OAF_kick_angry.wav,say the word kick,angry,0
YAF_jug_happy,C:\Users\sande\Desktop\multimodal_emotion_project\dataset\TESS Toronto emotional speech set data\YAF_happy\YAF_jug_happy.wav,say the word jug,happy,3
OAF_knock_disgust,C:\Users\sande\Desktop\multimodal_emotion_project\dataset\TESS Toronto emotional speech set data\OAF_disgust\OAF_knock_disgust.wav,say the word knock,disgust,1
OAF_chain_fear,C:\Users\sande\Desktop\multimodal_emotion_project\dataset\TESS Toronto emotional speech set data\OAF_Fear\OAF_chain_fear.wav,say the word chain,fear,2
OAF_mill_angry,C:\Users\sande\Desktop\multimodal_emotion_project\dataset\TESS Toronto emotional speech set data\OAF_angry\OAF_mill_angry.wav,say the word mill,angry,0
OAF_search_angry,C:\Users\sande\Desktop\multimodal_emotion_project\dataset\TESS Toronto emotional speech set data\OAF_angry\OAF_search_angry.wav,say the word search,angry,0
YAF_learn_neutral,C:\Users\sande\Desktop\multimodal_emotion_project\dataset\TESS Toronto emotional speech set data\YAF_neutral\YAF_learn_neutral.wav,say the word learn,neutral,4
YAF_knock_sad,C:\Users\sande\Desktop\multimodal_emotion_project\dataset\TESS Toronto emotional speech set data\YAF_sad\YAF_knock_sad.wav,say the word knock,sad,5
YAF_shall_happy,C:\Users\sande\Desktop\multimodal_emotion_project\dataset\TESS Toronto emotional speech set data\YAF_happy\YAF_shall_happy.wav,say the word shall,happy,3
YAF_rose_fear,C:\Users\sande\Desktop\multimodal_emotion_project\dataset\TESS Toronto emotional speech set data\YAF_fear\YAF_rose_fear.wav,say the word rose,fear,2
YAF_jug_sad,C:\Users\sande\Desktop\multimodal_emotion_project\dataset\TESS Toronto emotional speech set data\YAF_sad\YAF_jug_sad.wav,say the word jug,sad,5
OAF_room_disgust,C:\Users\sande\Desktop\multimodal_emotion_project\dataset\TESS Toronto emotional speech set data\OAF_disgust\OAF_room_disgust.wav,say the word room,disgust,1
YAF_time_ps,C:\Users\sande\Desktop\multimodal_emotion_project\dataset\TESS Toronto emotional speech set data\YAF_pleasant_surprised\YAF_time_ps.wav,say the word time,surprise,6
OAF_doll_neutral,C:\Users\sande\Desktop\multimodal_emotion_project\dataset\TESS Toronto emotional speech set data\OAF_neutral\OAF_doll_neutral.wav,say the word doll,neutral,4
YAF_mob_disgust,C:\Users\sande\Desktop\multimodal_emotion_project\dataset\TESS Toronto emotional speech set data\YAF_disgust\YAF_mob_disgust.wav,say the word mob,disgust,1
YAF_came_happy,C:\Users\sande\Desktop\multimodal_emotion_project\dataset\TESS Toronto emotional speech set data\YAF_happy\YAF_came_happy.wav,say the word came,happy,3
OAF_bone_angry,C:\Users\sande\Desktop\multimodal_emotion_project\dataset\TESS Toronto emotional speech set data\OAF_angry\OAF_bone_angry.wav,say the word bone,angry,0
OAF_mop_disgust,C:\Users\sande\Desktop\multimodal_emotion_project\dataset\TESS Toronto emotional speech set data\OAF_disgust\OAF_mop_disgust.wav,say the word mop,disgust,1
YAF_take_ps,C:\Users\sande\Desktop\multimodal_emotion_project\dataset\TESS Toronto emotional speech set data\YAF_pleasant_surprised\YAF_take_ps.wav,say the word take,surprise,6
OAF_limb_ps,C:\Users\sande\Desktop\multimodal_emotion_project\dataset\TESS Toronto emotional speech set data\OAF_Pleasant_surprise\OAF_limb_ps.wav,say the word limb,surprise,6
OAF_deep_sad,C:\Users\sande\Desktop\multimodal_emotion_project\dataset\TESS Toronto emotional speech set data\OAF_Sad\OAF_deep_sad.wav,say the word deep,sad,5
YAF_bite_sad,C:\Users\sande\Desktop\multimodal_emotion_project\dataset\TESS Toronto emotional speech set data\YAF_sad\YAF_bite_sad.wav,say the word bite,sad,5
YAF_raise_ps,C:\Users\sande\Desktop\multimodal_emotion_project\dataset\TESS Toronto emotional speech set data\YAF_pleasant_surprised\YAF_raise_ps.wav,say the word raise,surprise,6
YAF_live_neutral,C:\Users\sande\Desktop\multimodal_emotion_project\dataset\TESS Toronto emotional speech set data\YAF_neutral\YAF_live_neutral.wav,say the word live,neutral,4
YAF_said_ps,C:\Users\sande\Desktop\multimodal_emotion_project\dataset\TESS Toronto emotional speech set data\YAF_pleasant_surprised\YAF_said_ps.wav,say the word said,surprise,6
OAF_chair_disgust,C:\Users\sande\Desktop\multimodal_emotion_project\dataset\TESS Toronto emotional speech set data\OAF_disgust\OAF_chair_disgust.wav,say the word chair,disgust,1
OA_bite_neutral,C:\Users\sande\Desktop\multimodal_emotion_project\dataset\TESS Toronto emotional speech set data\OAF_neutral\OA_bite_neutral.wav,say the word bite,neutral,4
OAF_fat_angry,C:\Users\sande\Desktop\multimodal_emotion_project\dataset\TESS Toronto emotional speech set data\OAF_angry\OAF_fat_angry.wav,say the word fat,angry,0
OAF_talk_sad,C:\Users\sande\Desktop\multimodal_emotion_project\dataset\TESS Toronto emotional speech set data\OAF_Sad\OAF_talk_sad.wav,say the word talk,sad,5
OAF_keg_sad,C:\Users\sande\Desktop\multimodal_emotion_project\dataset\TESS Toronto emotional speech set data\OAF_Sad\OAF_keg_sad.wav,say the word keg,sad,5
YAF_tool_angry,C:\Users\sande\Desktop\multimodal_emotion_project\dataset\TESS Toronto emotional speech set data\YAF_angry\YAF_tool_angry.wav,say the word tool,angry,0
OAF_jail_disgust,C:\Users\sande\Desktop\multimodal_emotion_project\dataset\TESS Toronto emotional speech set data\OAF_disgust\OAF_jail_disgust.wav,say the word jail,disgust,1
YAF_calm_neutral,C:\Users\sande\Desktop\multimodal_emotion_project\dataset\TESS Toronto emotional speech set data\YAF_neutral\YAF_calm_neutral.wav,say the word calm,neutral,4
OAF_thumb_neutral,C:\Users\sande\Desktop\multimodal_emotion_project\dataset\TESS Toronto emotional speech set data\OAF_neutral\OAF_thumb_neutral.wav,say the word thumb,neutral,4
YAF_neat_neutral,C:\Users\sande\Desktop\multimodal_emotion_project\dataset\TESS Toronto emotional speech set data\YAF_neutral\YAF_neat_neutral.wav,say the word neat,neutral,4
OAF_thumb_fear,C:\Users\sande\Desktop\multimodal_emotion_project\dataset\TESS Toronto emotional speech set data\OAF_Fear\OAF_thumb_fear.wav,say the word thumb,fear,2
YAF_check_disgust,C:\Users\sande\Desktop\multimodal_emotion_project\dataset\TESS Toronto emotional speech set data\YAF_disgust\YAF_check_disgust.wav,say the word check,disgust,1
YAF_numb_angry,C:\Users\sande\Desktop\multimodal_emotion_project\dataset\TESS Toronto emotional speech set data\YAF_angry\YAF_numb_angry.wav,say the word numb,angry,0
OAF_time_fear,C:\Users\sande\Desktop\multimodal_emotion_project\dataset\TESS Toronto emotional speech set data\OAF_Fear\OAF_time_fear.wav,say the word time,fear,2
YAF_bar_happy,C:\Users\sande\Desktop\multimodal_emotion_project\dataset\TESS Toronto emotional speech set data\YAF_happy\YAF_bar_happy.wav,say the word bar,happy,3
YAF_gun_ps,C:\Users\sande\Desktop\multimodal_emotion_project\dataset\TESS Toronto emotional speech set data\YAF_pleasant_surprised\YAF_gun_ps.wav,say the word gun,surprise,6
YAF_mill_angry,C:\Users\sande\Desktop\multimodal_emotion_project\dataset\TESS Toronto emotional speech set data\YAF_angry\YAF_mill_angry.wav,say the word mill,angry,0
OAF_shawl_ps,C:\Users\sande\Desktop\multimodal_emotion_project\dataset\TESS Toronto emotional speech set data\OAF_Pleasant_surprise\OAF_shawl_ps.wav,say the word shawl,surprise,6
YAF_such_happy,C:\Users\sande\Desktop\multimodal_emotion_project\dataset\TESS Toronto emotional speech set data\YAF_happy\YAF_such_happy.wav,say the word such,happy,3
OAF_bath_angry,C:\Users\sande\Desktop\multimodal_emotion_project\dataset\TESS Toronto emotional speech set data\OAF_angry\OAF_bath_angry.wav,say the word bath,angry,0
OAF_talk_fear,C:\Users\sande\Desktop\multimodal_emotion_project\dataset\TESS Toronto emotional speech set data\OAF_Fear\OAF_talk_fear.wav,say the word talk,fear,2
YAF_death_sad,C:\Users\sande\Desktop\multimodal_emotion_project\dataset\TESS Toronto emotional speech set data\YAF_sad\YAF_death_sad.wav,say the word death,sad,5
YAF_gas_happy,C:\Users\sande\Desktop\multimodal_emotion_project\dataset\TESS Toronto emotional speech set data\YAF_happy\YAF_gas_happy.wav,say the word gas,happy,3
OAF_pole_angry,C:\Users\sande\Desktop\multimodal_emotion_project\dataset\TESS Toronto emotional speech set data\OAF_angry\OAF_pole_angry.wav,say the word pole,angry,0
YAF_far_happy,C:\Users\sande\Desktop\multimodal_emotion_project\dataset\TESS Toronto emotional speech set data\YAF_happy\YAF_far_happy.wav,say the word far,happy,3
OAF_love_happy,C:\Users\sande\Desktop\multimodal_emotion_project\dataset\TESS Toronto emotional speech set data\OAF_happy\OAF_love_happy.wav,say the word love,happy,3
OAF_near_angry,C:\Users\sande\Desktop\multimodal_emotion_project\dataset\TESS Toronto emotional speech set data\OAF_angry\OAF_near_angry.wav,say the word near,angry,0
OAF_hash_neutral,C:\Users\sande\Desktop\multimodal_emotion_project\dataset\TESS Toronto emotional speech set data\OAF_neutral\OAF_hash_neutral.wav,say the word hash,neutral,4
OAF_neat_fear,C:\Users\sande\Desktop\multimodal_emotion_project\dataset\TESS Toronto emotional speech set data\OAF_Fear\OAF_neat_fear.wav,say the word neat,fear,2
OAF_cause_disgust,C:\Users\sande\Desktop\multimodal_emotion_project\dataset\TESS Toronto emotional speech set data\OAF_disgust\OAF_cause_disgust.wav,say the word cause,disgust,1
YAF_kick_angry,C:\Users\sande\Desktop\multimodal_emotion_project\dataset\TESS Toronto emotional speech set data\YAF_angry\YAF_kick_angry.wav,say the word kick,angry,0
YAF_third_neutral,C:\Users\sande\Desktop\multimodal_emotion_project\dataset\TESS Toronto emotional speech set data\YAF_neutral\YAF_third_neutral.wav,say the word third,neutral,4
YAF_raid_disgust,C:\Users\sande\Desktop\multimodal_emotion_project\dataset\TESS Toronto emotional speech set data\YAF_disgust\YAF_raid_disgust.wav,say the word raid,disgust,1
YAF_yearn_happy,C:\Users\sande\Desktop\multimodal_emotion_project\dataset\TESS Toronto emotional speech set data\YAF_happy\YAF_yearn_happy.wav,say the word yearn,happy,3
YAF_shirt_happy,C:\Users\sande\Desktop\multimodal_emotion_project\dataset\TESS Toronto emotional speech set data\YAF_happy\YAF_shirt_happy.wav,say the word shirt,happy,3
YAF_mop_fear,C:\Users\sande\Desktop\multimodal_emotion_project\dataset\TESS Toronto emotional speech set data\YAF_fear\YAF_mop_fear.wav,say the word mop,fear,2
YAF_pick_ps,C:\Users\sande\Desktop\multimodal_emotion_project\dataset\TESS Toronto emotional speech set data\YAF_pleasant_surprised\YAF_pick_ps.wav,say the word pick,surprise,6
YAF_shall_neutral,C:\Users\sande\Desktop\multimodal_emotion_project\dataset\TESS Toronto emotional speech set data\YAF_neutral\YAF_shall_neutral.wav,say the word shall,neutral,4
YAF_lot_happy,C:\Users\sande\Desktop\multimodal_emotion_project\dataset\TESS Toronto emotional speech set data\YAF_happy\YAF_lot_happy.wav,say the word lot,happy,3
YAF_mood_neutral,C:\Users\sande\Desktop\multimodal_emotion_project\dataset\TESS Toronto emotional speech set data\YAF_neutral\YAF_mood_neutral.wav,say the word mood,neutral,4
YAF_met_ps,C:\Users\sande\Desktop\multimodal_emotion_project\dataset\TESS Toronto emotional speech set data\YAF_pleasant_surprised\YAF_met_ps.wav,say the word met,surprise,6
OAF_keen_neutral,C:\Users\sande\Desktop\multimodal_emotion_project\dataset\TESS Toronto emotional speech set data\OAF_neutral\OAF_keen_neutral.wav,say the word keen,neutral,4
OAF_death_disgust,C:\Users\sande\Desktop\multimodal_emotion_project\dataset\TESS Toronto emotional speech set data\OAF_disgust\OAF_death_disgust.wav,say the word death,disgust,1
YAF_pool_happy,C:\Users\sande\Desktop\multimodal_emotion_project\dataset\TESS Toronto emotional speech set data\YAF_happy\YAF_pool_happy.wav,say the word pool,happy,3
YAF_chain_fear,C:\Users\sande\Desktop\multimodal_emotion_project\dataset\TESS Toronto emotional speech set data\YAF_fear\YAF_chain_fear.wav,say the word chain,fear,2
OAF_raid_neutral,C:\Users\sande\Desktop\multimodal_emotion_project\dataset\TESS Toronto emotional speech set data\OAF_neutral\OAF_raid_neutral.wav,say the word raid,neutral,4
YAF_sheep_ps,C:\Users\sande\Desktop\multimodal_emotion_project\dataset\TESS Toronto emotional speech set data\YAF_pleasant_surprised\YAF_sheep_ps.wav,say the word sheep,surprise,6
OAF_wife_angry,C:\Users\sande\Desktop\multimodal_emotion_project\dataset\TESS Toronto emotional speech set data\OAF_angry\OAF_wife_angry.wav,say the word wife,angry,0
OAF_nag_fear,C:\Users\sande\Desktop\multimodal_emotion_project\dataset\TESS Toronto emotional speech set data\OAF_Fear\OAF_nag_fear.wav,say the word nag,fear,2
OAF_shall_neutral,C:\Users\sande\Desktop\multimodal_emotion_project\dataset\TESS Toronto emotional speech set data\OAF_neutral\OAF_shall_neutral.wav,say the word shall,neutral,4
YAF_soup_sad,C:\Users\sande\Desktop\multimodal_emotion_project\dataset\TESS Toronto emotional speech set data\YAF_sad\YAF_soup_sad.wav,say the word soup,sad,5
OAF_peg_happy,C:\Users\sande\Desktop\multimodal_emotion_project\dataset\TESS Toronto emotional speech set data\OAF_happy\OAF_peg_happy.wav,say the word peg,happy,3
YAF_met_angry,C:\Users\sande\Desktop\multimodal_emotion_project\dataset\TESS Toronto emotional speech set data\YAF_angry\YAF_met_angry.wav,say the word met,angry,0
OAF_turn_angry,C:\Users\sande\Desktop\multimodal_emotion_project\dataset\TESS Toronto emotional speech set data\OAF_angry\OAF_turn_angry.wav,say the word turn,angry,0
OAF_voice_disgust,C:\Users\sande\Desktop\multimodal_emotion_project\dataset\TESS Toronto emotional speech set data\OAF_disgust\OAF_voice_disgust.wav,say the word voice,disgust,1
YAF_book_disgust,C:\Users\sande\Desktop\multimodal_emotion_project\dataset\TESS Toronto emotional speech set data\YAF_disgust\YAF_book_disgust.wav,say the word book,disgust,1
OAF_raid_angry,C:\Users\sande\Desktop\multimodal_emotion_project\dataset\TESS Toronto emotional speech set data\OAF_angry\OAF_raid_angry.wav,say the word raid,angry,0
YAF_half_disgust,C:\Users\sande\Desktop\multimodal_emotion_project\dataset\TESS Toronto emotional speech set data\YAF_disgust\YAF_half_disgust.wav,say the word half,disgust,1
OAF_mess_fear,C:\Users\sande\Desktop\multimodal_emotion_project\dataset\TESS Toronto emotional speech set data\OAF_Fear\OAF_mess_fear.wav,say the word mess,fear,2
OAF_half_fear,C:\Users\sande\Desktop\multimodal_emotion_project\dataset\TESS Toronto emotional speech set data\OAF_Fear\OAF_half_fear.wav,say the word half,fear,2
OAF_red_angry,C:\Users\sande\Desktop\multimodal_emotion_project\dataset\TESS Toronto emotional speech set data\OAF_angry\OAF_red_angry.wav,say the word red,angry,0
OAF_gap_fear,C:\Users\sande\Desktop\multimodal_emotion_project\dataset\TESS Toronto emotional speech set data\OAF_Fear\OAF_gap_fear.wav,say the word gap,fear,2
YAF_walk_sad,C:\Users\sande\Desktop\multimodal_emotion_project\dataset\TESS Toronto emotional speech set data\YAF_sad\YAF_walk_sad.wav,say the word walk,sad,5
YAF_merge_fear,C:\Users\sande\Desktop\multimodal_emotion_project\dataset\TESS Toronto emotional speech set data\YAF_fear\YAF_merge_fear.wav,say the word merge,fear,2
OAF_mode_disgust,C:\Users\sande\Desktop\multimodal_emotion_project\dataset\TESS Toronto emotional speech set data\OAF_disgust\OAF_mode_disgust.wav,say the word mode,disgust,1
OAF_boat_ps,C:\Users\sande\Desktop\multimodal_emotion_project\dataset\TESS Toronto emotional speech set data\OAF_Pleasant_surprise\OAF_boat_ps.wav,say the word boat,surprise,6
OAF_nice_angry,C:\Users\sande\Desktop\multimodal_emotion_project\dataset\TESS Toronto emotional speech set data\OAF_angry\OAF_nice_angry.wav,say the word nice,angry,0
OAF_goal_disgust,C:\Users\sande\Desktop\multimodal_emotion_project\dataset\TESS Toronto emotional speech set data\OAF_disgust\OAF_goal_disgust.wav,say the word goal,disgust,1
YAF_lose_fear,C:\Users\sande\Desktop\multimodal_emotion_project\dataset\TESS Toronto emotional speech set data\YAF_fear\YAF_lose_fear.wav,say the word lose,fear,2
OAF_near_disgust,C:\Users\sande\Desktop\multimodal_emotion_project\dataset\TESS Toronto emotional speech set data\OAF_disgust\OAF_near_disgust.wav,say the word near,disgust,1
YAF_wheat_neutral,C:\Users\sande\Desktop\multimodal_emotion_project\dataset\TESS Toronto emotional speech set data\YAF_neutral\YAF_wheat_neutral.wav,say the word wheat,neutral,4
YAF_walk_fear,C:\Users\sande\Desktop\multimodal_emotion_project\dataset\TESS Toronto emotional speech set data\YAF_fear\YAF_walk_fear.wav,say the word walk,fear,2
OAF_mob_fear,C:\Users\sande\Desktop\multimodal_emotion_project\dataset\TESS Toronto emotional speech set data\OAF_Fear\OAF_mob_fear.wav,say the word mob,fear,2
OAF_fail_angry,C:\Users\sande\Desktop\multimodal_emotion_project\dataset\TESS Toronto emotional speech set data\OAF_angry\OAF_fail_angry.wav,say the word fail,angry,0
YAF_long_angry,C:\Users\sande\Desktop\multimodal_emotion_project\dataset\TESS Toronto emotional speech set data\YAF_angry\YAF_long_angry.wav,say the word long,angry,0
YAF_bought_sad,C:\Users\sande\Desktop\multimodal_emotion_project\dataset\TESS Toronto emotional speech set data\YAF_sad\YAF_bought_sad.wav,say the word bought,sad,5
OAF_wash_disgust,C:\Users\sande\Desktop\multimodal_emotion_project\dataset\TESS Toronto emotional speech set data\OAF_disgust\OAF_wash_disgust.wav,say the word wash,disgust,1
YAF_tell_fear,C:\Users\sande\Desktop\multimodal_emotion_project\dataset\TESS Toronto emotional speech set data\YAF_fear\YAF_tell_fear.wav,say the word tell,fear,2
YAF_half_angry,C:\Users\sande\Desktop\multimodal_emotion_project\dataset\TESS Toronto emotional speech set data\YAF_angry\YAF_half_angry.wav,say the word half,angry,0
YAF_dead_sad,C:\Users\sande\Desktop\multimodal_emotion_project\dataset\TESS Toronto emotional speech set data\YAF_sad\YAF_dead_sad.wav,say the word dead,sad,5
OAF_chief_ps,C:\Users\sande\Desktop\multimodal_emotion_project\dataset\TESS Toronto emotional speech set data\OAF_Pleasant_surprise\OAF_chief_ps.wav,say the word chief,surprise,6
YAF_hush_disgust,C:\Users\sande\Desktop\multimodal_emotion_project\dataset\TESS Toronto emotional speech set data\YAF_disgust\YAF_hush_disgust.wav,say the word hush,disgust,1
YAF_cause_angry,C:\Users\sande\Desktop\multimodal_emotion_project\dataset\TESS Toronto emotional speech set data\YAF_angry\YAF_cause_angry.wav,say the word cause,angry,0
YAF_red_happy,C:\Users\sande\Desktop\multimodal_emotion_project\dataset\TESS Toronto emotional speech set data\YAF_happy\YAF_red_happy.wav,say the word red,happy,3
YAF_rain_disgust,C:\Users\sande\Desktop\multimodal_emotion_project\dataset\TESS Toronto emotional speech set data\YAF_disgust\YAF_rain_disgust.wav,say the word rain,disgust,1
YAF_loaf_happy,C:\Users\sande\Desktop\multimodal_emotion_project\dataset\TESS Toronto emotional speech set data\YAF_happy\YAF_loaf_happy.wav,say the word loaf,happy,3
YAF_pain_angry,C:\Users\sande\Desktop\multimodal_emotion_project\dataset\TESS Toronto emotional speech set data\YAF_angry\YAF_pain_angry.wav,say the word pain,angry,0
OAF_pole_ps,C:\Users\sande\Desktop\multimodal_emotion_project\dataset\TESS Toronto emotional speech set data\OAF_Pleasant_surprise\OAF_pole_ps.wav,say the word pole,surprise,6
OAF_gun_fear,C:\Users\sande\Desktop\multimodal_emotion_project\dataset\TESS Toronto emotional speech set data\OAF_Fear\OAF_gun_fear.wav,say the word gun,fear,2
OAF_lid_happy,C:\Users\sande\Desktop\multimodal_emotion_project\dataset\TESS Toronto emotional speech set data\OAF_happy\OAF_lid_happy.wav,say the word lid,happy,3
OAF_good_angry,C:\Users\sande\Desktop\multimodal_emotion_project\dataset\TESS Toronto emotional speech set data\OAF_angry\OAF_good_angry.wav,say the word good,angry,0
YAF_keen_sad,C:\Users\sande\Desktop\multimodal_emotion_project\dataset\TESS Toronto emotional speech set data\YAF_sad\YAF_keen_sad.wav,say the word keen,sad,5
OAF_sell_disgust,C:\Users\sande\Desktop\multimodal_emotion_project\dataset\TESS Toronto emotional speech set data\OAF_disgust\OAF_sell_disgust.wav,say the word sell,disgust,1
YAF_bite_ps,C:\Users\sande\Desktop\multimodal_emotion_project\dataset\TESS Toronto emotional speech set data\YAF_pleasant_surprised\YAF_bite_ps.wav,say the word bite,surprise,6
YAF_fit_disgust,C:\Users\sande\Desktop\multimodal_emotion_project\dataset\TESS Toronto emotional speech set data\YAF_disgust\YAF_fit_disgust.wav,say the word fit,disgust,1
YAF_week_angry,C:\Users\sande\Desktop\multimodal_emotion_project\dataset\TESS Toronto emotional speech set data\YAF_angry\YAF_week_angry.wav,say the word week,angry,0
OAF_jug_sad,C:\Users\sande\Desktop\multimodal_emotion_project\dataset\TESS Toronto emotional speech set data\OAF_Sad\OAF_jug_sad.wav,say the word jug,sad,5
YAF_such_angry,C:\Users\sande\Desktop\multimodal_emotion_project\dataset\TESS Toronto emotional speech set data\YAF_angry\YAF_such_angry.wav,say the word such,angry,0
OAF_such_disgust,C:\Users\sande\Desktop\multimodal_emotion_project\dataset\TESS Toronto emotional speech set data\OAF_disgust\OAF_such_disgust.wav,say the word such,disgust,1
OAF_book_happy,C:\Users\sande\Desktop\multimodal_emotion_project\dataset\TESS Toronto emotional speech set data\OAF_happy\OAF_book_happy.wav,say the word book,happy,3
YAF_goal_angry,C:\Users\sande\Desktop\multimodal_emotion_project\dataset\TESS Toronto emotional speech set data\YAF_angry\YAF_goal_angry.wav,say the word goal,angry,0
OAF_home_fear,C:\Users\sande\Desktop\multimodal_emotion_project\dataset\TESS Toronto emotional speech set data\OAF_Fear\OAF_home_fear.wav,say the word home,fear,2
YAF_mood_fear,C:\Users\sande\Desktop\multimodal_emotion_project\dataset\TESS Toronto emotional speech set data\YAF_fear\YAF_mood_fear.wav,say the word mood,fear,2
YAF_beg_ps,C:\Users\sande\Desktop\multimodal_emotion_project\dataset\TESS Toronto emotional speech set data\YAF_pleasant_surprised\YAF_beg_ps.wav,say the word beg,surprise,6
YAF_note_disgust,C:\Users\sande\Desktop\multimodal_emotion_project\dataset\TESS Toronto emotional speech set data\YAF_disgust\YAF_note_disgust.wav,say the word note,disgust,1
OAF_third_disgust,C:\Users\sande\Desktop\multimodal_emotion_project\dataset\TESS Toronto emotional speech set data\OAF_disgust\OAF_third_disgust.wav,say the word third,disgust,1
OAF_hash_disgust,C:\Users\sande\Desktop\multimodal_emotion_project\dataset\TESS Toronto emotional speech set data\OAF_disgust\OAF_hash_disgust.wav,say the word hash,disgust,1
YAF_sure_ps,C:\Users\sande\Desktop\multimodal_emotion_project\dataset\TESS Toronto emotional speech set data\YAF_pleasant_surprised\YAF_sure_ps.wav,say the word sure,surprise,6
YAF_chat_happy,C:\Users\sande\Desktop\multimodal_emotion_project\dataset\TESS Toronto emotional speech set data\YAF_happy\YAF_chat_happy.wav,say the word chat,happy,3
YAF_read_angry,C:\Users\sande\Desktop\multimodal_emotion_project\dataset\TESS Toronto emotional speech set data\YAF_angry\YAF_read_angry.wav,say the word read,angry,0
YAF_hole_fear,C:\Users\sande\Desktop\multimodal_emotion_project\dataset\TESS Toronto emotional speech set data\YAF_fear\YAF_hole_fear.wav,say the word hole,fear,2
OAF_check_disgust,C:\Users\sande\Desktop\multimodal_emotion_project\dataset\TESS Toronto emotional speech set data\OAF_disgust\OAF_check_disgust.wav,say the word check,disgust,1
YAF_hash_angry,C:\Users\sande\Desktop\multimodal_emotion_project\dataset\TESS Toronto emotional speech set data\YAF_angry\YAF_hash_angry.wav,say the word hash,angry,0
YAF_lose_ps,C:\Users\sande\Desktop\multimodal_emotion_project\dataset\TESS Toronto emotional speech set data\YAF_pleasant_surprised\YAF_lose_ps.wav,say the word lose,surprise,6
YAF_far_angry,C:\Users\sande\Desktop\multimodal_emotion_project\dataset\TESS Toronto emotional speech set data\YAF_angry\YAF_far_angry.wav,say the word far,angry,0
OAF_goose_ps,C:\Users\sande\Desktop\multimodal_emotion_project\dataset\TESS Toronto emotional speech set data\OAF_Pleasant_surprise\OAF_goose_ps.wav,say the word goose,surprise,6
YAF_lean_sad,C:\Users\sande\Desktop\multimodal_emotion_project\dataset\TESS Toronto emotional speech set data\YAF_sad\YAF_lean_sad.wav,say the word lean,sad,5
OAF_haze_fear,C:\Users\sande\Desktop\multimodal_emotion_project\dataset\TESS Toronto emotional speech set data\OAF_Fear\OAF_haze_fear.wav,say the word haze,fear,2
OAF_tire_fear,C:\Users\sande\Desktop\multimodal_emotion_project\dataset\TESS Toronto emotional speech set data\OAF_Fear\OAF_tire_fear.wav,say the word tire,fear,2
OAF_check_fear,C:\Users\sande\Desktop\multimodal_emotion_project\dataset\TESS Toronto emotional speech set data\OAF_Fear\OAF_check_fear.wav,say the word check,fear,2
OAF_gun_neutral,C:\Users\sande\Desktop\multimodal_emotion_project\dataset\TESS Toronto emotional speech set data\OAF_neutral\OAF_gun_neutral.wav,say the word gun,neutral,4
OAF_void_happy,C:\Users\sande\Desktop\multimodal_emotion_project\dataset\TESS Toronto emotional speech set data\OAF_happy\OAF_void_happy.wav,say the word void,happy,3
YAF_voice_sad,C:\Users\sande\Desktop\multimodal_emotion_project\dataset\TESS Toronto emotional speech set data\YAF_sad\YAF_voice_sad.wav,say the word voice,sad,5
YAF_gaze_sad,C:\Users\sande\Desktop\multimodal_emotion_project\dataset\TESS Toronto emotional speech set data\YAF_sad\YAF_gaze_sad.wav,say the word gaze,sad,5
OAF_ditch_sad,C:\Users\sande\Desktop\multimodal_emotion_project\dataset\TESS Toronto emotional speech set data\OAF_Sad\OAF_ditch_sad.wav,say the word ditch,sad,5
YAF_pick_angry,C:\Users\sande\Desktop\multimodal_emotion_project\dataset\TESS Toronto emotional speech set data\YAF_angry\YAF_pick_angry.wav,say the word pick,angry,0
OAF_shall_sad,C:\Users\sande\Desktop\multimodal_emotion_project\dataset\TESS Toronto emotional speech set data\OAF_Sad\OAF_shall_sad.wav,say the word shall,sad,5
OAF_rot_happy,C:\Users\sande\Desktop\multimodal_emotion_project\dataset\TESS Toronto emotional speech set data\OAF_happy\OAF_rot_happy.wav,say the word rot,happy,3
YAF_wash_angry,C:\Users\sande\Desktop\multimodal_emotion_project\dataset\TESS Toronto emotional speech set data\YAF_angry\YAF_wash_angry.wav,say the word wash,angry,0
OAF_youth_happy,C:\Users\sande\Desktop\multimodal_emotion_project\dataset\TESS Toronto emotional speech set data\OAF_happy\OAF_youth_happy.wav,say the word youth,happy,3
OAF_youth_disgust,C:\Users\sande\Desktop\multimodal_emotion_project\dataset\TESS Toronto emotional speech set data\OAF_disgust\OAF_youth_disgust.wav,say the word youth,disgust,1
OAF_youth_ps,C:\Users\sande\Desktop\multimodal_emotion_project\dataset\TESS Toronto emotional speech set data\OAF_Pleasant_surprise\OAF_youth_ps.wav,say the word youth,surprise,6
YAF_ripe_fear,C:\Users\sande\Desktop\multimodal_emotion_project\dataset\TESS Toronto emotional speech set data\YAF_fear\YAF_ripe_fear.wav,say the word ripe,fear,2
YAF_wire_fear,C:\Users\sande\Desktop\multimodal_emotion_project\dataset\TESS Toronto emotional speech set data\YAF_fear\YAF_wire_fear.wav,say the word wire,fear,2
YAF_love_sad,C:\Users\sande\Desktop\multimodal_emotion_project\dataset\TESS Toronto emotional speech set data\YAF_sad\YAF_love_sad.wav,say the word love,sad,5
OAF_match_fear,C:\Users\sande\Desktop\multimodal_emotion_project\dataset\TESS Toronto emotional speech set data\OAF_Fear\OAF_match_fear.wav,say the word match,fear,2
OAF_wheat_happy,C:\Users\sande\Desktop\multimodal_emotion_project\dataset\TESS Toronto emotional speech set data\OAF_happy\OAF_wheat_happy.wav,say the word wheat,happy,3
YAF_deep_happy,C:\Users\sande\Desktop\multimodal_emotion_project\dataset\TESS Toronto emotional speech set data\YAF_happy\YAF_deep_happy.wav,say the word deep,happy,3
YAF_boat_fear,C:\Users\sande\Desktop\multimodal_emotion_project\dataset\TESS Toronto emotional speech set data\YAF_fear\YAF_boat_fear.wav,say the word boat,fear,2
OAF_ton_sad,C:\Users\sande\Desktop\multimodal_emotion_project\dataset\TESS Toronto emotional speech set data\OAF_Sad\OAF_ton_sad.wav,say the word ton,sad,5
YAF_thin_sad,C:\Users\sande\Desktop\multimodal_emotion_project\dataset\TESS Toronto emotional speech set data\YAF_sad\YAF_thin_sad.wav,say the word thin,sad,5
OAF_when_happy,C:\Users\sande\Desktop\multimodal_emotion_project\dataset\TESS Toronto emotional speech set data\OAF_happy\OAF_when_happy.wav,say the word when,happy,3
YAF_boat_disgust,C:\Users\sande\Desktop\multimodal_emotion_project\dataset\TESS Toronto emotional speech set data\YAF_disgust\YAF_boat_disgust.wav,say the word boat,disgust,1
OAF_live_ps,C:\Users\sande\Desktop\multimodal_emotion_project\dataset\TESS Toronto emotional speech set data\OAF_Pleasant_surprise\OAF_live_ps.wav,say the word live,surprise,6
YAF_get_disgust,C:\Users\sande\Desktop\multimodal_emotion_project\dataset\TESS Toronto emotional speech set data\YAF_disgust\YAF_get_disgust.wav,say the word get,disgust,1
OAF_team_angry,C:\Users\sande\Desktop\multimodal_emotion_project\dataset\TESS Toronto emotional speech set data\OAF_angry\OAF_team_angry.wav,say the word team,angry,0
OAF_tape_disgust,C:\Users\sande\Desktop\multimodal_emotion_project\dataset\TESS Toronto emotional speech set data\OAF_disgust\OAF_tape_disgust.wav,say the word tape,disgust,1
OAF_late_ps,C:\Users\sande\Desktop\multimodal_emotion_project\dataset\TESS Toronto emotional speech set data\OAF_Pleasant_surprise\OAF_late_ps.wav,say the word late,surprise,6
YAF_numb_neutral,C:\Users\sande\Desktop\multimodal_emotion_project\dataset\TESS Toronto emotional speech set data\YAF_neutral\YAF_numb_neutral.wav,say the word numb,neutral,4
OAF_pool_angry,C:\Users\sande\Desktop\multimodal_emotion_project\dataset\TESS Toronto emotional speech set data\OAF_angry\OAF_pool_angry.wav,say the word pool,angry,0
YAF_dodge_disgust,C:\Users\sande\Desktop\multimodal_emotion_project\dataset\TESS Toronto emotional speech set data\YAF_disgust\YAF_dodge_disgust.wav,say the word dodge,disgust,1
OAF_room_neutral,C:\Users\sande\Desktop\multimodal_emotion_project\dataset\TESS Toronto emotional speech set data\OAF_neutral\OAF_room_neutral.wav,say the word room,neutral,4
YAF_hash_neutral,C:\Users\sande\Desktop\multimodal_emotion_project\dataset\TESS Toronto emotional speech set data\YAF_neutral\YAF_hash_neutral.wav,say the word hash,neutral,4
OAF_goose_fear,C:\Users\sande\Desktop\multimodal_emotion_project\dataset\TESS Toronto emotional speech set data\OAF_Fear\OAF_goose_fear.wav,say the word goose,fear,2
YAF_kill_ps,C:\Users\sande\Desktop\multimodal_emotion_project\dataset\TESS Toronto emotional speech set data\YAF_pleasant_surprised\YAF_kill_ps.wav,say the word kill,surprise,6
YAF_date_happy,C:\Users\sande\Desktop\multimodal_emotion_project\dataset\TESS Toronto emotional speech set data\YAF_happy\YAF_date_happy.wav,say the word date,happy,3
YAF_king_sad,C:\Users\sande\Desktop\multimodal_emotion_project\dataset\TESS Toronto emotional speech set data\YAF_sad\YAF_king_sad.wav,say the word king,sad,5
OAF_door_fear,C:\Users\sande\Desktop\multimodal_emotion_project\dataset\TESS Toronto emotional speech set data\OAF_Fear\OAF_door_fear.wav,say the word door,fear,2
YAF_which_sad,C:\Users\sande\Desktop\multimodal_emotion_project\dataset\TESS Toronto emotional speech set data\YAF_sad\YAF_which_sad.wav,say the word which,sad,5
YAF_jail_ps,C:\Users\sande\Desktop\multimodal_emotion_project\dataset\TESS Toronto emotional speech set data\YAF_pleasant_surprised\YAF_jail_ps.wav,say the word jail,surprise,6
OAF_gas_angry,C:\Users\sande\Desktop\multimodal_emotion_project\dataset\TESS Toronto emotional speech set data\OAF_angry\OAF_gas_angry.wav,say the word gas,angry,0
OAF_gin_ps,C:\Users\sande\Desktop\multimodal_emotion_project\dataset\TESS Toronto emotional speech set data\OAF_Pleasant_surprise\OAF_gin_ps.wav,say the word gin,surprise,6
YAF_sub_neutral,C:\Users\sande\Desktop\multimodal_emotion_project\dataset\TESS Toronto emotional speech set data\YAF_neutral\YAF_sub_neutral.wav,say the word sub,neutral,4
OAF_hall_sad,C:\Users\sande\Desktop\multimodal_emotion_project\dataset\TESS Toronto emotional speech set data\OAF_Sad\OAF_hall_sad.wav,say the word hall,sad,5
OAF_home_angry,C:\Users\sande\Desktop\multimodal_emotion_project\dataset\TESS Toronto emotional speech set data\OAF_angry\OAF_home_angry.wav,say the word home,angry,0
OAF_sail_sad,C:\Users\sande\Desktop\multimodal_emotion_project\dataset\TESS Toronto emotional speech set data\OAF_Sad\OAF_sail_sad.wav,say the word sail,sad,5
OAF_shout_fear,C:\Users\sande\Desktop\multimodal_emotion_project\dataset\TESS Toronto emotional speech set data\OAF_Fear\OAF_shout_fear.wav,say the word shout,fear,2
YAF_pike_angry,C:\Users\sande\Desktop\multimodal_emotion_project\dataset\TESS Toronto emotional speech set data\YAF_angry\YAF_pike_angry.wav,say the word pike,angry,0
YAF_thin_ps,C:\Users\sande\Desktop\multimodal_emotion_project\dataset\TESS Toronto emotional speech set data\YAF_pleasant_surprised\YAF_thin_ps.wav,say the word thin,surprise,6
OAF_five_happy,C:\Users\sande\Desktop\multimodal_emotion_project\dataset\TESS Toronto emotional speech set data\OAF_happy\OAF_five_happy.wav,say the word five,happy,3
YAF_dead_ps,C:\Users\sande\Desktop\multimodal_emotion_project\dataset\TESS Toronto emotional speech set data\YAF_pleasant_surprised\YAF_dead_ps.wav,say the word dead,surprise,6
YAF_goal_disgust,C:\Users\sande\Desktop\multimodal_emotion_project\dataset\TESS Toronto emotional speech set data\YAF_disgust\YAF_goal_disgust.wav,say the word goal,disgust,1
YAF_mess_disgust,C:\Users\sande\Desktop\multimodal_emotion_project\dataset\TESS Toronto emotional speech set data\YAF_disgust\YAF_mess_disgust.wav,say the word mess,disgust,1
YAF_raid_ps,C:\Users\sande\Desktop\multimodal_emotion_project\dataset\TESS Toronto emotional speech set data\YAF_pleasant_surprised\YAF_raid_ps.wav,say the word raid,surprise,6
OAF_sell_happy,C:\Users\sande\Desktop\multimodal_emotion_project\dataset\TESS Toronto emotional speech set data\OAF_happy\OAF_sell_happy.wav,say the word sell,happy,3
YAF_live_happy,C:\Users\sande\Desktop\multimodal_emotion_project\dataset\TESS Toronto emotional speech set data\YAF_happy\YAF_live_happy.wav,say the word live,happy,3
YAF_learn_sad,C:\Users\sande\Desktop\multimodal_emotion_project\dataset\TESS Toronto emotional speech set data\YAF_sad\YAF_learn_sad.wav,say the word learn,sad,5
YAF_shirt_ps,C:\Users\sande\Desktop\multimodal_emotion_project\dataset\TESS Toronto emotional speech set data\YAF_pleasant_surprised\YAF_shirt_ps.wav,say the word shirt,surprise,6
OAF_tip_ps,C:\Users\sande\Desktop\multimodal_emotion_project\dataset\TESS Toronto emotional speech set data\OAF_Pleasant_surprise\OAF_tip_ps.wav,say the word tip,surprise,6
OAF_reach_sad,C:\Users\sande\Desktop\multimodal_emotion_project\dataset\TESS Toronto emotional speech set data\OAF_Sad\OAF_reach_sad.wav,say the word reach,sad,5
YAF_rot_disgust,C:\Users\sande\Desktop\multimodal_emotion_project\dataset\TESS Toronto emotional speech set data\YAF_disgust\YAF_rot_disgust.wav,say the word rot,disgust,1
YAF_sour_ps,C:\Users\sande\Desktop\multimodal_emotion_project\dataset\TESS Toronto emotional speech set data\YAF_pleasant_surprised\YAF_sour_ps.wav,say the word sour,surprise,6
OAF_perch_sad,C:\Users\sande\Desktop\multimodal_emotion_project\dataset\TESS Toronto emotional speech set data\OAF_Sad\OAF_perch_sad.wav,say the word perch,sad,5
OAF_tip_neutral,C:\Users\sande\Desktop\multimodal_emotion_project\dataset\TESS Toronto emotional speech set data\OAF_neutral\OAF_tip_neutral.wav,say the word tip,neutral,4
OAF_fall_happy,C:\Users\sande\Desktop\multimodal_emotion_project\dataset\TESS Toronto emotional speech set data\OAF_happy\OAF_fall_happy.wav,say the word fall,happy,3
OAF_sail_ps,C:\Users\sande\Desktop\multimodal_emotion_project\dataset\TESS Toronto emotional speech set data\OAF_Pleasant_surprise\OAF_sail_ps.wav,say the word sail,surprise,6
YAF_haze_fear,C:\Users\sande\Desktop\multimodal_emotion_project\dataset\TESS Toronto emotional speech set data\YAF_fear\YAF_haze_fear.wav,say the word haze,fear,2
OAF_road_fear,C:\Users\sande\Desktop\multimodal_emotion_project\dataset\TESS Toronto emotional speech set data\OAF_Fear\OAF_road_fear.wav,say the word road,fear,2
OAF_came_angry,C:\Users\sande\Desktop\multimodal_emotion_project\dataset\TESS Toronto emotional speech set data\OAF_angry\OAF_came_angry.wav,say the word came,angry,0
YAF_beg_happy,C:\Users\sande\Desktop\multimodal_emotion_project\dataset\TESS Toronto emotional speech set data\YAF_happy\YAF_beg_happy.wav,say the word beg,happy,3
YAF_shack_neutral,C:\Users\sande\Desktop\multimodal_emotion_project\dataset\TESS Toronto emotional speech set data\YAF_neutral\YAF_shack_neutral.wav,say the word shack,neutral,4
OAF_vote_disgust,C:\Users\sande\Desktop\multimodal_emotion_project\dataset\TESS Toronto emotional speech set data\OAF_disgust\OAF_vote_disgust.wav,say the word vote,disgust,1
YAF_pick_happy,C:\Users\sande\Desktop\multimodal_emotion_project\dataset\TESS Toronto emotional speech set data\YAF_happy\YAF_pick_happy.wav,say the word pick,happy,3
OAF_moon_happy,C:\Users\sande\Desktop\multimodal_emotion_project\dataset\TESS Toronto emotional speech set data\OAF_happy\OAF_moon_happy.wav,say the word moon,happy,3
YAF_bone_sad,C:\Users\sande\Desktop\multimodal_emotion_project\dataset\TESS Toronto emotional speech set data\YAF_sad\YAF_bone_sad.wav,say the word bone,sad,5
OAF_witch_sad,C:\Users\sande\Desktop\multimodal_emotion_project\dataset\TESS Toronto emotional speech set data\OAF_Sad\OAF_witch_sad.wav,say the word witch,sad,5
YAF_met_neutral,C:\Users\sande\Desktop\multimodal_emotion_project\dataset\TESS Toronto emotional speech set data\YAF_neutral\YAF_met_neutral.wav,say the word met,neutral,4
YAF_limb_sad,C:\Users\sande\Desktop\multimodal_emotion_project\dataset\TESS Toronto emotional speech set data\YAF_sad\YAF_limb_sad.wav,say the word limb,sad,5
OAF_chalk_disgust,C:\Users\sande\Desktop\multimodal_emotion_project\dataset\TESS Toronto emotional speech set data\OAF_disgust\OAF_chalk_disgust.wav,say the word chalk,disgust,1
YAF_fat_angry,C:\Users\sande\Desktop\multimodal_emotion_project\dataset\TESS Toronto emotional speech set data\YAF_angry\YAF_fat_angry.wav,say the word fat,angry,0
OAF_near_happy,C:\Users\sande\Desktop\multimodal_emotion_project\dataset\TESS Toronto emotional speech set data\OAF_happy\OAF_near_happy.wav,say the word near,happy,3
OAF_time_angry,C:\Users\sande\Desktop\multimodal_emotion_project\dataset\TESS Toronto emotional speech set data\OAF_angry\OAF_time_angry.wav,say the word time,angry,0
OAF_tip_disgust,C:\Users\sande\Desktop\multimodal_emotion_project\dataset\TESS Toronto emotional speech set data\OAF_disgust\OAF_tip_disgust.wav,say the word tip,disgust,1
OAF_death_happy,C:\Users\sande\Desktop\multimodal_emotion_project\dataset\TESS Toronto emotional speech set data\OAF_happy\OAF_death_happy.wav,say the word death,happy,3
OAF_cool_neutral,C:\Users\sande\Desktop\multimodal_emotion_project\dataset\TESS Toronto emotional speech set data\OAF_neutral\OAF_cool_neutral.wav,say the word cool,neutral,4
OAF_seize_disgust,C:\Users\sande\Desktop\multimodal_emotion_project\dataset\TESS Toronto emotional speech set data\OAF_disgust\OAF_seize_disgust.wav,say the word seize,disgust,1
YAF_mob_neutral,C:\Users\sande\Desktop\multimodal_emotion_project\dataset\TESS Toronto emotional speech set data\YAF_neutral\YAF_mob_neutral.wav,say the word mob,neutral,4
OAF_door_happy,C:\Users\sande\Desktop\multimodal_emotion_project\dataset\TESS Toronto emotional speech set data\OAF_happy\OAF_door_happy.wav,say the word door,happy,3
YAF_get_sad,C:\Users\sande\Desktop\multimodal_emotion_project\dataset\TESS Toronto emotional speech set data\YAF_sad\YAF_get_sad.wav,say the word get,sad,5
OAF_dodge_angry,C:\Users\sande\Desktop\multimodal_emotion_project\dataset\TESS Toronto emotional speech set data\OAF_angry\OAF_dodge_angry.wav,say the word dodge,angry,0
OAF_such_angry,C:\Users\sande\Desktop\multimodal_emotion_project\dataset\TESS Toronto emotional speech set data\OAF_angry\OAF_such_angry.wav,say the word such,angry,0
OAF_fat_fear,C:\Users\sande\Desktop\multimodal_emotion_project\dataset\TESS Toronto emotional speech set data\OAF_Fear\OAF_fat_fear.wav,say the word fat,fear,2
OAF_home_neutral,C:\Users\sande\Desktop\multimodal_emotion_project\dataset\TESS Toronto emotional speech set data\OAF_neutral\OAF_home_neutral.wav,say the word home,neutral,4
OAF_home_disgust,C:\Users\sande\Desktop\multimodal_emotion_project\dataset\TESS Toronto emotional speech set data\OAF_disgust\OAF_home_disgust.wav,say the word home,disgust,1
YAF_pool_ps,C:\Users\sande\Desktop\multimodal_emotion_project\dataset\TESS Toronto emotional speech set data\YAF_pleasant_surprised\YAF_pool_ps.wav,say the word pool,surprise,6
YAF_luck_disgust,C:\Users\sande\Desktop\multimodal_emotion_project\dataset\TESS Toronto emotional speech set data\YAF_disgust\YAF_luck_disgust.wav,say the word luck,disgust,1
OAF_bar_neutral,C:\Users\sande\Desktop\multimodal_emotion_project\dataset\TESS Toronto emotional speech set data\OAF_neutral\OAF_bar_neutral.wav,say the word bar,neutral,4
OAF_dip_happy,C:\Users\sande\Desktop\multimodal_emotion_project\dataset\TESS Toronto emotional speech set data\OAF_happy\OAF_dip_happy.wav,say the word dip,happy,3
YAF_lean_fear,C:\Users\sande\Desktop\multimodal_emotion_project\dataset\TESS Toronto emotional speech set data\YAF_fear\YAF_lean_fear.wav,say the word lean,fear,2
OAF_rat_angry,C:\Users\sande\Desktop\multimodal_emotion_project\dataset\TESS Toronto emotional speech set data\OAF_angry\OAF_rat_angry.wav,say the word rat,angry,0
OAF_deep_disgust,C:\Users\sande\Desktop\multimodal_emotion_project\dataset\TESS Toronto emotional speech set data\OAF_disgust\OAF_deep_disgust.wav,say the word deep,disgust,1
OAF_cool_fear,C:\Users\sande\Desktop\multimodal_emotion_project\dataset\TESS Toronto emotional speech set data\OAF_Fear\OAF_cool_fear.wav,say the word cool,fear,2
OAF_mouse_angry,C:\Users\sande\Desktop\multimodal_emotion_project\dataset\TESS Toronto emotional speech set data\OAF_angry\OAF_mouse_angry.wav,say the word mouse,angry,0
YAF_rose_disgust,C:\Users\sande\Desktop\multimodal_emotion_project\dataset\TESS Toronto emotional speech set data\YAF_disgust\YAF_rose_disgust.wav,say the word rose,disgust,1
OAF_bar_disgust,C:\Users\sande\Desktop\multimodal_emotion_project\dataset\TESS Toronto emotional speech set data\OAF_disgust\OAF_bar_disgust.wav,say the word bar,disgust,1
OAF_lot_angry,C:\Users\sande\Desktop\multimodal_emotion_project\dataset\TESS Toronto emotional speech set data\OAF_angry\OAF_lot_angry.wav,say the word lot,angry,0
YAF_ring_ps,C:\Users\sande\Desktop\multimodal_emotion_project\dataset\TESS Toronto emotional speech set data\YAF_pleasant_surprised\YAF_ring_ps.wav,say the word ring,surprise,6
YAF_book_fear,C:\Users\sande\Desktop\multimodal_emotion_project\dataset\TESS Toronto emotional speech set data\YAF_fear\YAF_book_fear.wav,say the word book,fear,2
YAF_thumb_happy,C:\Users\sande\Desktop\multimodal_emotion_project\dataset\TESS Toronto emotional speech set data\YAF_happy\YAF_thumb_happy.wav,say the word thumb,happy,3
YAF_page_angry,C:\Users\sande\Desktop\multimodal_emotion_project\dataset\TESS Toronto emotional speech set data\YAF_angry\YAF_page_angry.wav,say the word page,angry,0
OAF_hit_sad,C:\Users\sande\Desktop\multimodal_emotion_project\dataset\TESS Toronto emotional speech set data\OAF_Sad\OAF_hit_sad.wav,say the word hit,sad,5
OAF_pain_angry,C:\Users\sande\Desktop\multimodal_emotion_project\dataset\TESS Toronto emotional speech set data\OAF_angry\OAF_pain_angry.wav,say the word pain,angry,0
OAF_white_ps,C:\Users\sande\Desktop\multimodal_emotion_project\dataset\TESS Toronto emotional speech set data\OAF_Pleasant_surprise\OAF_white_ps.wav,say the word white,surprise,6
YAF_void_disgust,C:\Users\sande\Desktop\multimodal_emotion_project\dataset\TESS Toronto emotional speech set data\YAF_disgust\YAF_void_disgust.wav,say the word void,disgust,1
YAF_rag_happy,C:\Users\sande\Desktop\multimodal_emotion_project\dataset\TESS Toronto emotional speech set data\YAF_happy\YAF_rag_happy.wav,say the word rag,happy,3
YAF_tape_disgust,C:\Users\sande\Desktop\multimodal_emotion_project\dataset\TESS Toronto emotional speech set data\YAF_disgust\YAF_tape_disgust.wav,say the word tape,disgust,1
OAF_book_fear,C:\Users\sande\Desktop\multimodal_emotion_project\dataset\TESS Toronto emotional speech set data\OAF_Fear\OAF_book_fear.wav,say the word book,fear,2
YAF_mop_sad,C:\Users\sande\Desktop\multimodal_emotion_project\dataset\TESS Toronto emotional speech set data\YAF_sad\YAF_mop_sad.wav,say the word mop,sad,5
YAF_should_ps,C:\Users\sande\Desktop\multimodal_emotion_project\dataset\TESS Toronto emotional speech set data\YAF_pleasant_surprised\YAF_should_ps.wav,say the word should,surprise,6
OAF_such_sad,C:\Users\sande\Desktop\multimodal_emotion_project\dataset\TESS Toronto emotional speech set data\OAF_Sad\OAF_such_sad.wav,say the word such,sad,5
OAF_base_disgust,C:\Users\sande\Desktop\multimodal_emotion_project\dataset\TESS Toronto emotional speech set data\OAF_disgust\OAF_base_disgust.wav,say the word base,disgust,1
OAF_keen_ps,C:\Users\sande\Desktop\multimodal_emotion_project\dataset\TESS Toronto emotional speech set data\OAF_Pleasant_surprise\OAF_keen_ps.wav,say the word keen,surprise,6
OAF_soup_disgust,C:\Users\sande\Desktop\multimodal_emotion_project\dataset\TESS Toronto emotional speech set data\OAF_disgust\OAF_soup_disgust.wav,say the word soup,disgust,1
OAF_mop_happy,C:\Users\sande\Desktop\multimodal_emotion_project\dataset\TESS Toronto emotional speech set data\OAF_happy\OAF_mop_happy.wav,say the word mop,happy,3
YAF_wife_ps,C:\Users\sande\Desktop\multimodal_emotion_project\dataset\TESS Toronto emotional speech set data\YAF_pleasant_surprised\YAF_wife_ps.wav,say the word wife,surprise,6
OAF_rush_sad,C:\Users\sande\Desktop\multimodal_emotion_project\dataset\TESS Toronto emotional speech set data\OAF_Sad\OAF_rush_sad.wav,say the word rush,sad,5
YAF_rush_happy,C:\Users\sande\Desktop\multimodal_emotion_project\dataset\TESS Toronto emotional speech set data\YAF_happy\YAF_rush_happy.wav,say the word rush,happy,3
OAF_came_happy,C:\Users\sande\Desktop\multimodal_emotion_project\dataset\TESS Toronto emotional speech set data\OAF_happy\OAF_came_happy.wav,say the word came,happy,3
YAF_thought_ps,C:\Users\sande\Desktop\multimodal_emotion_project\dataset\TESS Toronto emotional speech set data\YAF_pleasant_surprised\YAF_thought_ps.wav,say the word thought,surprise,6
YAF_bite_angry,C:\Users\sande\Desktop\multimodal_emotion_project\dataset\TESS Toronto emotional speech set data\YAF_angry\YAF_bite_angry.wav,say the word bite,angry,0
OAF_phone_sad,C:\Users\sande\Desktop\multimodal_emotion_project\dataset\TESS Toronto emotional speech set data\OAF_Sad\OAF_phone_sad.wav,say the word phone,sad,5
OAF_keep_happy,C:\Users\sande\Desktop\multimodal_emotion_project\dataset\TESS Toronto emotional speech set data\OAF_happy\OAF_keep_happy.wav,say the word keep,happy,3
YAF_back_disgust,C:\Users\sande\Desktop\multimodal_emotion_project\dataset\TESS Toronto emotional speech set data\YAF_disgust\YAF_back_disgust.wav,say the word back,disgust,1
OAF_tape_ps,C:\Users\sande\Desktop\multimodal_emotion_project\dataset\TESS Toronto emotional speech set data\OAF_Pleasant_surprise\OAF_tape_ps.wav,say the word tape,surprise,6
OAF_numb_disgust,C:\Users\sande\Desktop\multimodal_emotion_project\dataset\TESS Toronto emotional speech set data\OAF_disgust\OAF_numb_disgust.wav,say the word numb,disgust,1
OAF_sour_disgust,C:\Users\sande\Desktop\multimodal_emotion_project\dataset\TESS Toronto emotional speech set data\OAF_disgust\OAF_sour_disgust.wav,say the word sour,disgust,1
OAF_pike_ps,C:\Users\sande\Desktop\multimodal_emotion_project\dataset\TESS Toronto emotional speech set data\OAF_Pleasant_surprise\OAF_pike_ps.wav,say the word pike,surprise,6
OAF_cheek_sad,C:\Users\sande\Desktop\multimodal_emotion_project\dataset\TESS Toronto emotional speech set data\OAF_Sad\OAF_cheek_sad.wav,say the word cheek,sad,5
YAF_deep_disgust,C:\Users\sande\Desktop\multimodal_emotion_project\dataset\TESS Toronto emotional speech set data\YAF_disgust\YAF_deep_disgust.wav,say the word deep,disgust,1
YAF_long_neutral,C:\Users\sande\Desktop\multimodal_emotion_project\dataset\TESS Toronto emotional speech set data\YAF_neutral\YAF_long_neutral.wav,say the word long,neutral,4
OAF_dab_happy,C:\Users\sande\Desktop\multimodal_emotion_project\dataset\TESS Toronto emotional speech set data\OAF_happy\OAF_dab_happy.wav,say the word dab,happy,3
YAF_good_happy,C:\Users\sande\Desktop\multimodal_emotion_project\dataset\TESS Toronto emotional speech set data\YAF_happy\YAF_good_happy.wav,say the word good,happy,3
OAF_jail_neutral,C:\Users\sande\Desktop\multimodal_emotion_project\dataset\TESS Toronto emotional speech set data\OAF_neutral\OAF_jail_neutral.wav,say the word jail,neutral,4
OAF_nag_neutral,C:\Users\sande\Desktop\multimodal_emotion_project\dataset\TESS Toronto emotional speech set data\OAF_neutral\OAF_nag_neutral.wav,say the word nag,neutral,4
OAF_lose_disgust,C:\Users\sande\Desktop\multimodal_emotion_project\dataset\TESS Toronto emotional speech set data\OAF_disgust\OAF_lose_disgust.wav,say the word lose,disgust,1
OAF_mode_angry,C:\Users\sande\Desktop\multimodal_emotion_project\dataset\TESS Toronto emotional speech set data\OAF_angry\OAF_mode_angry.wav,say the word mode,angry,0
YAF_jail_disgust,C:\Users\sande\Desktop\multimodal_emotion_project\dataset\TESS Toronto emotional speech set data\YAF_disgust\YAF_jail_disgust.wav,say the word jail,disgust,1
YAF_shall_sad,C:\Users\sande\Desktop\multimodal_emotion_project\dataset\TESS Toronto emotional speech set data\YAF_sad\YAF_shall_sad.wav,say the word shall,sad,5
YAF_goose_disgust,C:\Users\sande\Desktop\multimodal_emotion_project\dataset\TESS Toronto emotional speech set data\YAF_disgust\YAF_goose_disgust.wav,say the word goose,disgust,1
OAF_soap_fear,C:\Users\sande\Desktop\multimodal_emotion_project\dataset\TESS Toronto emotional speech set data\OAF_Fear\OAF_soap_fear.wav,say the word soap,fear,2
YAF_laud_neutral,C:\Users\sande\Desktop\multimodal_emotion_project\dataset\TESS Toronto emotional speech set data\YAF_neutral\YAF_laud_neutral.wav,say the word laud,neutral,4
OAF_dead_neutral,C:\Users\sande\Desktop\multimodal_emotion_project\dataset\TESS Toronto emotional speech set data\OAF_neutral\OAF_dead_neutral.wav,say the word dead,neutral,4
OAF_room_happy,C:\Users\sande\Desktop\multimodal_emotion_project\dataset\TESS Toronto emotional speech set data\OAF_happy\OAF_room_happy.wav,say the word room,happy,3
YAF_white_fear,C:\Users\sande\Desktop\multimodal_emotion_project\dataset\TESS Toronto emotional speech set data\YAF_fear\YAF_white_fear.wav,say the word white,fear,2
OAF_hush_happy,C:\Users\sande\Desktop\multimodal_emotion_project\dataset\TESS Toronto emotional speech set data\OAF_happy\OAF_hush_happy.wav,say the word hush,happy,3
OAF_should_angry,C:\Users\sande\Desktop\multimodal_emotion_project\dataset\TESS Toronto emotional speech set data\OAF_angry\OAF_should_angry.wav,say the word should,angry,0
YAF_keen_neutral,C:\Users\sande\Desktop\multimodal_emotion_project\dataset\TESS Toronto emotional speech set data\YAF_neutral\YAF_keen_neutral.wav,say the word keen,neutral,4
YAF_pole_disgust,C:\Users\sande\Desktop\multimodal_emotion_project\dataset\TESS Toronto emotional speech set data\YAF_disgust\YAF_pole_disgust.wav,say the word pole,disgust,1
YAF_kick_neutral,C:\Users\sande\Desktop\multimodal_emotion_project\dataset\TESS Toronto emotional speech set data\YAF_neutral\YAF_kick_neutral.wav,say the word kick,neutral,4
OAF_mill_disgust,C:\Users\sande\Desktop\multimodal_emotion_project\dataset\TESS Toronto emotional speech set data\OAF_disgust\OAF_mill_disgust.wav,say the word mill,disgust,1
OAF_tough_ps,C:\Users\sande\Desktop\multimodal_emotion_project\dataset\TESS Toronto emotional speech set data\OAF_Pleasant_surprise\OAF_tough_ps.wav,say the word tough,surprise,6
OAF_hurl_disgust,C:\Users\sande\Desktop\multimodal_emotion_project\dataset\TESS Toronto emotional speech set data\OAF_disgust\OAF_hurl_disgust.wav,say the word hurl,disgust,1
YAF_ripe_neutral,C:\Users\sande\Desktop\multimodal_emotion_project\dataset\TESS Toronto emotional speech set data\YAF_neutral\YAF_ripe_neutral.wav,say the word ripe,neutral,4
OAF_hate_happy,C:\Users\sande\Desktop\multimodal_emotion_project\dataset\TESS Toronto emotional speech set data\OAF_happy\OAF_hate_happy.wav,say the word hate,happy,3
OAF_sheep_disgust,C:\Users\sande\Desktop\multimodal_emotion_project\dataset\TESS Toronto emotional speech set data\OAF_disgust\OAF_sheep_disgust.wav,say the word sheep,disgust,1
YAF_fat_disgust,C:\Users\sande\Desktop\multimodal_emotion_project\dataset\TESS Toronto emotional speech set data\YAF_disgust\YAF_fat_disgust.wav,say the word fat,disgust,1
YAF_calm_sad,C:\Users\sande\Desktop\multimodal_emotion_project\dataset\TESS Toronto emotional speech set data\YAF_sad\YAF_calm_sad.wav,say the word calm,sad,5
YAF_peg_ps,C:\Users\sande\Desktop\multimodal_emotion_project\dataset\TESS Toronto emotional speech set data\YAF_pleasant_surprised\YAF_peg_ps.wav,say the word peg,surprise,6
YAF_sub_angry,C:\Users\sande\Desktop\multimodal_emotion_project\dataset\TESS Toronto emotional speech set data\YAF_angry\YAF_sub_angry.wav,say the word sub,angry,0
YAF_size_fear,C:\Users\sande\Desktop\multimodal_emotion_project\dataset\TESS Toronto emotional speech set data\YAF_fear\YAF_size_fear.wav,say the word size,fear,2
OAF_talk_disgust,C:\Users\sande\Desktop\multimodal_emotion_project\dataset\TESS Toronto emotional speech set data\OAF_disgust\OAF_talk_disgust.wav,say the word talk,disgust,1
YAF_tip_angry,C:\Users\sande\Desktop\multimodal_emotion_project\dataset\TESS Toronto emotional speech set data\YAF_angry\YAF_tip_angry.wav,say the word tip,angry,0
YAF_hit_angry,C:\Users\sande\Desktop\multimodal_emotion_project\dataset\TESS Toronto emotional speech set data\YAF_angry\YAF_hit_angry.wav,say the word hit,angry,0
OAF_hate_fear,C:\Users\sande\Desktop\multimodal_emotion_project\dataset\TESS Toronto emotional speech set data\OAF_Fear\OAF_hate_fear.wav,say the word hate,fear,2
YAF_size_happy,C:\Users\sande\Desktop\multimodal_emotion_project\dataset\TESS Toronto emotional speech set data\YAF_happy\YAF_size_happy.wav,say the word size,happy,3
YAF_room_fear,C:\Users\sande\Desktop\multimodal_emotion_project\dataset\TESS Toronto emotional speech set data\YAF_fear\YAF_room_fear.wav,say the word room,fear,2
OAF_hush_neutral,C:\Users\sande\Desktop\multimodal_emotion_project\dataset\TESS Toronto emotional speech set data\OAF_neutral\OAF_hush_neutral.wav,say the word hush,neutral,4
OAF_mill_fear,C:\Users\sande\Desktop\multimodal_emotion_project\dataset\TESS Toronto emotional speech set data\OAF_Fear\OAF_mill_fear.wav,say the word mill,fear,2
YAF_rose_neutral,C:\Users\sande\Desktop\multimodal_emotion_project\dataset\TESS Toronto emotional speech set data\YAF_neutral\YAF_rose_neutral.wav,say the word rose,neutral,4
YAF_goal_ps,C:\Users\sande\Desktop\multimodal_emotion_project\dataset\TESS Toronto emotional speech set data\YAF_pleasant_surprised\YAF_goal_ps.wav,say the word goal,surprise,6
OAF_read_fear,C:\Users\sande\Desktop\multimodal_emotion_project\dataset\TESS Toronto emotional speech set data\OAF_Fear\OAF_read_fear.wav,say the word read,fear,2
YAF_have_sad,C:\Users\sande\Desktop\multimodal_emotion_project\dataset\TESS Toronto emotional speech set data\YAF_sad\YAF_have_sad.wav,say the word have,sad,5
YAF_moon_angry,C:\Users\sande\Desktop\multimodal_emotion_project\dataset\TESS Toronto emotional speech set data\YAF_angry\YAF_moon_angry.wav,say the word moon,angry,0
YAF_bean_angry,C:\Users\sande\Desktop\multimodal_emotion_project\dataset\TESS Toronto emotional speech set data\YAF_angry\YAF_bean_angry.wav,say the word bean,angry,0
OAF_raid_fear,C:\Users\sande\Desktop\multimodal_emotion_project\dataset\TESS Toronto emotional speech set data\OAF_Fear\OAF_raid_fear.wav,say the word raid,fear,2
YAF_hire_neutral,C:\Users\sande\Desktop\multimodal_emotion_project\dataset\TESS Toronto emotional speech set data\YAF_neutral\YAF_hire_neutral.wav,say the word hire,neutral,4
YAF_lease_fear,C:\Users\sande\Desktop\multimodal_emotion_project\dataset\TESS Toronto emotional speech set data\YAF_fear\YAF_lease_fear.wav,say the word lease,fear,2
OAF_have_disgust,C:\Users\sande\Desktop\multimodal_emotion_project\dataset\TESS Toronto emotional speech set data\OAF_disgust\OAF_have_disgust.wav,say the word have,disgust,1
OAF_lose_angry,C:\Users\sande\Desktop\multimodal_emotion_project\dataset\TESS Toronto emotional speech set data\OAF_angry\OAF_lose_angry.wav,say the word lose,angry,0
YAF_walk_disgust,C:\Users\sande\Desktop\multimodal_emotion_project\dataset\TESS Toronto emotional speech set data\YAF_disgust\YAF_walk_disgust.wav,say the word walk,disgust,1
YAF_dab_ps,C:\Users\sande\Desktop\multimodal_emotion_project\dataset\TESS Toronto emotional speech set data\YAF_pleasant_surprised\YAF_dab_ps.wav,say the word dab,surprise,6
OAF_seize_happy,C:\Users\sande\Desktop\multimodal_emotion_project\dataset\TESS Toronto emotional speech set data\OAF_happy\OAF_seize_happy.wav,say the word seize,happy,3
YAF_kite_angry,C:\Users\sande\Desktop\multimodal_emotion_project\dataset\TESS Toronto emotional speech set data\YAF_angry\YAF_kite_angry.wav,say the word kite,angry,0
YAF_yes_ps,C:\Users\sande\Desktop\multimodal_emotion_project\dataset\TESS Toronto emotional speech set data\YAF_pleasant_surprised\YAF_yes_ps.wav,say the word yes,surprise,6
OAF_rot_neutral,C:\Users\sande\Desktop\multimodal_emotion_project\dataset\TESS Toronto emotional speech set data\OAF_neutral\OAF_rot_neutral.wav,say the word rot,neutral,4
YAF_shout_sad,C:\Users\sande\Desktop\multimodal_emotion_project\dataset\TESS Toronto emotional speech set data\YAF_sad\YAF_shout_sad.wav,say the word shout,sad,5
OAF_lease_fear,C:\Users\sande\Desktop\multimodal_emotion_project\dataset\TESS Toronto emotional speech set data\OAF_Fear\OAF_lease_fear.wav,say the word lease,fear,2
OAF_hit_happy,C:\Users\sande\Desktop\multimodal_emotion_project\dataset\TESS Toronto emotional speech set data\OAF_happy\OAF_hit_happy.wav,say the word hit,happy,3
OAF_gap_ps,C:\Users\sande\Desktop\multimodal_emotion_project\dataset\TESS Toronto emotional speech set data\OAF_Pleasant_surprise\OAF_gap_ps.wav,say the word gap,surprise,6
OAF_kill_fear,C:\Users\sande\Desktop\multimodal_emotion_project\dataset\TESS Toronto emotional speech set data\OAF_Fear\OAF_kill_fear.wav,say the word kill,fear,2
YAF_dead_neutral,C:\Users\sande\Desktop\multimodal_emotion_project\dataset\TESS Toronto emotional speech set data\YAF_neutral\YAF_dead_neutral.wav,say the word dead,neutral,4
YAF_pain_sad,C:\Users\sande\Desktop\multimodal_emotion_project\dataset\TESS Toronto emotional speech set data\YAF_sad\YAF_pain_sad.wav,say the word pain,sad,5
OAF_check_neutral,C:\Users\sande\Desktop\multimodal_emotion_project\dataset\TESS Toronto emotional speech set data\OAF_neutral\OAF_check_neutral.wav,say the word check,neutral,4
OAF_cheek_ps,C:\Users\sande\Desktop\multimodal_emotion_project\dataset\TESS Toronto emotional speech set data\OAF_Pleasant_surprise\OAF_cheek_ps.wav,say the word cheek,surprise,6
YAF_said_disgust,C:\Users\sande\Desktop\multimodal_emotion_project\dataset\TESS Toronto emotional speech set data\YAF_disgust\YAF_said_disgust.wav,say the word said,disgust,1
OAF_jug_angry,C:\Users\sande\Desktop\multimodal_emotion_project\dataset\TESS Toronto emotional speech set data\OAF_angry\OAF_jug_angry.wav,say the word jug,angry,0
YAF_lid_angry,C:\Users\sande\Desktop\multimodal_emotion_project\dataset\TESS Toronto emotional speech set data\YAF_angry\YAF_lid_angry.wav,say the word lid,angry,0
OAF_seize_sad,C:\Users\sande\Desktop\multimodal_emotion_project\dataset\TESS Toronto emotional speech set data\OAF_Sad\OAF_seize_sad.wav,say the word seize,sad,5
YAF_sell_neutral,C:\Users\sande\Desktop\multimodal_emotion_project\dataset\TESS Toronto emotional speech set data\YAF_neutral\YAF_sell_neutral.wav,say the word sell,neutral,4
OAF_team_neutral,C:\Users\sande\Desktop\multimodal_emotion_project\dataset\TESS Toronto emotional speech set data\OAF_neutral\OAF_team_neutral.wav,say the word team,neutral,4
OAF_soap_happy,C:\Users\sande\Desktop\multimodal_emotion_project\dataset\TESS Toronto emotional speech set data\OAF_happy\OAF_soap_happy.wav,say the word soap,happy,3
YAF_team_disgust,C:\Users\sande\Desktop\multimodal_emotion_project\dataset\TESS Toronto emotional speech set data\YAF_disgust\YAF_team_disgust.wav,say the word team,disgust,1
OAF_rush_neutral,C:\Users\sande\Desktop\multimodal_emotion_project\dataset\TESS Toronto emotional speech set data\OAF_neutral\OAF_rush_neutral.wav,say the word rush,neutral,4
YAF_vine_fear,C:\Users\sande\Desktop\multimodal_emotion_project\dataset\TESS Toronto emotional speech set data\YAF_fear\YAF_vine_fear.wav,say the word vine,fear,2
YAF_such_disgust,C:\Users\sande\Desktop\multimodal_emotion_project\dataset\TESS Toronto emotional speech set data\YAF_disgust\YAF_such_disgust.wav,say the word such,disgust,1
YAF_fail_neutral,C:\Users\sande\Desktop\multimodal_emotion_project\dataset\TESS Toronto emotional speech set data\YAF_neutral\YAF_fail_neutral.wav,say the word fail,neutral,4
OAF_met_happy,C:\Users\sande\Desktop\multimodal_emotion_project\dataset\TESS Toronto emotional speech set data\OAF_happy\OAF_met_happy.wav,say the word met,happy,3
YAF_late_sad,C:\Users\sande\Desktop\multimodal_emotion_project\dataset\TESS Toronto emotional speech set data\YAF_sad\YAF_late_sad.wav,say the word late,sad,5
YAF_cause_disgust,C:\Users\sande\Desktop\multimodal_emotion_project\dataset\TESS Toronto emotional speech set data\YAF_disgust\YAF_cause_disgust.wav,say the word cause,disgust,1
OAF_jug_happy,C:\Users\sande\Desktop\multimodal_emotion_project\dataset\TESS Toronto emotional speech set data\OAF_happy\OAF_jug_happy.wav,say the word jug,happy,3
YAF_rain_happy,C:\Users\sande\Desktop\multimodal_emotion_project\dataset\TESS Toronto emotional speech set data\YAF_happy\YAF_rain_happy.wav,say the word rain,happy,3
YAF_mood_angry,C:\Users\sande\Desktop\multimodal_emotion_project\dataset\TESS Toronto emotional speech set data\YAF_angry\YAF_mood_angry.wav,say the word mood,angry,0
YAF_came_neutral,C:\Users\sande\Desktop\multimodal_emotion_project\dataset\TESS Toronto emotional speech set data\YAF_neutral\YAF_came_neutral.wav,say the word came,neutral,4
OAF_dog_ps,C:\Users\sande\Desktop\multimodal_emotion_project\dataset\TESS Toronto emotional speech set data\OAF_Pleasant_surprise\OAF_dog_ps.wav,say the word dog,surprise,6
YAF_rose_ps,C:\Users\sande\Desktop\multimodal_emotion_project\dataset\TESS Toronto emotional speech set data\YAF_pleasant_surprised\YAF_rose_ps.wav,say the word rose,surprise,6
YAF_shack_happy,C:\Users\sande\Desktop\multimodal_emotion_project\dataset\TESS Toronto emotional speech set data\YAF_happy\YAF_shack_happy.wav,say the word shack,happy,3
OAF_five_disgust,C:\Users\sande\Desktop\multimodal_emotion_project\dataset\TESS Toronto emotional speech set data\OAF_disgust\OAF_five_disgust.wav,say the word five,disgust,1
YAF_luck_neutral,C:\Users\sande\Desktop\multimodal_emotion_project\dataset\TESS Toronto emotional speech set data\YAF_neutral\YAF_luck_neutral.wav,say the word luck,neutral,4
OAF_fall_fear,C:\Users\sande\Desktop\multimodal_emotion_project\dataset\TESS Toronto emotional speech set data\OAF_Fear\OAF_fall_fear.wav,say the word fall,fear,2
OAF_rag_happy,C:\Users\sande\Desktop\multimodal_emotion_project\dataset\TESS Toronto emotional speech set data\OAF_happy\OAF_rag_happy.wav,say the word rag,happy,3
YAF_met_disgust,C:\Users\sande\Desktop\multimodal_emotion_project\dataset\TESS Toronto emotional speech set data\YAF_disgust\YAF_met_disgust.wav,say the word met,disgust,1
OAF_long_fear,C:\Users\sande\Desktop\multimodal_emotion_project\dataset\TESS Toronto emotional speech set data\OAF_Fear\OAF_long_fear.wav,say the word long,fear,2
OAF_hit_fear,C:\Users\sande\Desktop\multimodal_emotion_project\dataset\TESS Toronto emotional speech set data\OAF_Fear\OAF_hit_fear.wav,say the word hit,fear,2
OAF_raise_neutral,C:\Users\sande\Desktop\multimodal_emotion_project\dataset\TESS Toronto emotional speech set data\OAF_neutral\OAF_raise_neutral.wav,say the word raise,neutral,4
YAF_time_happy,C:\Users\sande\Desktop\multimodal_emotion_project\dataset\TESS Toronto emotional speech set data\YAF_happy\YAF_time_happy.wav,say the word time,happy,3
OAF_chat_ps,C:\Users\sande\Desktop\multimodal_emotion_project\dataset\TESS Toronto emotional speech set data\OAF_Pleasant_surprise\OAF_chat_ps.wav,say the word chat,surprise,6
YAF_fat_fear,C:\Users\sande\Desktop\multimodal_emotion_project\dataset\TESS Toronto emotional speech set data\YAF_fear\YAF_fat_fear.wav,say the word fat,fear,2
YAF_cheek_sad,C:\Users\sande\Desktop\multimodal_emotion_project\dataset\TESS Toronto emotional speech set data\YAF_sad\YAF_cheek_sad.wav,say the word cheek,sad,5
OAF_shack_neutral,C:\Users\sande\Desktop\multimodal_emotion_project\dataset\TESS Toronto emotional speech set data\OAF_neutral\OAF_shack_neutral.wav,say the word shack,neutral,4
YAF_wheat_sad,C:\Users\sande\Desktop\multimodal_emotion_project\dataset\TESS Toronto emotional speech set data\YAF_sad\YAF_wheat_sad.wav,say the word wheat,sad,5
OAF_sour_neutral,C:\Users\sande\Desktop\multimodal_emotion_project\dataset\TESS Toronto emotional speech set data\OAF_neutral\OAF_sour_neutral.wav,say the word sour,neutral,4
YAF_king_happy,C:\Users\sande\Desktop\multimodal_emotion_project\dataset\TESS Toronto emotional speech set data\YAF_happy\YAF_king_happy.wav,say the word king,happy,3
OAF_third_ps,C:\Users\sande\Desktop\multimodal_emotion_project\dataset\TESS Toronto emotional speech set data\OAF_Pleasant_surprise\OAF_third_ps.wav,say the word third,surprise,6
YAF_tip_neutral,C:\Users\sande\Desktop\multimodal_emotion_project\dataset\TESS Toronto emotional speech set data\YAF_neutral\YAF_tip_neutral.wav,say the word tip,neutral,4
OAF_mess_happy,C:\Users\sande\Desktop\multimodal_emotion_project\dataset\TESS Toronto emotional speech set data\OAF_happy\OAF_mess_happy.wav,say the word mess,happy,3
YAF_lose_sad,C:\Users\sande\Desktop\multimodal_emotion_project\dataset\TESS Toronto emotional speech set data\YAF_sad\YAF_lose_sad.wav,say the word lose,sad,5
YAF_mouse_fear,C:\Users\sande\Desktop\multimodal_emotion_project\dataset\TESS Toronto emotional speech set data\YAF_fear\YAF_mouse_fear.wav,say the word mouse,fear,2
YAF_shack_sad,C:\Users\sande\Desktop\multimodal_emotion_project\dataset\TESS Toronto emotional speech set data\YAF_sad\YAF_shack_sad.wav,say the word shack,sad,5
YAF_moon_sad,C:\Users\sande\Desktop\multimodal_emotion_project\dataset\TESS Toronto emotional speech set data\YAF_sad\YAF_moon_sad.wav,say the word moon,sad,5
OAF_gap_neutral,C:\Users\sande\Desktop\multimodal_emotion_project\dataset\TESS Toronto emotional speech set data\OAF_neutral\OAF_gap_neutral.wav,say the word gap,neutral,4
YAF_void_fear,C:\Users\sande\Desktop\multimodal_emotion_project\dataset\TESS Toronto emotional speech set data\YAF_fear\YAF_void_fear.wav,say the word void,fear,2
OAF_mouse_neutral,C:\Users\sande\Desktop\multimodal_emotion_project\dataset\TESS Toronto emotional speech set data\OAF_neutral\OAF_mouse_neutral.wav,say the word mouse,neutral,4
YAF_lore_happy,C:\Users\sande\Desktop\multimodal_emotion_project\dataset\TESS Toronto emotional speech set data\YAF_happy\YAF_lore_happy.wav,say the word lore,happy,3
OAF_pool_ps,C:\Users\sande\Desktop\multimodal_emotion_project\dataset\TESS Toronto emotional speech set data\OAF_Pleasant_surprise\OAF_pool_ps.wav,say the word pool,surprise,6
YAF_jug_fear,C:\Users\sande\Desktop\multimodal_emotion_project\dataset\TESS Toronto emotional speech set data\YAF_fear\YAF_jug_fear.wav,say the word jug,fear,2
OAF_jar_sad,C:\Users\sande\Desktop\multimodal_emotion_project\dataset\TESS Toronto emotional speech set data\OAF_Sad\OAF_jar_sad.wav,say the word jar,sad,5
OAF_wife_disgust,C:\Users\sande\Desktop\multimodal_emotion_project\dataset\TESS Toronto emotional speech set data\OAF_disgust\OAF_wife_disgust.wav,say the word wife,disgust,1
OAF_death_neutral,C:\Users\sande\Desktop\multimodal_emotion_project\dataset\TESS Toronto emotional speech set data\OAF_neutral\OAF_death_neutral.wav,say the word death,neutral,4
YAF_boat_happy,C:\Users\sande\Desktop\multimodal_emotion_project\dataset\TESS Toronto emotional speech set data\YAF_happy\YAF_boat_happy.wav,say the word boat,happy,3
OAF_limb_neutral,C:\Users\sande\Desktop\multimodal_emotion_project\dataset\TESS Toronto emotional speech set data\OAF_neutral\OAF_limb_neutral.wav,say the word limb,neutral,4
OAF_yearn_ps,C:\Users\sande\Desktop\multimodal_emotion_project\dataset\TESS Toronto emotional speech set data\OAF_Pleasant_surprise\OAF_yearn_ps.wav,say the word yearn,surprise,6
OAF_cause_sad,C:\Users\sande\Desktop\multimodal_emotion_project\dataset\TESS Toronto emotional speech set data\OAF_Sad\OAF_cause_sad.wav,say the word cause,sad,5
OAF_rush_angry,C:\Users\sande\Desktop\multimodal_emotion_project\dataset\TESS Toronto emotional speech set data\OAF_angry\OAF_rush_angry.wav,say the word rush,angry,0
YAF_germ_sad,C:\Users\sande\Desktop\multimodal_emotion_project\dataset\TESS Toronto emotional speech set data\YAF_sad\YAF_germ_sad.wav,say the word germ,sad,5
OAF_pick_sad,C:\Users\sande\Desktop\multimodal_emotion_project\dataset\TESS Toronto emotional speech set data\OAF_Sad\OAF_pick_sad.wav,say the word pick,sad,5
YAF_haze_sad,C:\Users\sande\Desktop\multimodal_emotion_project\dataset\TESS Toronto emotional speech set data\YAF_sad\YAF_haze_sad.wav,say the word haze,sad,5
OAF_lean_fear,C:\Users\sande\Desktop\multimodal_emotion_project\dataset\TESS Toronto emotional speech set data\OAF_Fear\OAF_lean_fear.wav,say the word lean,fear,2
YAF_king_angry,C:\Users\sande\Desktop\multimodal_emotion_project\dataset\TESS Toronto emotional speech set data\YAF_angry\YAF_king_angry.wav,say the word king,angry,0
OAF_chat_disgust,C:\Users\sande\Desktop\multimodal_emotion_project\dataset\TESS Toronto emotional speech set data\OAF_disgust\OAF_chat_disgust.wav,say the word chat,disgust,1
OAF_name_disgust,C:\Users\sande\Desktop\multimodal_emotion_project\dataset\TESS Toronto emotional speech set data\OAF_disgust\OAF_name_disgust.wav,say the word name,disgust,1
YAF_good_fear,C:\Users\sande\Desktop\multimodal_emotion_project\dataset\TESS Toronto emotional speech set data\YAF_fear\YAF_good_fear.wav,say the word good,fear,2
YAF_jar_disgust,C:\Users\sande\Desktop\multimodal_emotion_project\dataset\TESS Toronto emotional speech set data\YAF_disgust\YAF_jar_disgust.wav,say the word jar,disgust,1
YAF_mill_ps,C:\Users\sande\Desktop\multimodal_emotion_project\dataset\TESS Toronto emotional speech set data\YAF_pleasant_surprised\YAF_mill_ps.wav,say the word mill,surprise,6
OAF_five_ps,C:\Users\sande\Desktop\multimodal_emotion_project\dataset\TESS Toronto emotional speech set data\OAF_Pleasant_surprise\OAF_five_ps.wav,say the word five,surprise,6
OAF_pole_happy,C:\Users\sande\Desktop\multimodal_emotion_project\dataset\TESS Toronto emotional speech set data\OAF_happy\OAF_pole_happy.wav,say the word pole,happy,3
OAF_mood_neutral,C:\Users\sande\Desktop\multimodal_emotion_project\dataset\TESS Toronto emotional speech set data\OAF_neutral\OAF_mood_neutral.wav,say the word mood,neutral,4
YAF_sail_sad,C:\Users\sande\Desktop\multimodal_emotion_project\dataset\TESS Toronto emotional speech set data\YAF_sad\YAF_sail_sad.wav,say the word sail,sad,5
OAF_gin_neutral,C:\Users\sande\Desktop\multimodal_emotion_project\dataset\TESS Toronto emotional speech set data\OAF_neutral\OAF_gin_neutral.wav,say the word gin,neutral,4
OAF_loaf_disgust,C:\Users\sande\Desktop\multimodal_emotion_project\dataset\TESS Toronto emotional speech set data\OAF_disgust\OAF_loaf_disgust.wav,say the word loaf,disgust,1
YAF_five_disgust,C:\Users\sande\Desktop\multimodal_emotion_project\dataset\TESS Toronto emotional speech set data\YAF_disgust\YAF_five_disgust.wav,say the word five,disgust,1
YAF_deep_angry,C:\Users\sande\Desktop\multimodal_emotion_project\dataset\TESS Toronto emotional speech set data\YAF_angry\YAF_deep_angry.wav,say the word deep,angry,0
YAF_ditch_disgust,C:\Users\sande\Desktop\multimodal_emotion_project\dataset\TESS Toronto emotional speech set data\YAF_disgust\YAF_ditch_disgust.wav,say the word ditch,disgust,1
YAF_make_ps,C:\Users\sande\Desktop\multimodal_emotion_project\dataset\TESS Toronto emotional speech set data\YAF_pleasant_surprised\YAF_make_ps.wav,say the word make,surprise,6
YAF_yes_fear,C:\Users\sande\Desktop\multimodal_emotion_project\dataset\TESS Toronto emotional speech set data\YAF_fear\YAF_yes_fear.wav,say the word yes,fear,2
YAF_voice_happy,C:\Users\sande\Desktop\multimodal_emotion_project\dataset\TESS Toronto emotional speech set data\YAF_happy\YAF_voice_happy.wav,say the word voice,happy,3
YAF_team_fear,C:\Users\sande\Desktop\multimodal_emotion_project\dataset\TESS Toronto emotional speech set data\YAF_fear\YAF_team_fear.wav,say the word team,fear,2
OAF_jail_fear,C:\Users\sande\Desktop\multimodal_emotion_project\dataset\TESS Toronto emotional speech set data\OAF_Fear\OAF_jail_fear.wav,say the word jail,fear,2
YAF_bath_sad,C:\Users\sande\Desktop\multimodal_emotion_project\dataset\TESS Toronto emotional speech set data\YAF_sad\YAF_bath_sad.wav,say the word bath,sad,5
OAF_which_disgust,C:\Users\sande\Desktop\multimodal_emotion_project\dataset\TESS Toronto emotional speech set data\OAF_disgust\OAF_which_disgust.wav,say the word which,disgust,1
YAF_puff_fear,C:\Users\sande\Desktop\multimodal_emotion_project\dataset\TESS Toronto emotional speech set data\YAF_fear\YAF_puff_fear.wav,say the word puff,fear,2
YAF_match_happy,C:\Users\sande\Desktop\multimodal_emotion_project\dataset\TESS Toronto emotional speech set data\YAF_happy\YAF_match_happy.wav,say the word match,happy,3
YAF_five_sad,C:\Users\sande\Desktop\multimodal_emotion_project\dataset\TESS Toronto emotional speech set data\YAF_sad\YAF_five_sad.wav,say the word five,sad,5
YAF_pole_angry,C:\Users\sande\Desktop\multimodal_emotion_project\dataset\TESS Toronto emotional speech set data\YAF_angry\YAF_pole_angry.wav,say the word pole,angry,0
YAF_jar_angry,C:\Users\sande\Desktop\multimodal_emotion_project\dataset\TESS Toronto emotional speech set data\YAF_angry\YAF_jar_angry.wav,say the word jar,angry,0
OAF_gap_happy,C:\Users\sande\Desktop\multimodal_emotion_project\dataset\TESS Toronto emotional speech set data\OAF_happy\OAF_gap_happy.wav,say the word gap,happy,3
YAF_hate_ps,C:\Users\sande\Desktop\multimodal_emotion_project\dataset\TESS Toronto emotional speech set data\YAF_pleasant_surprised\YAF_hate_ps.wav,say the word hate,surprise,6
OAF_bone_neutral,C:\Users\sande\Desktop\multimodal_emotion_project\dataset\TESS Toronto emotional speech set data\OAF_neutral\OAF_bone_neutral.wav,say the word bone,neutral,4
OAF_far_happy,C:\Users\sande\Desktop\multimodal_emotion_project\dataset\TESS Toronto emotional speech set data\OAF_happy\OAF_far_happy.wav,say the word far,happy,3
YAF_ditch_happy,C:\Users\sande\Desktop\multimodal_emotion_project\dataset\TESS Toronto emotional speech set data\YAF_happy\YAF_ditch_happy.wav,say the word ditch,happy,3
OAF_fail_fear,C:\Users\sande\Desktop\multimodal_emotion_project\dataset\TESS Toronto emotional speech set data\OAF_Fear\OAF_fail_fear.wav,say the word fail,fear,2
OAF_door_ps,C:\Users\sande\Desktop\multimodal_emotion_project\dataset\TESS Toronto emotional speech set data\OAF_Pleasant_surprise\OAF_door_ps.wav,say the word door,surprise,6
YAF_size_disgust,C:\Users\sande\Desktop\multimodal_emotion_project\dataset\TESS Toronto emotional speech set data\YAF_disgust\YAF_size_disgust.wav,say the word size,disgust,1
YAF_life_ps,C:\Users\sande\Desktop\multimodal_emotion_project\dataset\TESS Toronto emotional speech set data\YAF_pleasant_surprised\YAF_life_ps.wav,say the word life,surprise,6
YAF_half_neutral,C:\Users\sande\Desktop\multimodal_emotion_project\dataset\TESS Toronto emotional speech set data\YAF_neutral\YAF_half_neutral.wav,say the word half,neutral,4
YAF_gap_happy,C:\Users\sande\Desktop\multimodal_emotion_project\dataset\TESS Toronto emotional speech set data\YAF_happy\YAF_gap_happy.wav,say the word gap,happy,3
YAF_nag_fear,C:\Users\sande\Desktop\multimodal_emotion_project\dataset\TESS Toronto emotional speech set data\YAF_fear\YAF_nag_fear.wav,say the word nag,fear,2
OAF_jar_happy,C:\Users\sande\Desktop\multimodal_emotion_project\dataset\TESS Toronto emotional speech set data\OAF_happy\OAF_jar_happy.wav,say the word jar,happy,3
OAF_home_happy,C:\Users\sande\Desktop\multimodal_emotion_project\dataset\TESS Toronto emotional speech set data\OAF_happy\OAF_home_happy.wav,say the word home,happy,3
OAF_wash_angry,C:\Users\sande\Desktop\multimodal_emotion_project\dataset\TESS Toronto emotional speech set data\OAF_angry\OAF_wash_angry.wav,say the word wash,angry,0
YAF_gaze_neutral,C:\Users\sande\Desktop\multimodal_emotion_project\dataset\TESS Toronto emotional speech set data\YAF_neutral\YAF_gaze_neutral.wav,say the word gaze,neutral,4
YAF_wife_sad,C:\Users\sande\Desktop\multimodal_emotion_project\dataset\TESS Toronto emotional speech set data\YAF_sad\YAF_wife_sad.wav,say the word wife,sad,5
OAF_merge_happy,C:\Users\sande\Desktop\multimodal_emotion_project\dataset\TESS Toronto emotional speech set data\OAF_happy\OAF_merge_happy.wav,say the word merge,happy,3
YAF_wire_sad,C:\Users\sande\Desktop\multimodal_emotion_project\dataset\TESS Toronto emotional speech set data\YAF_sad\YAF_wire_sad.wav,say the word wire,sad,5
OAF_pike_disgust,C:\Users\sande\Desktop\multimodal_emotion_project\dataset\TESS Toronto emotional speech set data\OAF_disgust\OAF_pike_disgust.wav,say the word pike,disgust,1
YAF_road_angry,C:\Users\sande\Desktop\multimodal_emotion_project\dataset\TESS Toronto emotional speech set data\YAF_angry\YAF_road_angry.wav,say the word road,angry,0
YAF_perch_ps,C:\Users\sande\Desktop\multimodal_emotion_project\dataset\TESS Toronto emotional speech set data\YAF_pleasant_surprised\YAF_perch_ps.wav,say the word perch,surprise,6
OAF_make_sad,C:\Users\sande\Desktop\multimodal_emotion_project\dataset\TESS Toronto emotional speech set data\OAF_Sad\OAF_make_sad.wav,say the word make,sad,5
OAF_thought_ps,C:\Users\sande\Desktop\multimodal_emotion_project\dataset\TESS Toronto emotional speech set data\OAF_Pleasant_surprise\OAF_thought_ps.wav,say the word thought,surprise,6
OAF_pick_happy,C:\Users\sande\Desktop\multimodal_emotion_project\dataset\TESS Toronto emotional speech set data\OAF_happy\OAF_pick_happy.wav,say the word pick,happy,3
YAF_young_angry,C:\Users\sande\Desktop\multimodal_emotion_project\dataset\TESS Toronto emotional speech set data\YAF_angry\YAF_young_angry.wav,say the word young,angry,0
YAF_wife_fear,C:\Users\sande\Desktop\multimodal_emotion_project\dataset\TESS Toronto emotional speech set data\YAF_fear\YAF_wife_fear.wav,say the word wife,fear,2
YAF_moon_happy,C:\Users\sande\Desktop\multimodal_emotion_project\dataset\TESS Toronto emotional speech set data\YAF_happy\YAF_moon_happy.wav,say the word moon,happy,3
YAF_judge_happy,C:\Users\sande\Desktop\multimodal_emotion_project\dataset\TESS Toronto emotional speech set data\YAF_happy\YAF_judge_happy.wav,say the word judge,happy,3
YAF_pearl_disgust,C:\Users\sande\Desktop\multimodal_emotion_project\dataset\TESS Toronto emotional speech set data\YAF_disgust\YAF_pearl_disgust.wav,say the word pearl,disgust,1
YAF_pole_happy,C:\Users\sande\Desktop\multimodal_emotion_project\dataset\TESS Toronto emotional speech set data\YAF_happy\YAF_pole_happy.wav,say the word pole,happy,3
YAF_tool_sad,C:\Users\sande\Desktop\multimodal_emotion_project\dataset\TESS Toronto emotional speech set data\YAF_sad\YAF_tool_sad.wav,say the word tool,sad,5
YAF_hush_neutral,C:\Users\sande\Desktop\multimodal_emotion_project\dataset\TESS Toronto emotional speech set data\YAF_neutral\YAF_hush_neutral.wav,say the word hush,neutral,4
YAF_witch_angry,C:\Users\sande\Desktop\multimodal_emotion_project\dataset\TESS Toronto emotional speech set data\YAF_angry\YAF_witch_angry.wav,say the word witch,angry,0
OAF_ton_fear,C:\Users\sande\Desktop\multimodal_emotion_project\dataset\TESS Toronto emotional speech set data\OAF_Fear\OAF_ton_fear.wav,say the word ton,fear,2
OAF_walk_neutral,C:\Users\sande\Desktop\multimodal_emotion_project\dataset\TESS Toronto emotional speech set data\OAF_neutral\OAF_walk_neutral.wav,say the word walk,neutral,4
OAF_judge_ps,C:\Users\sande\Desktop\multimodal_emotion_project\dataset\TESS Toronto emotional speech set data\OAF_Pleasant_surprise\OAF_judge_ps.wav,say the word judge,surprise,6
YAF_keg_happy,C:\Users\sande\Desktop\multimodal_emotion_project\dataset\TESS Toronto emotional speech set data\YAF_happy\YAF_keg_happy.wav,say the word keg,happy,3
OAF_haze_neutral,C:\Users\sande\Desktop\multimodal_emotion_project\dataset\TESS Toronto emotional speech set data\OAF_neutral\OAF_haze_neutral.wav,say the word haze,neutral,4
YAF_rush_fear,C:\Users\sande\Desktop\multimodal_emotion_project\dataset\TESS Toronto emotional speech set data\YAF_fear\YAF_rush_fear.wav,say the word rush,fear,2
OAF_kill_disgust,C:\Users\sande\Desktop\multimodal_emotion_project\dataset\TESS Toronto emotional speech set data\OAF_disgust\OAF_kill_disgust.wav,say the word kill,disgust,1
OAF_shirt_happy,C:\Users\sande\Desktop\multimodal_emotion_project\dataset\TESS Toronto emotional speech set data\OAF_happy\OAF_shirt_happy.wav,say the word shirt,happy,3
OAF_ring_fear,C:\Users\sande\Desktop\multimodal_emotion_project\dataset\TESS Toronto emotional speech set data\OAF_Fear\OAF_ring_fear.wav,say the word ring,fear,2
YAF_lid_disgust,C:\Users\sande\Desktop\multimodal_emotion_project\dataset\TESS Toronto emotional speech set data\YAF_disgust\YAF_lid_disgust.wav,say the word lid,disgust,1
OAF_nag_happy,C:\Users\sande\Desktop\multimodal_emotion_project\dataset\TESS Toronto emotional speech set data\OAF_happy\OAF_nag_happy.wav,say the word nag,happy,3
YAF_loaf_fear,C:\Users\sande\Desktop\multimodal_emotion_project\dataset\TESS Toronto emotional speech set data\YAF_fear\YAF_loaf_fear.wav,say the word loaf,fear,2
OAF_good_happy,C:\Users\sande\Desktop\multimodal_emotion_project\dataset\TESS Toronto emotional speech set data\OAF_happy\OAF_good_happy.wav,say the word good,happy,3
YAF_hate_disgust,C:\Users\sande\Desktop\multimodal_emotion_project\dataset\TESS Toronto emotional speech set data\YAF_disgust\YAF_hate_disgust.wav,say the word hate,disgust,1
OAF_luck_neutral,C:\Users\sande\Desktop\multimodal_emotion_project\dataset\TESS Toronto emotional speech set data\OAF_neutral\OAF_luck_neutral.wav,say the word luck,neutral,4
OAF_reach_happy,C:\Users\sande\Desktop\multimodal_emotion_project\dataset\TESS Toronto emotional speech set data\OAF_happy\OAF_reach_happy.wav,say the word reach,happy,3
YAF_chat_fear,C:\Users\sande\Desktop\multimodal_emotion_project\dataset\TESS Toronto emotional speech set data\YAF_fear\YAF_chat_fear.wav,say the word chat,fear,2
YAF_back_angry,C:\Users\sande\Desktop\multimodal_emotion_project\dataset\TESS Toronto emotional speech set data\YAF_angry\YAF_back_angry.wav,say the word back,angry,0
YAF_rag_neutral,C:\Users\sande\Desktop\multimodal_emotion_project\dataset\TESS Toronto emotional speech set data\YAF_neutral\YAF_rag_neutral.wav,say the word rag,neutral,4
OAF_judge_disgust,C:\Users\sande\Desktop\multimodal_emotion_project\dataset\TESS Toronto emotional speech set data\OAF_disgust\OAF_judge_disgust.wav,say the word judge,disgust,1
OAF_raise_angry,C:\Users\sande\Desktop\multimodal_emotion_project\dataset\TESS Toronto emotional speech set data\OAF_angry\OAF_raise_angry.wav,say the word raise,angry,0
OAF_void_angry,C:\Users\sande\Desktop\multimodal_emotion_project\dataset\TESS Toronto emotional speech set data\OAF_angry\OAF_void_angry.wav,say the word void,angry,0
YAF_void_neutral,C:\Users\sande\Desktop\multimodal_emotion_project\dataset\TESS Toronto emotional speech set data\YAF_neutral\YAF_void_neutral.wav,say the word void,neutral,4
YAF_young_sad,C:\Users\sande\Desktop\multimodal_emotion_project\dataset\TESS Toronto emotional speech set data\YAF_sad\YAF_young_sad.wav,say the word young,sad,5
OAF_far_disgust,C:\Users\sande\Desktop\multimodal_emotion_project\dataset\TESS Toronto emotional speech set data\OAF_disgust\OAF_far_disgust.wav,say the word far,disgust,1
YAF_keep_sad,C:\Users\sande\Desktop\multimodal_emotion_project\dataset\TESS Toronto emotional speech set data\YAF_sad\YAF_keep_sad.wav,say the word keep,sad,5
OAF_jail_sad,C:\Users\sande\Desktop\multimodal_emotion_project\dataset\TESS Toronto emotional speech set data\OAF_Sad\OAF_jail_sad.wav,say the word jail,sad,5
YAF_whip_sad,C:\Users\sande\Desktop\multimodal_emotion_project\dataset\TESS Toronto emotional speech set data\YAF_sad\YAF_whip_sad.wav,say the word whip,sad,5
YAF_bone_angry,C:\Users\sande\Desktop\multimodal_emotion_project\dataset\TESS Toronto emotional speech set data\YAF_angry\YAF_bone_angry.wav,say the word bone,angry,0
YAF_rose_sad,C:\Users\sande\Desktop\multimodal_emotion_project\dataset\TESS Toronto emotional speech set data\YAF_sad\YAF_rose_sad.wav,say the word rose,sad,5
OAF_said_ps,C:\Users\sande\Desktop\multimodal_emotion_project\dataset\TESS Toronto emotional speech set data\OAF_Pleasant_surprise\OAF_said_ps.wav,say the word said,surprise,6
YAF_name_ps,C:\Users\sande\Desktop\multimodal_emotion_project\dataset\TESS Toronto emotional speech set data\YAF_pleasant_surprised\YAF_name_ps.wav,say the word name,surprise,6
OAF_fail_disgust,C:\Users\sande\Desktop\multimodal_emotion_project\dataset\TESS Toronto emotional speech set data\OAF_disgust\OAF_fail_disgust.wav,say the word fail,disgust,1
YAF_bath_happy,C:\Users\sande\Desktop\multimodal_emotion_project\dataset\TESS Toronto emotional speech set data\YAF_happy\YAF_bath_happy.wav,say the word bath,happy,3
OAF_talk_ps,C:\Users\sande\Desktop\multimodal_emotion_project\dataset\TESS Toronto emotional speech set data\OAF_Pleasant_surprise\OAF_talk_ps.wav,say the word talk,surprise,6
OAF_lean_angry,C:\Users\sande\Desktop\multimodal_emotion_project\dataset\TESS Toronto emotional speech set data\OAF_angry\OAF_lean_angry.wav,say the word lean,angry,0
YAF_talk_ps,C:\Users\sande\Desktop\multimodal_emotion_project\dataset\TESS Toronto emotional speech set data\YAF_pleasant_surprised\YAF_talk_ps.wav,say the word talk,surprise,6
OAF_hit_neutral,C:\Users\sande\Desktop\multimodal_emotion_project\dataset\TESS Toronto emotional speech set data\OAF_neutral\OAF_hit_neutral.wav,say the word hit,neutral,4
YAF_luck_sad,C:\Users\sande\Desktop\multimodal_emotion_project\dataset\TESS Toronto emotional speech set data\YAF_sad\YAF_luck_sad.wav,say the word luck,sad,5
OAF_kite_neutral,C:\Users\sande\Desktop\multimodal_emotion_project\dataset\TESS Toronto emotional speech set data\OAF_neutral\OAF_kite_neutral.wav,say the word kite,neutral,4
OAF_fail_sad,C:\Users\sande\Desktop\multimodal_emotion_project\dataset\TESS Toronto emotional speech set data\OAF_Sad\OAF_fail_sad.wav,say the word fail,sad,5
YAF_room_neutral,C:\Users\sande\Desktop\multimodal_emotion_project\dataset\TESS Toronto emotional speech set data\YAF_neutral\YAF_room_neutral.wav,say the word room,neutral,4
OAF_lease_disgust,C:\Users\sande\Desktop\multimodal_emotion_project\dataset\TESS Toronto emotional speech set data\OAF_disgust\OAF_lease_disgust.wav,say the word lease,disgust,1
YAF_gap_ps,C:\Users\sande\Desktop\multimodal_emotion_project\dataset\TESS Toronto emotional speech set data\YAF_pleasant_surprised\YAF_gap_ps.wav,say the word gap,surprise,6
OAF_merge_neutral,C:\Users\sande\Desktop\multimodal_emotion_project\dataset\TESS Toronto emotional speech set data\OAF_neutral\OAF_merge_neutral.wav,say the word merge,neutral,4
OAF_met_sad,C:\Users\sande\Desktop\multimodal_emotion_project\dataset\TESS Toronto emotional speech set data\OAF_Sad\OAF_met_sad.wav,say the word met,sad,5
YAF_pool_fear,C:\Users\sande\Desktop\multimodal_emotion_project\dataset\TESS Toronto emotional speech set data\YAF_fear\YAF_pool_fear.wav,say the word pool,fear,2
YAF_check_neutral,C:\Users\sande\Desktop\multimodal_emotion_project\dataset\TESS Toronto emotional speech set data\YAF_neutral\YAF_check_neutral.wav,say the word check,neutral,4
YAF_jug_ps,C:\Users\sande\Desktop\multimodal_emotion_project\dataset\TESS Toronto emotional speech set data\YAF_pleasant_surprised\YAF_jug_ps.wav,say the word jug,surprise,6
YAF_check_fear,C:\Users\sande\Desktop\multimodal_emotion_project\dataset\TESS Toronto emotional speech set data\YAF_fear\YAF_check_fear.wav,say the word check,fear,2
YAF_goose_neutral,C:\Users\sande\Desktop\multimodal_emotion_project\dataset\TESS Toronto emotional speech set data\YAF_neutral\YAF_goose_neutral.wav,say the word goose,neutral,4
OAF_walk_disgust,C:\Users\sande\Desktop\multimodal_emotion_project\dataset\TESS Toronto emotional speech set data\OAF_disgust\OAF_walk_disgust.wav,say the word walk,disgust,1
OAF_hush_angry,C:\Users\sande\Desktop\multimodal_emotion_project\dataset\TESS Toronto emotional speech set data\OAF_angry\OAF_hush_angry.wav,say the word hush,angry,0
YAF_match_sad,C:\Users\sande\Desktop\multimodal_emotion_project\dataset\TESS Toronto emotional speech set data\YAF_sad\YAF_match_sad.wav,say the word match,sad,5
OAF_bath_sad,C:\Users\sande\Desktop\multimodal_emotion_project\dataset\TESS Toronto emotional speech set data\OAF_Sad\OAF_bath_sad.wav,say the word bath,sad,5
OAF_rough_happy,C:\Users\sande\Desktop\multimodal_emotion_project\dataset\TESS Toronto emotional speech set data\OAF_happy\OAF_rough_happy.wav,say the word rough,happy,3
YAF_chat_angry,C:\Users\sande\Desktop\multimodal_emotion_project\dataset\TESS Toronto emotional speech set data\YAF_angry\YAF_chat_angry.wav,say the word chat,angry,0
YAF_gun_fear,C:\Users\sande\Desktop\multimodal_emotion_project\dataset\TESS Toronto emotional speech set data\YAF_fear\YAF_gun_fear.wav,say the word gun,fear,2
OAF_door_angry,C:\Users\sande\Desktop\multimodal_emotion_project\dataset\TESS Toronto emotional speech set data\OAF_angry\OAF_door_angry.wav,say the word door,angry,0
OAF_yes_sad,C:\Users\sande\Desktop\multimodal_emotion_project\dataset\TESS Toronto emotional speech set data\OAF_Sad\OAF_yes_sad.wav,say the word yes,sad,5
OAF_sell_sad,C:\Users\sande\Desktop\multimodal_emotion_project\dataset\TESS Toronto emotional speech set data\OAF_Sad\OAF_sell_sad.wav,say the word sell,sad,5
OAF_back_angry,C:\Users\sande\Desktop\multimodal_emotion_project\dataset\TESS Toronto emotional speech set data\OAF_angry\OAF_back_angry.wav,say the word back,angry,0
YAF_puff_neutral,C:\Users\sande\Desktop\multimodal_emotion_project\dataset\TESS Toronto emotional speech set data\YAF_neutral\YAF_puff_neutral.wav,say the word puff,neutral,4
YAF_cool_ps,C:\Users\sande\Desktop\multimodal_emotion_project\dataset\TESS Toronto emotional speech set data\YAF_pleasant_surprised\YAF_cool_ps.wav,say the word cool,surprise,6
OAF_five_sad,C:\Users\sande\Desktop\multimodal_emotion_project\dataset\TESS Toronto emotional speech set data\OAF_Sad\OAF_five_sad.wav,say the word five,sad,5
YAF_tool_fear,C:\Users\sande\Desktop\multimodal_emotion_project\dataset\TESS Toronto emotional speech set data\YAF_fear\YAF_tool_fear.wav,say the word tool,fear,2
OAF_bought_ps,C:\Users\sande\Desktop\multimodal_emotion_project\dataset\TESS Toronto emotional speech set data\OAF_Pleasant_surprise\OAF_bought_ps.wav,say the word bought,surprise,6
YAF_kick_ps,C:\Users\sande\Desktop\multimodal_emotion_project\dataset\TESS Toronto emotional speech set data\YAF_pleasant_surprised\YAF_kick_ps.wav,say the word kick,surprise,6
YAF_lose_angry,C:\Users\sande\Desktop\multimodal_emotion_project\dataset\TESS Toronto emotional speech set data\YAF_angry\YAF_lose_angry.wav,say the word lose,angry,0
OAF_chief_fear,C:\Users\sande\Desktop\multimodal_emotion_project\dataset\TESS Toronto emotional speech set data\OAF_Fear\OAF_chief_fear.wav,say the word chief,fear,2
OAF_death_angry,C:\Users\sande\Desktop\multimodal_emotion_project\dataset\TESS Toronto emotional speech set data\OAF_angry\OAF_death_angry.wav,say the word death,angry,0
OAF_name_neutral,C:\Users\sande\Desktop\multimodal_emotion_project\dataset\TESS Toronto emotional speech set data\OAF_neutral\OAF_name_neutral.wav,say the word name,neutral,4
YAF_such_sad,C:\Users\sande\Desktop\multimodal_emotion_project\dataset\TESS Toronto emotional speech set data\YAF_sad\YAF_such_sad.wav,say the word such,sad,5
OAF_third_happy,C:\Users\sande\Desktop\multimodal_emotion_project\dataset\TESS Toronto emotional speech set data\OAF_happy\OAF_third_happy.wav,say the word third,happy,3
OAF_when_neutral,C:\Users\sande\Desktop\multimodal_emotion_project\dataset\TESS Toronto emotional speech set data\OAF_neutral\OAF_when_neutral.wav,say the word when,neutral,4
YAF_choice_angry,C:\Users\sande\Desktop\multimodal_emotion_project\dataset\TESS Toronto emotional speech set data\YAF_angry\YAF_choice_angry.wav,say the word choice,angry,0
OAF_chat_neutral,C:\Users\sande\Desktop\multimodal_emotion_project\dataset\TESS Toronto emotional speech set data\OAF_neutral\OAF_chat_neutral.wav,say the word chat,neutral,4
YAF_thumb_fear,C:\Users\sande\Desktop\multimodal_emotion_project\dataset\TESS Toronto emotional speech set data\YAF_fear\YAF_thumb_fear.wav,say the word thumb,fear,2
OAF_mop_sad,C:\Users\sande\Desktop\multimodal_emotion_project\dataset\TESS Toronto emotional speech set data\OAF_Sad\OAF_mop_sad.wav,say the word mop,sad,5
OAF_ring_sad,C:\Users\sande\Desktop\multimodal_emotion_project\dataset\TESS Toronto emotional speech set data\OAF_Sad\OAF_ring_sad.wav,say the word ring,sad,5
OAF_dime_ps,C:\Users\sande\Desktop\multimodal_emotion_project\dataset\TESS Toronto emotional speech set data\OAF_Pleasant_surprise\OAF_dime_ps.wav,say the word dime,surprise,6
YAF_phone_sad,C:\Users\sande\Desktop\multimodal_emotion_project\dataset\TESS Toronto emotional speech set data\YAF_sad\YAF_phone_sad.wav,say the word phone,sad,5
OAF_ditch_ps,C:\Users\sande\Desktop\multimodal_emotion_project\dataset\TESS Toronto emotional speech set data\OAF_Pleasant_surprise\OAF_ditch_ps.wav,say the word ditch,surprise,6
YAF_chief_fear,C:\Users\sande\Desktop\multimodal_emotion_project\dataset\TESS Toronto emotional speech set data\YAF_fear\YAF_chief_fear.wav,say the word chief,fear,2
YAF_pike_fear,C:\Users\sande\Desktop\multimodal_emotion_project\dataset\TESS Toronto emotional speech set data\YAF_fear\YAF_pike_fear.wav,say the word pike,fear,2
OAF_wash_neutral,C:\Users\sande\Desktop\multimodal_emotion_project\dataset\TESS Toronto emotional speech set data\OAF_neutral\OAF_wash_neutral.wav,say the word wash,neutral,4
OAF_cause_angry,C:\Users\sande\Desktop\multimodal_emotion_project\dataset\TESS Toronto emotional speech set data\OAF_angry\OAF_cause_angry.wav,say the word cause,angry,0
YAF_dog_ps,C:\Users\sande\Desktop\multimodal_emotion_project\dataset\TESS Toronto emotional speech set data\YAF_pleasant_surprised\YAF_dog_ps.wav,say the word dog,surprise,6
YAF_mop_happy,C:\Users\sande\Desktop\multimodal_emotion_project\dataset\TESS Toronto emotional speech set data\YAF_happy\YAF_mop_happy.wav,say the word mop,happy,3
OAF_luck_fear,C:\Users\sande\Desktop\multimodal_emotion_project\dataset\TESS Toronto emotional speech set data\OAF_Fear\OAF_luck_fear.wav,say the word luck,fear,2
YAF_calm_angry,C:\Users\sande\Desktop\multimodal_emotion_project\dataset\TESS Toronto emotional speech set data\YAF_angry\YAF_calm_angry.wav,say the word calm,angry,0
YAF_match_ps,C:\Users\sande\Desktop\multimodal_emotion_project\dataset\TESS Toronto emotional speech set data\YAF_pleasant_surprised\YAF_match_ps.wav,say the word match,surprise,6
YAF_room_happy,C:\Users\sande\Desktop\multimodal_emotion_project\dataset\TESS Toronto emotional speech set data\YAF_happy\YAF_room_happy.wav,say the word room,happy,3
OAF_knock_sad,C:\Users\sande\Desktop\multimodal_emotion_project\dataset\TESS Toronto emotional speech set data\OAF_Sad\OAF_knock_sad.wav,say the word knock,sad,5
OAF_chat_sad,C:\Users\sande\Desktop\multimodal_emotion_project\dataset\TESS Toronto emotional speech set data\OAF_Sad\OAF_chat_sad.wav,say the word chat,sad,5
OAF_back_neutral,C:\Users\sande\Desktop\multimodal_emotion_project\dataset\TESS Toronto emotional speech set data\OAF_neutral\OAF_back_neutral.wav,say the word back,neutral,4
OAF_goal_neutral,C:\Users\sande\Desktop\multimodal_emotion_project\dataset\TESS Toronto emotional speech set data\OAF_neutral\OAF_goal_neutral.wav,say the word goal,neutral,4
OAF_bath_ps,C:\Users\sande\Desktop\multimodal_emotion_project\dataset\TESS Toronto emotional speech set data\OAF_Pleasant_surprise\OAF_bath_ps.wav,say the word bath,surprise,6
YAF_hurl_fear,C:\Users\sande\Desktop\multimodal_emotion_project\dataset\TESS Toronto emotional speech set data\YAF_fear\YAF_hurl_fear.wav,say the word hurl,fear,2
YAF_shall_ps,C:\Users\sande\Desktop\multimodal_emotion_project\dataset\TESS Toronto emotional speech set data\YAF_pleasant_surprised\YAF_shall_ps.wav,say the word shall,surprise,6
OAF_cheek_disgust,C:\Users\sande\Desktop\multimodal_emotion_project\dataset\TESS Toronto emotional speech set data\OAF_disgust\OAF_cheek_disgust.wav,say the word cheek,disgust,1
OAF_jar_fear,C:\Users\sande\Desktop\multimodal_emotion_project\dataset\TESS Toronto emotional speech set data\OAF_Fear\OAF_jar_fear.wav,say the word jar,fear,2
OAF_hire_angry,C:\Users\sande\Desktop\multimodal_emotion_project\dataset\TESS Toronto emotional speech set data\OAF_angry\OAF_hire_angry.wav,say the word hire,angry,0
YAF_wag_neutral,C:\Users\sande\Desktop\multimodal_emotion_project\dataset\TESS Toronto emotional speech set data\YAF_neutral\YAF_wag_neutral.wav,say the word wag,neutral,4
OAF_gap_disgust,C:\Users\sande\Desktop\multimodal_emotion_project\dataset\TESS Toronto emotional speech set data\OAF_disgust\OAF_gap_disgust.wav,say the word gap,disgust,1
YAF_fat_happy,C:\Users\sande\Desktop\multimodal_emotion_project\dataset\TESS Toronto emotional speech set data\YAF_happy\YAF_fat_happy.wav,say the word fat,happy,3
YAF_life_angry,C:\Users\sande\Desktop\multimodal_emotion_project\dataset\TESS Toronto emotional speech set data\YAF_angry\YAF_life_angry.wav,say the word life,angry,0
OAF_near_sad,C:\Users\sande\Desktop\multimodal_emotion_project\dataset\TESS Toronto emotional speech set data\OAF_Sad\OAF_near_sad.wav,say the word near,sad,5
OAF_keg_fear,C:\Users\sande\Desktop\multimodal_emotion_project\dataset\TESS Toronto emotional speech set data\OAF_Fear\OAF_keg_fear.wav,say the word keg,fear,2
OAF_mode_ps,C:\Users\sande\Desktop\multimodal_emotion_project\dataset\TESS Toronto emotional speech set data\OAF_Pleasant_surprise\OAF_mode_ps.wav,say the word mode,surprise,6
OAF_keg_disgust,C:\Users\sande\Desktop\multimodal_emotion_project\dataset\TESS Toronto emotional speech set data\OAF_disgust\OAF_keg_disgust.wav,say the word keg,disgust,1
OAF_chalk_angry,C:\Users\sande\Desktop\multimodal_emotion_project\dataset\TESS Toronto emotional speech set data\OAF_angry\OAF_chalk_angry.wav,say the word chalk,angry,0
OAF_check_happy,C:\Users\sande\Desktop\multimodal_emotion_project\dataset\TESS Toronto emotional speech set data\OAF_happy\OAF_check_happy.wav,say the word check,happy,3
OAF_mop_neutral,C:\Users\sande\Desktop\multimodal_emotion_project\dataset\TESS Toronto emotional speech set data\OAF_neutral\OAF_mop_neutral.wav,say the word mop,neutral,4
YAF_dime_disgust,C:\Users\sande\Desktop\multimodal_emotion_project\dataset\TESS Toronto emotional speech set data\YAF_disgust\YAF_dime_disgust.wav,say the word dime,disgust,1
OAF_good_fear,C:\Users\sande\Desktop\multimodal_emotion_project\dataset\TESS Toronto emotional speech set data\OAF_Fear\OAF_good_fear.wav,say the word good,fear,2
OAF_juice_sad,C:\Users\sande\Desktop\multimodal_emotion_project\dataset\TESS Toronto emotional speech set data\OAF_Sad\OAF_juice_sad.wav,say the word juice,sad,5
OAF_which_fear,C:\Users\sande\Desktop\multimodal_emotion_project\dataset\TESS Toronto emotional speech set data\OAF_Fear\OAF_which_fear.wav,say the word which,fear,2
YAF_talk_disgust,C:\Users\sande\Desktop\multimodal_emotion_project\dataset\TESS Toronto emotional speech set data\YAF_disgust\YAF_talk_disgust.wav,say the word talk,disgust,1
OAF_make_disgust,C:\Users\sande\Desktop\multimodal_emotion_project\dataset\TESS Toronto emotional speech set data\OAF_disgust\OAF_make_disgust.wav,say the word make,disgust,1
OAF_date_happy,C:\Users\sande\Desktop\multimodal_emotion_project\dataset\TESS Toronto emotional speech set data\OAF_happy\OAF_date_happy.wav,say the word date,happy,3
YAF_choice_ps,C:\Users\sande\Desktop\multimodal_emotion_project\dataset\TESS Toronto emotional speech set data\YAF_pleasant_surprised\YAF_choice_ps.wav,say the word choice,surprise,6
YAF_pass_ps,C:\Users\sande\Desktop\multimodal_emotion_project\dataset\TESS Toronto emotional speech set data\YAF_pleasant_surprised\YAF_pass_ps.wav,say the word pass,surprise,6
OAF_keg_happy,C:\Users\sande\Desktop\multimodal_emotion_project\dataset\TESS Toronto emotional speech set data\OAF_happy\OAF_keg_happy.wav,say the word keg,happy,3
OAF_bone_ps,C:\Users\sande\Desktop\multimodal_emotion_project\dataset\TESS Toronto emotional speech set data\OAF_Pleasant_surprise\OAF_bone_ps.wav,say the word bone,surprise,6
YAF_void_happy,C:\Users\sande\Desktop\multimodal_emotion_project\dataset\TESS Toronto emotional speech set data\YAF_happy\YAF_void_happy.wav,say the word void,happy,3
YAF_hurl_disgust,C:\Users\sande\Desktop\multimodal_emotion_project\dataset\TESS Toronto emotional speech set data\YAF_disgust\YAF_hurl_disgust.wav,say the word hurl,disgust,1
OAF_tool_fear,C:\Users\sande\Desktop\multimodal_emotion_project\dataset\TESS Toronto emotional speech set data\OAF_Fear\OAF_tool_fear.wav,say the word tool,fear,2
YAF_seize_ps,C:\Users\sande\Desktop\multimodal_emotion_project\dataset\TESS Toronto emotional speech set data\YAF_pleasant_surprised\YAF_seize_ps.wav,say the word seize,surprise,6
OAF_food_disgust,C:\Users\sande\Desktop\multimodal_emotion_project\dataset\TESS Toronto emotional speech set data\OAF_disgust\OAF_food_disgust.wav,say the word food,disgust,1
OAF_mess_ps,C:\Users\sande\Desktop\multimodal_emotion_project\dataset\TESS Toronto emotional speech set data\OAF_Pleasant_surprise\OAF_mess_ps.wav,say the word mess,surprise,6
YAF_bean_fear,C:\Users\sande\Desktop\multimodal_emotion_project\dataset\TESS Toronto emotional speech set data\YAF_fear\YAF_bean_fear.wav,say the word bean,fear,2
OAF_haze_angry,C:\Users\sande\Desktop\multimodal_emotion_project\dataset\TESS Toronto emotional speech set data\OAF_angry\OAF_haze_angry.wav,say the word haze,angry,0
YAF_take_fear,C:\Users\sande\Desktop\multimodal_emotion_project\dataset\TESS Toronto emotional speech set data\YAF_fear\YAF_take_fear.wav,say the word take,fear,2
OAF_burn_sad,C:\Users\sande\Desktop\multimodal_emotion_project\dataset\TESS Toronto emotional speech set data\OAF_Sad\OAF_burn_sad.wav,say the word burn,sad,5
OAF_shack_ps,C:\Users\sande\Desktop\multimodal_emotion_project\dataset\TESS Toronto emotional speech set data\OAF_Pleasant_surprise\OAF_shack_ps.wav,say the word shack,surprise,6
OAF_pool_happy,C:\Users\sande\Desktop\multimodal_emotion_project\dataset\TESS Toronto emotional speech set data\OAF_happy\OAF_pool_happy.wav,say the word pool,happy,3
OAF_phone_disgust,C:\Users\sande\Desktop\multimodal_emotion_project\dataset\TESS Toronto emotional speech set data\OAF_disgust\OAF_phone_disgust.wav,say the word phone,disgust,1
YAF_bite_happy,C:\Users\sande\Desktop\multimodal_emotion_project\dataset\TESS Toronto emotional speech set data\YAF_happy\YAF_bite_happy.wav,say the word bite,happy,3
YAF_ring_happy,C:\Users\sande\Desktop\multimodal_emotion_project\dataset\TESS Toronto emotional speech set data\YAF_happy\YAF_ring_happy.wav,say the word ring,happy,3
YAF_tire_ps,C:\Users\sande\Desktop\multimodal_emotion_project\dataset\TESS Toronto emotional speech set data\YAF_pleasant_surprised\YAF_tire_ps.wav,say the word tire,surprise,6
YAF_bone_neutral,C:\Users\sande\Desktop\multimodal_emotion_project\dataset\TESS Toronto emotional speech set data\YAF_neutral\YAF_bone_neutral.wav,say the word bone,neutral,4
YAF_lore_ps,C:\Users\sande\Desktop\multimodal_emotion_project\dataset\TESS Toronto emotional speech set data\YAF_pleasant_surprised\YAF_lore_ps.wav,say the word lore,surprise,6
YAF_bar_neutral,C:\Users\sande\Desktop\multimodal_emotion_project\dataset\TESS Toronto emotional speech set data\YAF_neutral\YAF_bar_neutral.wav,say the word bar,neutral,4
OAF_tool_sad,C:\Users\sande\Desktop\multimodal_emotion_project\dataset\TESS Toronto emotional speech set data\OAF_Sad\OAF_tool_sad.wav,say the word tool,sad,5
OAF_learn_angry,C:\Users\sande\Desktop\multimodal_emotion_project\dataset\TESS Toronto emotional speech set data\OAF_angry\OAF_learn_angry.wav,say the word learn,angry,0
OAF_gaze_happy,C:\Users\sande\Desktop\multimodal_emotion_project\dataset\TESS Toronto emotional speech set data\OAF_happy\OAF_gaze_happy.wav,say the word gaze,happy,3
YAF_pass_angry,C:\Users\sande\Desktop\multimodal_emotion_project\dataset\TESS Toronto emotional speech set data\YAF_angry\YAF_pass_angry.wav,say the word pass,angry,0
YAF_read_happy,C:\Users\sande\Desktop\multimodal_emotion_project\dataset\TESS Toronto emotional speech set data\YAF_happy\YAF_read_happy.wav,say the word read,happy,3
YAF_search_happy,C:\Users\sande\Desktop\multimodal_emotion_project\dataset\TESS Toronto emotional speech set data\YAF_happy\YAF_search_happy.wav,say the word search,happy,3
OAF_kite_angry,C:\Users\sande\Desktop\multimodal_emotion_project\dataset\TESS Toronto emotional speech set data\OAF_angry\OAF_kite_angry.wav,say the word kite,angry,0
OAF_tell_angry,C:\Users\sande\Desktop\multimodal_emotion_project\dataset\TESS Toronto emotional speech set data\OAF_angry\OAF_tell_angry.wav,say the word tell,angry,0
OAF_shall_ps,C:\Users\sande\Desktop\multimodal_emotion_project\dataset\TESS Toronto emotional speech set data\OAF_Pleasant_surprise\OAF_shall_ps.wav,say the word shall,surprise,6
YAF_food_fear,C:\Users\sande\Desktop\multimodal_emotion_project\dataset\TESS Toronto emotional speech set data\YAF_fear\YAF_food_fear.wav,say the word food,fear,2
OAF_red_disgust,C:\Users\sande\Desktop\multimodal_emotion_project\dataset\TESS Toronto emotional speech set data\OAF_disgust\OAF_red_disgust.wav,say the word red,disgust,1
OAF_goose_neutral,C:\Users\sande\Desktop\multimodal_emotion_project\dataset\TESS Toronto emotional speech set data\OAF_neutral\OAF_goose_neutral.wav,say the word goose,neutral,4
YAF_youth_ps,C:\Users\sande\Desktop\multimodal_emotion_project\dataset\TESS Toronto emotional speech set data\YAF_pleasant_surprised\YAF_youth_ps.wav,say the word youth,surprise,6
YAF_kill_happy,C:\Users\sande\Desktop\multimodal_emotion_project\dataset\TESS Toronto emotional speech set data\YAF_happy\YAF_kill_happy.wav,say the word kill,happy,3
YAF_home_ps,C:\Users\sande\Desktop\multimodal_emotion_project\dataset\TESS Toronto emotional speech set data\YAF_pleasant_surprised\YAF_home_ps.wav,say the word home,surprise,6
OAF_young_ps,C:\Users\sande\Desktop\multimodal_emotion_project\dataset\TESS Toronto emotional speech set data\OAF_Pleasant_surprise\OAF_young_ps.wav,say the word young,surprise,6
OAF_have_sad,C:\Users\sande\Desktop\multimodal_emotion_project\dataset\TESS Toronto emotional speech set data\OAF_Sad\OAF_have_sad.wav,say the word have,sad,5
YAF_chalk_happy,C:\Users\sande\Desktop\multimodal_emotion_project\dataset\TESS Toronto emotional speech set data\YAF_happy\YAF_chalk_happy.wav,say the word chalk,happy,3
OAF_jail_angry,C:\Users\sande\Desktop\multimodal_emotion_project\dataset\TESS Toronto emotional speech set data\OAF_angry\OAF_jail_angry.wav,say the word jail,angry,0
OAF_soup_happy,C:\Users\sande\Desktop\multimodal_emotion_project\dataset\TESS Toronto emotional speech set data\OAF_happy\OAF_soup_happy.wav,say the word soup,happy,3
YAF_merge_angry,C:\Users\sande\Desktop\multimodal_emotion_project\dataset\TESS Toronto emotional speech set data\YAF_angry\YAF_merge_angry.wav,say the word merge,angry,0
YAF_tip_disgust,C:\Users\sande\Desktop\multimodal_emotion_project\dataset\TESS Toronto emotional speech set data\YAF_disgust\YAF_tip_disgust.wav,say the word tip,disgust,1
YAF_search_ps,C:\Users\sande\Desktop\multimodal_emotion_project\dataset\TESS Toronto emotional speech set data\YAF_pleasant_surprised\YAF_search_ps.wav,say the word search,surprise,6
YAF_wash_happy,C:\Users\sande\Desktop\multimodal_emotion_project\dataset\TESS Toronto emotional speech set data\YAF_happy\YAF_wash_happy.wav,say the word wash,happy,3
YAF_lot_sad,C:\Users\sande\Desktop\multimodal_emotion_project\dataset\TESS Toronto emotional speech set data\YAF_sad\YAF_lot_sad.wav,say the word lot,sad,5
OAF_south_fear,C:\Users\sande\Desktop\multimodal_emotion_project\dataset\TESS Toronto emotional speech set data\OAF_Fear\OAF_south_fear.wav,say the word south,fear,2
YAF_said_happy,C:\Users\sande\Desktop\multimodal_emotion_project\dataset\TESS Toronto emotional speech set data\YAF_happy\YAF_said_happy.wav,say the word said,happy,3
OAF_far_fear,C:\Users\sande\Desktop\multimodal_emotion_project\dataset\TESS Toronto emotional speech set data\OAF_Fear\OAF_far_fear.wav,say the word far,fear,2
YAF_kite_ps,C:\Users\sande\Desktop\multimodal_emotion_project\dataset\TESS Toronto emotional speech set data\YAF_pleasant_surprised\YAF_kite_ps.wav,say the word kite,surprise,6
YAF_team_neutral,C:\Users\sande\Desktop\multimodal_emotion_project\dataset\TESS Toronto emotional speech set data\YAF_neutral\YAF_team_neutral.wav,say the word team,neutral,4
YAF_hurl_neutral,C:\Users\sande\Desktop\multimodal_emotion_project\dataset\TESS Toronto emotional speech set data\YAF_neutral\YAF_hurl_neutral.wav,say the word hurl,neutral,4
YAF_pad_neutral,C:\Users\sande\Desktop\multimodal_emotion_project\dataset\TESS Toronto emotional speech set data\YAF_neutral\YAF_pad_neutral.wav,say the word pad,neutral,4
YAF_choice_fear,C:\Users\sande\Desktop\multimodal_emotion_project\dataset\TESS Toronto emotional speech set data\YAF_fear\YAF_choice_fear.wav,say the word choice,fear,2
OAF_size_disgust,C:\Users\sande\Desktop\multimodal_emotion_project\dataset\TESS Toronto emotional speech set data\OAF_disgust\OAF_size_disgust.wav,say the word size,disgust,1
YAF_chalk_angry,C:\Users\sande\Desktop\multimodal_emotion_project\dataset\TESS Toronto emotional speech set data\YAF_angry\YAF_chalk_angry.wav,say the word chalk,angry,0
YAF_hire_angry,C:\Users\sande\Desktop\multimodal_emotion_project\dataset\TESS Toronto emotional speech set data\YAF_angry\YAF_hire_angry.wav,say the word hire,angry,0
YAF_yearn_neutral,C:\Users\sande\Desktop\multimodal_emotion_project\dataset\TESS Toronto emotional speech set data\YAF_neutral\YAF_yearn_neutral.wav,say the word yearn,neutral,4
YAF_sub_happy,C:\Users\sande\Desktop\multimodal_emotion_project\dataset\TESS Toronto emotional speech set data\YAF_happy\YAF_sub_happy.wav,say the word sub,happy,3
OAF_dime_disgust,C:\Users\sande\Desktop\multimodal_emotion_project\dataset\TESS Toronto emotional speech set data\OAF_disgust\OAF_dime_disgust.wav,say the word dime,disgust,1
YAF_moon_fear,C:\Users\sande\Desktop\multimodal_emotion_project\dataset\TESS Toronto emotional speech set data\YAF_fear\YAF_moon_fear.wav,say the word moon,fear,2
OAF_pike_sad,C:\Users\sande\Desktop\multimodal_emotion_project\dataset\TESS Toronto emotional speech set data\OAF_Sad\OAF_pike_sad.wav,say the word pike,sad,5
OAF_perch_neutral,C:\Users\sande\Desktop\multimodal_emotion_project\dataset\TESS Toronto emotional speech set data\OAF_neutral\OAF_perch_neutral.wav,say the word perch,neutral,4
OAF_limb_fear,C:\Users\sande\Desktop\multimodal_emotion_project\dataset\TESS Toronto emotional speech set data\OAF_Fear\OAF_limb_fear.wav,say the word limb,fear,2
YAF_half_sad,C:\Users\sande\Desktop\multimodal_emotion_project\dataset\TESS Toronto emotional speech set data\YAF_sad\YAF_half_sad.wav,say the word half,sad,5
YAF_sell_sad,C:\Users\sande\Desktop\multimodal_emotion_project\dataset\TESS Toronto emotional speech set data\YAF_sad\YAF_sell_sad.wav,say the word sell,sad,5
YAF_walk_neutral,C:\Users\sande\Desktop\multimodal_emotion_project\dataset\TESS Toronto emotional speech set data\YAF_neutral\YAF_walk_neutral.wav,say the word walk,neutral,4
OAF_shout_ps,C:\Users\sande\Desktop\multimodal_emotion_project\dataset\TESS Toronto emotional speech set data\OAF_Pleasant_surprise\OAF_shout_ps.wav,say the word shout,surprise,6
YAF_food_ps,C:\Users\sande\Desktop\multimodal_emotion_project\dataset\TESS Toronto emotional speech set data\YAF_pleasant_surprised\YAF_food_ps.wav,say the word food,surprise,6
YAF_shack_ps,C:\Users\sande\Desktop\multimodal_emotion_project\dataset\TESS Toronto emotional speech set data\YAF_pleasant_surprised\YAF_shack_ps.wav,say the word shack,surprise,6
YAF_rot_ps,C:\Users\sande\Desktop\multimodal_emotion_project\dataset\TESS Toronto emotional speech set data\YAF_pleasant_surprised\YAF_rot_ps.wav,say the word rot,surprise,6
OAF_kill_ps,C:\Users\sande\Desktop\multimodal_emotion_project\dataset\TESS Toronto emotional speech set data\OAF_Pleasant_surprise\OAF_kill_ps.wav,say the word kill,surprise,6
OAF_door_neutral,C:\Users\sande\Desktop\multimodal_emotion_project\dataset\TESS Toronto emotional speech set data\OAF_neutral\OAF_door_neutral.wav,say the word door,neutral,4
OAF_learn_ps,C:\Users\sande\Desktop\multimodal_emotion_project\dataset\TESS Toronto emotional speech set data\OAF_Pleasant_surprise\OAF_learn_ps.wav,say the word learn,surprise,6
OAF_came_disgust,C:\Users\sande\Desktop\multimodal_emotion_project\dataset\TESS Toronto emotional speech set data\OAF_disgust\OAF_came_disgust.wav,say the word came,disgust,1
YAF_came_fear,C:\Users\sande\Desktop\multimodal_emotion_project\dataset\TESS Toronto emotional speech set data\YAF_fear\YAF_came_fear.wav,say the word came,fear,2
OAF_hole_angry,C:\Users\sande\Desktop\multimodal_emotion_project\dataset\TESS Toronto emotional speech set data\OAF_angry\OAF_hole_angry.wav,say the word hole,angry,0
OAF_sell_neutral,C:\Users\sande\Desktop\multimodal_emotion_project\dataset\TESS Toronto emotional speech set data\OAF_neutral\OAF_sell_neutral.wav,say the word sell,neutral,4
YAF_chain_happy,C:\Users\sande\Desktop\multimodal_emotion_project\dataset\TESS Toronto emotional speech set data\YAF_happy\YAF_chain_happy.wav,say the word chain,happy,3
OAF_wag_happy,C:\Users\sande\Desktop\multimodal_emotion_project\dataset\TESS Toronto emotional speech set data\OAF_happy\OAF_wag_happy.wav,say the word wag,happy,3
YAF_bean_ps,C:\Users\sande\Desktop\multimodal_emotion_project\dataset\TESS Toronto emotional speech set data\YAF_pleasant_surprised\YAF_bean_ps.wav,say the word bean,surprise,6
YAF_tool_neutral,C:\Users\sande\Desktop\multimodal_emotion_project\dataset\TESS Toronto emotional speech set data\YAF_neutral\YAF_tool_neutral.wav,say the word tool,neutral,4
OAF_turn_happy,C:\Users\sande\Desktop\multimodal_emotion_project\dataset\TESS Toronto emotional speech set data\OAF_happy\OAF_turn_happy.wav,say the word turn,happy,3
YAF_shout_angry,C:\Users\sande\Desktop\multimodal_emotion_project\dataset\TESS Toronto emotional speech set data\YAF_angry\YAF_shout_angry.wav,say the word shout,angry,0
OAF_fit_neutral,C:\Users\sande\Desktop\multimodal_emotion_project\dataset\TESS Toronto emotional speech set data\OAF_neutral\OAF_fit_neutral.wav,say the word fit,neutral,4
YAF_sour_disgust,C:\Users\sande\Desktop\multimodal_emotion_project\dataset\TESS Toronto emotional speech set data\YAF_disgust\YAF_sour_disgust.wav,say the word sour,disgust,1
YAF_jar_sad,C:\Users\sande\Desktop\multimodal_emotion_project\dataset\TESS Toronto emotional speech set data\YAF_sad\YAF_jar_sad.wav,say the word jar,sad,5
OAF_dime_angry,C:\Users\sande\Desktop\multimodal_emotion_project\dataset\TESS Toronto emotional speech set data\OAF_angry\OAF_dime_angry.wav,say the word dime,angry,0
YAF_dead_angry,C:\Users\sande\Desktop\multimodal_emotion_project\dataset\TESS Toronto emotional speech set data\YAF_angry\YAF_dead_angry.wav,say the word dead,angry,0
OAF_dip_fear,C:\Users\sande\Desktop\multimodal_emotion_project\dataset\TESS Toronto emotional speech set data\OAF_Fear\OAF_dip_fear.wav,say the word dip,fear,2
YAF_bite_disgust,C:\Users\sande\Desktop\multimodal_emotion_project\dataset\TESS Toronto emotional speech set data\YAF_disgust\YAF_bite_disgust.wav,say the word bite,disgust,1
OAF_vote_angry,C:\Users\sande\Desktop\multimodal_emotion_project\dataset\TESS Toronto emotional speech set data\OAF_angry\OAF_vote_angry.wav,say the word vote,angry,0
YAF_fit_fear,C:\Users\sande\Desktop\multimodal_emotion_project\dataset\TESS Toronto emotional speech set data\YAF_fear\YAF_fit_fear.wav,say the word fit,fear,2
OAF_choice_ps,C:\Users\sande\Desktop\multimodal_emotion_project\dataset\TESS Toronto emotional speech set data\OAF_Pleasant_surprise\OAF_choice_ps.wav,say the word choice,surprise,6
OAF_goal_sad,C:\Users\sande\Desktop\multimodal_emotion_project\dataset\TESS Toronto emotional speech set data\OAF_Sad\OAF_goal_sad.wav,say the word goal,sad,5
YAF_limb_ps,C:\Users\sande\Desktop\multimodal_emotion_project\dataset\TESS Toronto emotional speech set data\YAF_pleasant_surprised\YAF_limb_ps.wav,say the word limb,surprise,6
YAF_chair_ps,C:\Users\sande\Desktop\multimodal_emotion_project\dataset\TESS Toronto emotional speech set data\YAF_pleasant_surprised\YAF_chair_ps.wav,say the word chair,surprise,6
YAF_death_angry,C:\Users\sande\Desktop\multimodal_emotion_project\dataset\TESS Toronto emotional speech set data\YAF_angry\YAF_death_angry.wav,say the word death,angry,0
YAF_hate_sad,C:\Users\sande\Desktop\multimodal_emotion_project\dataset\TESS Toronto emotional speech set data\YAF_sad\YAF_hate_sad.wav,say the word hate,sad,5
YAF_tough_sad,C:\Users\sande\Desktop\multimodal_emotion_project\dataset\TESS Toronto emotional speech set data\YAF_sad\YAF_tough_sad.wav,say the word tough,sad,5
OAF_name_angry,C:\Users\sande\Desktop\multimodal_emotion_project\dataset\TESS Toronto emotional speech set data\OAF_angry\OAF_name_angry.wav,say the word name,angry,0
YAF_far_sad,C:\Users\sande\Desktop\multimodal_emotion_project\dataset\TESS Toronto emotional speech set data\YAF_sad\YAF_far_sad.wav,say the word far,sad,5
OAF_rat_disgust,C:\Users\sande\Desktop\multimodal_emotion_project\dataset\TESS Toronto emotional speech set data\OAF_disgust\OAF_rat_disgust.wav,say the word rat,disgust,1
OAF_deep_angry,C:\Users\sande\Desktop\multimodal_emotion_project\dataset\TESS Toronto emotional speech set data\OAF_angry\OAF_deep_angry.wav,say the word deep,angry,0
YAF_five_fear,C:\Users\sande\Desktop\multimodal_emotion_project\dataset\TESS Toronto emotional speech set data\YAF_fear\YAF_five_fear.wav,say the word five,fear,2
OAF_cool_angry,C:\Users\sande\Desktop\multimodal_emotion_project\dataset\TESS Toronto emotional speech set data\OAF_angry\OAF_cool_angry.wav,say the word cool,angry,0
OAF_date_sad,C:\Users\sande\Desktop\multimodal_emotion_project\dataset\TESS Toronto emotional speech set data\OAF_Sad\OAF_date_sad.wav,say the word date,sad,5
OAF_witch_neutral,C:\Users\sande\Desktop\multimodal_emotion_project\dataset\TESS Toronto emotional speech set data\OAF_neutral\OAF_witch_neutral.wav,say the word witch,neutral,4
OAF_bath_happy,C:\Users\sande\Desktop\multimodal_emotion_project\dataset\TESS Toronto emotional speech set data\OAF_happy\OAF_bath_happy.wav,say the word bath,happy,3
OAF_fat_disgust,C:\Users\sande\Desktop\multimodal_emotion_project\dataset\TESS Toronto emotional speech set data\OAF_disgust\OAF_fat_disgust.wav,say the word fat,disgust,1
OAF_yes_disgust,C:\Users\sande\Desktop\multimodal_emotion_project\dataset\TESS Toronto emotional speech set data\OAF_disgust\OAF_yes_disgust.wav,say the word yes,disgust,1
OAF_ton_neutral,C:\Users\sande\Desktop\multimodal_emotion_project\dataset\TESS Toronto emotional speech set data\OAF_neutral\OAF_ton_neutral.wav,say the word ton,neutral,4
OAF_thought_happy,C:\Users\sande\Desktop\multimodal_emotion_project\dataset\TESS Toronto emotional speech set data\OAF_happy\OAF_thought_happy.wav,say the word thought,happy,3
YAF_cab_disgust,C:\Users\sande\Desktop\multimodal_emotion_project\dataset\TESS Toronto emotional speech set data\YAF_disgust\YAF_cab_disgust.wav,say the word cab,disgust,1
YAF_wheat_angry,C:\Users\sande\Desktop\multimodal_emotion_project\dataset\TESS Toronto emotional speech set data\YAF_angry\YAF_wheat_angry.wav,say the word wheat,angry,0
YAF_thumb_ps,C:\Users\sande\Desktop\multimodal_emotion_project\dataset\TESS Toronto emotional speech set data\YAF_pleasant_surprised\YAF_thumb_ps.wav,say the word thumb,surprise,6
OAF_hole_disgust,C:\Users\sande\Desktop\multimodal_emotion_project\dataset\TESS Toronto emotional speech set data\OAF_disgust\OAF_hole_disgust.wav,say the word hole,disgust,1
OAF_gin_sad,C:\Users\sande\Desktop\multimodal_emotion_project\dataset\TESS Toronto emotional speech set data\OAF_Sad\OAF_gin_sad.wav,say the word gin,sad,5
YAF_lot_ps,C:\Users\sande\Desktop\multimodal_emotion_project\dataset\TESS Toronto emotional speech set data\YAF_pleasant_surprised\YAF_lot_ps.wav,say the word lot,surprise,6
OAF_beg_fear,C:\Users\sande\Desktop\multimodal_emotion_project\dataset\TESS Toronto emotional speech set data\OAF_Fear\OAF_beg_fear.wav,say the word beg,fear,2
OAF_week_fear,C:\Users\sande\Desktop\multimodal_emotion_project\dataset\TESS Toronto emotional speech set data\OAF_Fear\OAF_week_fear.wav,say the word week,fear,2
YAF_pearl_ps,C:\Users\sande\Desktop\multimodal_emotion_project\dataset\TESS Toronto emotional speech set data\YAF_pleasant_surprised\YAF_pearl_ps.wav,say the word pearl,surprise,6
OAF_fat_sad,C:\Users\sande\Desktop\multimodal_emotion_project\dataset\TESS Toronto emotional speech set data\OAF_Sad\OAF_fat_sad.wav,say the word fat,sad,5
YAF_kite_neutral,C:\Users\sande\Desktop\multimodal_emotion_project\dataset\TESS Toronto emotional speech set data\YAF_neutral\YAF_kite_neutral.wav,say the word kite,neutral,4
YAF_kite_happy,C:\Users\sande\Desktop\multimodal_emotion_project\dataset\TESS Toronto emotional speech set data\YAF_happy\YAF_kite_happy.wav,say the word kite,happy,3
OAF_vine_sad,C:\Users\sande\Desktop\multimodal_emotion_project\dataset\TESS Toronto emotional speech set data\OAF_Sad\OAF_vine_sad.wav,say the word vine,sad,5
OAF_tell_neutral,C:\Users\sande\Desktop\multimodal_emotion_project\dataset\TESS Toronto emotional speech set data\OAF_neutral\OAF_tell_neutral.wav,say the word tell,neutral,4
OAF_raid_happy,C:\Users\sande\Desktop\multimodal_emotion_project\dataset\TESS Toronto emotional speech set data\OAF_happy\OAF_raid_happy.wav,say the word raid,happy,3
OAF_puff_neutral,C:\Users\sande\Desktop\multimodal_emotion_project\dataset\TESS Toronto emotional speech set data\OAF_neutral\OAF_puff_neutral.wav,say the word puff,neutral,4
OAF_life_sad,C:\Users\sande\Desktop\multimodal_emotion_project\dataset\TESS Toronto emotional speech set data\OAF_Sad\OAF_life_sad.wav,say the word life,sad,5
YAF_came_ps,C:\Users\sande\Desktop\multimodal_emotion_project\dataset\TESS Toronto emotional speech set data\YAF_pleasant_surprised\YAF_came_ps.wav,say the word came,surprise,6
YAF_pearl_neutral,C:\Users\sande\Desktop\multimodal_emotion_project\dataset\TESS Toronto emotional speech set data\YAF_neutral\YAF_pearl_neutral.wav,say the word pearl,neutral,4
YAF_doll_disgust,C:\Users\sande\Desktop\multimodal_emotion_project\dataset\TESS Toronto emotional speech set data\YAF_disgust\YAF_doll_disgust.wav,say the word doll,disgust,1
YAF_tire_disgust,C:\Users\sande\Desktop\multimodal_emotion_project\dataset\TESS Toronto emotional speech set data\YAF_disgust\YAF_tire_disgust.wav,say the word tire,disgust,1
OAF_gaze_sad,C:\Users\sande\Desktop\multimodal_emotion_project\dataset\TESS Toronto emotional speech set data\OAF_Sad\OAF_gaze_sad.wav,say the word gaze,sad,5
YAF_shawl_sad,C:\Users\sande\Desktop\multimodal_emotion_project\dataset\TESS Toronto emotional speech set data\YAF_sad\YAF_shawl_sad.wav,say the word shawl,sad,5
YAF_jug_disgust,C:\Users\sande\Desktop\multimodal_emotion_project\dataset\TESS Toronto emotional speech set data\YAF_disgust\YAF_jug_disgust.wav,say the word jug,disgust,1
OAF_tire_angry,C:\Users\sande\Desktop\multimodal_emotion_project\dataset\TESS Toronto emotional speech set data\OAF_angry\OAF_tire_angry.wav,say the word tire,angry,0
OAF_should_neutral,C:\Users\sande\Desktop\multimodal_emotion_project\dataset\TESS Toronto emotional speech set data\OAF_neutral\OAF_should_neutral.wav,say the word should,neutral,4
YAF_vine_neutral,C:\Users\sande\Desktop\multimodal_emotion_project\dataset\TESS Toronto emotional speech set data\YAF_neutral\YAF_vine_neutral.wav,say the word vine,neutral,4
YAF_join_happy,C:\Users\sande\Desktop\multimodal_emotion_project\dataset\TESS Toronto emotional speech set data\YAF_happy\YAF_join_happy.wav,say the word join,happy,3
OAF_dip_ps,C:\Users\sande\Desktop\multimodal_emotion_project\dataset\TESS Toronto emotional speech set data\OAF_Pleasant_surprise\OAF_dip_ps.wav,say the word dip,surprise,6
YAF_mess_neutral,C:\Users\sande\Desktop\multimodal_emotion_project\dataset\TESS Toronto emotional speech set data\YAF_neutral\YAF_mess_neutral.wav,say the word mess,neutral,4
OAF_shawl_fear,C:\Users\sande\Desktop\multimodal_emotion_project\dataset\TESS Toronto emotional speech set data\OAF_Fear\OAF_shawl_fear.wav,say the word shawl,fear,2
OAF_hole_neutral,C:\Users\sande\Desktop\multimodal_emotion_project\dataset\TESS Toronto emotional speech set data\OAF_neutral\OAF_hole_neutral.wav,say the word hole,neutral,4
OAF_vine_happy,C:\Users\sande\Desktop\multimodal_emotion_project\dataset\TESS Toronto emotional speech set data\OAF_happy\OAF_vine_happy.wav,say the word vine,happy,3
OAF_jail_ps,C:\Users\sande\Desktop\multimodal_emotion_project\dataset\TESS Toronto emotional speech set data\OAF_Pleasant_surprise\OAF_jail_ps.wav,say the word jail,surprise,6
YAF_south_ps,C:\Users\sande\Desktop\multimodal_emotion_project\dataset\TESS Toronto emotional speech set data\YAF_pleasant_surprised\YAF_south_ps.wav,say the word south,surprise,6
YAF_young_ps,C:\Users\sande\Desktop\multimodal_emotion_project\dataset\TESS Toronto emotional speech set data\YAF_pleasant_surprised\YAF_young_ps.wav,say the word young,surprise,6
YAF_kick_happy,C:\Users\sande\Desktop\multimodal_emotion_project\dataset\TESS Toronto emotional speech set data\YAF_happy\YAF_kick_happy.wav,say the word kick,happy,3
OAF_pearl_fear,C:\Users\sande\Desktop\multimodal_emotion_project\dataset\TESS Toronto emotional speech set data\OAF_Fear\OAF_pearl_fear.wav,say the word pearl,fear,2
OAF_rain_neutral,C:\Users\sande\Desktop\multimodal_emotion_project\dataset\TESS Toronto emotional speech set data\OAF_neutral\OAF_rain_neutral.wav,say the word rain,neutral,4
YAF_bar_disgust,C:\Users\sande\Desktop\multimodal_emotion_project\dataset\TESS Toronto emotional speech set data\YAF_disgust\YAF_bar_disgust.wav,say the word bar,disgust,1
OAF_wash_happy,C:\Users\sande\Desktop\multimodal_emotion_project\dataset\TESS Toronto emotional speech set data\OAF_happy\OAF_wash_happy.wav,say the word wash,happy,3
YAF_raid_angry,C:\Users\sande\Desktop\multimodal_emotion_project\dataset\TESS Toronto emotional speech set data\YAF_angry\YAF_raid_angry.wav,say the word raid,angry,0
YAF_such_fear,C:\Users\sande\Desktop\multimodal_emotion_project\dataset\TESS Toronto emotional speech set data\YAF_fear\YAF_such_fear.wav,say the word such,fear,2
OAF_beg_sad,C:\Users\sande\Desktop\multimodal_emotion_project\dataset\TESS Toronto emotional speech set data\OAF_Sad\OAF_beg_sad.wav,say the word beg,sad,5
YAF_mop_disgust,C:\Users\sande\Desktop\multimodal_emotion_project\dataset\TESS Toronto emotional speech set data\YAF_disgust\YAF_mop_disgust.wav,say the word mop,disgust,1
OAF_pole_neutral,C:\Users\sande\Desktop\multimodal_emotion_project\dataset\TESS Toronto emotional speech set data\OAF_neutral\OAF_pole_neutral.wav,say the word pole,neutral,4
OAF_gin_fear,C:\Users\sande\Desktop\multimodal_emotion_project\dataset\TESS Toronto emotional speech set data\OAF_Fear\OAF_gin_fear.wav,say the word gin,fear,2
YAF_week_sad,C:\Users\sande\Desktop\multimodal_emotion_project\dataset\TESS Toronto emotional speech set data\YAF_sad\YAF_week_sad.wav,say the word week,sad,5
OAF_pearl_sad,C:\Users\sande\Desktop\multimodal_emotion_project\dataset\TESS Toronto emotional speech set data\OAF_Sad\OAF_pearl_sad.wav,say the word pearl,sad,5
OAF_boat_sad,C:\Users\sande\Desktop\multimodal_emotion_project\dataset\TESS Toronto emotional speech set data\OAF_Sad\OAF_boat_sad.wav,say the word boat,sad,5
YAF_size_ps,C:\Users\sande\Desktop\multimodal_emotion_project\dataset\TESS Toronto emotional speech set data\YAF_pleasant_surprised\YAF_size_ps.wav,say the word size,surprise,6
OAF_cool_disgust,C:\Users\sande\Desktop\multimodal_emotion_project\dataset\TESS Toronto emotional speech set data\OAF_disgust\OAF_cool_disgust.wav,say the word cool,disgust,1
OAF_raise_ps,C:\Users\sande\Desktop\multimodal_emotion_project\dataset\TESS Toronto emotional speech set data\OAF_Pleasant_surprise\OAF_raise_ps.wav,say the word raise,surprise,6
YAF_make_disgust,C:\Users\sande\Desktop\multimodal_emotion_project\dataset\TESS Toronto emotional speech set data\YAF_disgust\YAF_make_disgust.wav,say the word make,disgust,1
YAF_whip_angry,C:\Users\sande\Desktop\multimodal_emotion_project\dataset\TESS Toronto emotional speech set data\YAF_angry\YAF_whip_angry.wav,say the word whip,angry,0
OAF_lean_ps,C:\Users\sande\Desktop\multimodal_emotion_project\dataset\TESS Toronto emotional speech set data\OAF_Pleasant_surprise\OAF_lean_ps.wav,say the word lean,surprise,6
OAF_sure_sad,C:\Users\sande\Desktop\multimodal_emotion_project\dataset\TESS Toronto emotional speech set data\OAF_Sad\OAF_sure_sad.wav,say the word sure,sad,5
YAF_half_fear,C:\Users\sande\Desktop\multimodal_emotion_project\dataset\TESS Toronto emotional speech set data\YAF_fear\YAF_half_fear.wav,say the word half,fear,2
YAF_make_happy,C:\Users\sande\Desktop\multimodal_emotion_project\dataset\TESS Toronto emotional speech set data\YAF_happy\YAF_make_happy.wav,say the word make,happy,3
OAF_mouse_happy,C:\Users\sande\Desktop\multimodal_emotion_project\dataset\TESS Toronto emotional speech set data\OAF_happy\OAF_mouse_happy.wav,say the word mouse,happy,3
YAF_ring_angry,C:\Users\sande\Desktop\multimodal_emotion_project\dataset\TESS Toronto emotional speech set data\YAF_angry\YAF_ring_angry.wav,say the word ring,angry,0
YAF_death_neutral,C:\Users\sande\Desktop\multimodal_emotion_project\dataset\TESS Toronto emotional speech set data\YAF_neutral\YAF_death_neutral.wav,say the word death,neutral,4
OAF_pain_ps,C:\Users\sande\Desktop\multimodal_emotion_project\dataset\TESS Toronto emotional speech set data\OAF_Pleasant_surprise\OAF_pain_ps.wav,say the word pain,surprise,6
OAF_shack_happy,C:\Users\sande\Desktop\multimodal_emotion_project\dataset\TESS Toronto emotional speech set data\OAF_happy\OAF_shack_happy.wav,say the word shack,happy,3
OAF_kill_happy,C:\Users\sande\Desktop\multimodal_emotion_project\dataset\TESS Toronto emotional speech set data\OAF_happy\OAF_kill_happy.wav,say the word kill,happy,3
OAF_neat_sad,C:\Users\sande\Desktop\multimodal_emotion_project\dataset\TESS Toronto emotional speech set data\OAF_Sad\OAF_neat_sad.wav,say the word neat,sad,5
OAF_beg_angry,C:\Users\sande\Desktop\multimodal_emotion_project\dataset\TESS Toronto emotional speech set data\OAF_angry\OAF_beg_angry.wav,say the word beg,angry,0
OAF_king_disgust,C:\Users\sande\Desktop\multimodal_emotion_project\dataset\TESS Toronto emotional speech set data\OAF_disgust\OAF_king_disgust.wav,say the word king,disgust,1
YAF_cause_neutral,C:\Users\sande\Desktop\multimodal_emotion_project\dataset\TESS Toronto emotional speech set data\YAF_neutral\YAF_cause_neutral.wav,say the word cause,neutral,4
YAF_gaze_ps,C:\Users\sande\Desktop\multimodal_emotion_project\dataset\TESS Toronto emotional speech set data\YAF_pleasant_surprised\YAF_gaze_ps.wav,say the word gaze,surprise,6
YAF_bean_sad,C:\Users\sande\Desktop\multimodal_emotion_project\dataset\TESS Toronto emotional speech set data\YAF_sad\YAF_bean_sad.wav,say the word bean,sad,5
OAF_week_sad,C:\Users\sande\Desktop\multimodal_emotion_project\dataset\TESS Toronto emotional speech set data\OAF_Sad\OAF_week_sad.wav,say the word week,sad,5
OAF_which_happy,C:\Users\sande\Desktop\multimodal_emotion_project\dataset\TESS Toronto emotional speech set data\OAF_happy\OAF_which_happy.wav,say the word which,happy,3
OAF_week_neutral,C:\Users\sande\Desktop\multimodal_emotion_project\dataset\TESS Toronto emotional speech set data\OAF_neutral\OAF_week_neutral.wav,say the word week,neutral,4
YAF_near_angry,C:\Users\sande\Desktop\multimodal_emotion_project\dataset\TESS Toronto emotional speech set data\YAF_angry\YAF_near_angry.wav,say the word near,angry,0
OAF_tell_ps,C:\Users\sande\Desktop\multimodal_emotion_project\dataset\TESS Toronto emotional speech set data\OAF_Pleasant_surprise\OAF_tell_ps.wav,say the word tell,surprise,6
OAF_ring_neutral,C:\Users\sande\Desktop\multimodal_emotion_project\dataset\TESS Toronto emotional speech set data\OAF_neutral\OAF_ring_neutral.wav,say the word ring,neutral,4
YAF_chair_neutral,C:\Users\sande\Desktop\multimodal_emotion_project\dataset\TESS Toronto emotional speech set data\YAF_neutral\YAF_chair_neutral.wav,say the word chair,neutral,4
YAF_wife_neutral,C:\Users\sande\Desktop\multimodal_emotion_project\dataset\TESS Toronto emotional speech set data\YAF_neutral\YAF_wife_neutral.wav,say the word wife,neutral,4
OAF_shack_fear,C:\Users\sande\Desktop\multimodal_emotion_project\dataset\TESS Toronto emotional speech set data\OAF_Fear\OAF_shack_fear.wav,say the word shack,fear,2
YAF_gun_angry,C:\Users\sande\Desktop\multimodal_emotion_project\dataset\TESS Toronto emotional speech set data\YAF_angry\YAF_gun_angry.wav,say the word gun,angry,0
YAF_bone_ps,C:\Users\sande\Desktop\multimodal_emotion_project\dataset\TESS Toronto emotional speech set data\YAF_pleasant_surprised\YAF_bone_ps.wav,say the word bone,surprise,6
OAF_thought_sad,C:\Users\sande\Desktop\multimodal_emotion_project\dataset\TESS Toronto emotional speech set data\OAF_Sad\OAF_thought_sad.wav,say the word thought,sad,5
OAF_bone_disgust,C:\Users\sande\Desktop\multimodal_emotion_project\dataset\TESS Toronto emotional speech set data\OAF_disgust\OAF_bone_disgust.wav,say the word bone,disgust,1
OAF_team_happy,C:\Users\sande\Desktop\multimodal_emotion_project\dataset\TESS Toronto emotional speech set data\OAF_happy\OAF_team_happy.wav,say the word team,happy,3
YAF_tell_neutral,C:\Users\sande\Desktop\multimodal_emotion_project\dataset\TESS Toronto emotional speech set data\YAF_neutral\YAF_tell_neutral.wav,say the word tell,neutral,4
OAF_cool_ps,C:\Users\sande\Desktop\multimodal_emotion_project\dataset\TESS Toronto emotional speech set data\OAF_Pleasant_surprise\OAF_cool_ps.wav,say the word cool,surprise,6
YAF_rot_neutral,C:\Users\sande\Desktop\multimodal_emotion_project\dataset\TESS Toronto emotional speech set data\YAF_neutral\YAF_rot_neutral.wav,say the word rot,neutral,4
OAF_peg_angry,C:\Users\sande\Desktop\multimodal_emotion_project\dataset\TESS Toronto emotional speech set data\OAF_angry\OAF_peg_angry.wav,say the word peg,angry,0
OAF_wire_disgust,C:\Users\sande\Desktop\multimodal_emotion_project\dataset\TESS Toronto emotional speech set data\OAF_disgust\OAF_wire_disgust.wav,say the word wire,disgust,1
OAF_merge_ps,C:\Users\sande\Desktop\multimodal_emotion_project\dataset\TESS Toronto emotional speech set data\OAF_Pleasant_surprise\OAF_merge_ps.wav,say the word merge,surprise,6
YAF_life_happy,C:\Users\sande\Desktop\multimodal_emotion_project\dataset\TESS Toronto emotional speech set data\YAF_happy\YAF_life_happy.wav,say the word life,happy,3
OAF_lid_angry,C:\Users\sande\Desktop\multimodal_emotion_project\dataset\TESS Toronto emotional speech set data\OAF_angry\OAF_lid_angry.wav,say the word lid,angry,0
YAF_size_angry,C:\Users\sande\Desktop\multimodal_emotion_project\dataset\TESS Toronto emotional speech set data\YAF_angry\YAF_size_angry.wav,say the word size,angry,0
OAF_time_neutral,C:\Users\sande\Desktop\multimodal_emotion_project\dataset\TESS Toronto emotional speech set data\OAF_neutral\OAF_time_neutral.wav,say the word time,neutral,4
YAF_love_disgust,C:\Users\sande\Desktop\multimodal_emotion_project\dataset\TESS Toronto emotional speech set data\YAF_disgust\YAF_love_disgust.wav,say the word love,disgust,1
OAF_sub_sad,C:\Users\sande\Desktop\multimodal_emotion_project\dataset\TESS Toronto emotional speech set data\OAF_Sad\OAF_sub_sad.wav,say the word sub,sad,5
OAF_chair_sad,C:\Users\sande\Desktop\multimodal_emotion_project\dataset\TESS Toronto emotional speech set data\OAF_Sad\OAF_chair_sad.wav,say the word chair,sad,5
OAF_fail_ps,C:\Users\sande\Desktop\multimodal_emotion_project\dataset\TESS Toronto emotional speech set data\OAF_Pleasant_surprise\OAF_fail_ps.wav,say the word fail,surprise,6
OAF_nag_ps,C:\Users\sande\Desktop\multimodal_emotion_project\dataset\TESS Toronto emotional speech set data\OAF_Pleasant_surprise\OAF_nag_ps.wav,say the word nag,surprise,6
OAF_rush_fear,C:\Users\sande\Desktop\multimodal_emotion_project\dataset\TESS Toronto emotional speech set data\OAF_Fear\OAF_rush_fear.wav,say the word rush,fear,2
YAF_red_disgust,C:\Users\sande\Desktop\multimodal_emotion_project\dataset\TESS Toronto emotional speech set data\YAF_disgust\YAF_red_disgust.wav,say the word red,disgust,1
OAF_rain_sad,C:\Users\sande\Desktop\multimodal_emotion_project\dataset\TESS Toronto emotional speech set data\OAF_Sad\OAF_rain_sad.wav,say the word rain,sad,5
OAF_keep_fear,C:\Users\sande\Desktop\multimodal_emotion_project\dataset\TESS Toronto emotional speech set data\OAF_Fear\OAF_keep_fear.wav,say the word keep,fear,2
OAF_lot_neutral,C:\Users\sande\Desktop\multimodal_emotion_project\dataset\TESS Toronto emotional speech set data\OAF_neutral\OAF_lot_neutral.wav,say the word lot,neutral,4
YAF_sour_sad,C:\Users\sande\Desktop\multimodal_emotion_project\dataset\TESS Toronto emotional speech set data\YAF_sad\YAF_sour_sad.wav,say the word sour,sad,5
YAF_pain_neutral,C:\Users\sande\Desktop\multimodal_emotion_project\dataset\TESS Toronto emotional speech set data\YAF_neutral\YAF_pain_neutral.wav,say the word pain,neutral,4
OAF_pick_fear,C:\Users\sande\Desktop\multimodal_emotion_project\dataset\TESS Toronto emotional speech set data\OAF_Fear\OAF_pick_fear.wav,say the word pick,fear,2
YAF_rose_happy,C:\Users\sande\Desktop\multimodal_emotion_project\dataset\TESS Toronto emotional speech set data\YAF_happy\YAF_rose_happy.wav,say the word rose,happy,3
YAF_room_disgust,C:\Users\sande\Desktop\multimodal_emotion_project\dataset\TESS Toronto emotional speech set data\YAF_disgust\YAF_room_disgust.wav,say the word room,disgust,1
OAF_walk_angry,C:\Users\sande\Desktop\multimodal_emotion_project\dataset\TESS Toronto emotional speech set data\OAF_angry\OAF_walk_angry.wav,say the word walk,angry,0
OAF_dime_fear,C:\Users\sande\Desktop\multimodal_emotion_project\dataset\TESS Toronto emotional speech set data\OAF_Fear\OAF_dime_fear.wav,say the word dime,fear,2
YAF_lot_neutral,C:\Users\sande\Desktop\multimodal_emotion_project\dataset\TESS Toronto emotional speech set data\YAF_neutral\YAF_lot_neutral.wav,say the word lot,neutral,4
YAF_good_disgust,C:\Users\sande\Desktop\multimodal_emotion_project\dataset\TESS Toronto emotional speech set data\YAF_disgust\YAF_good_disgust.wav,say the word good,disgust,1
YAF_bath_angry,C:\Users\sande\Desktop\multimodal_emotion_project\dataset\TESS Toronto emotional speech set data\YAF_angry\YAF_bath_angry.wav,say the word bath,angry,0
OAF_shirt_angry,C:\Users\sande\Desktop\multimodal_emotion_project\dataset\TESS Toronto emotional speech set data\OAF_angry\OAF_shirt_angry.wav,say the word shirt,angry,0
YAF_lot_fear,C:\Users\sande\Desktop\multimodal_emotion_project\dataset\TESS Toronto emotional speech set data\YAF_fear\YAF_lot_fear.wav,say the word lot,fear,2
OAF_hire_ps,C:\Users\sande\Desktop\multimodal_emotion_project\dataset\TESS Toronto emotional speech set data\OAF_Pleasant_surprise\OAF_hire_ps.wav,say the word hire,surprise,6
OAF_size_fear,C:\Users\sande\Desktop\multimodal_emotion_project\dataset\TESS Toronto emotional speech set data\OAF_Fear\OAF_size_fear.wav,say the word size,fear,2
YAF_dog_sad,C:\Users\sande\Desktop\multimodal_emotion_project\dataset\TESS Toronto emotional speech set data\YAF_sad\YAF_dog_sad.wav,say the word dog,sad,5
OAF_young_neutral,C:\Users\sande\Desktop\multimodal_emotion_project\dataset\TESS Toronto emotional speech set data\OAF_neutral\OAF_young_neutral.wav,say the word young,neutral,4
OAF_phone_ps,C:\Users\sande\Desktop\multimodal_emotion_project\dataset\TESS Toronto emotional speech set data\OAF_Pleasant_surprise\OAF_phone_ps.wav,say the word phone,surprise,6
YAF_burn_sad,C:\Users\sande\Desktop\multimodal_emotion_project\dataset\TESS Toronto emotional speech set data\YAF_sad\YAF_burn_sad.wav,say the word burn,sad,5
OAF_kite_happy,C:\Users\sande\Desktop\multimodal_emotion_project\dataset\TESS Toronto emotional speech set data\OAF_happy\OAF_kite_happy.wav,say the word kite,happy,3
OAF_shout_happy,C:\Users\sande\Desktop\multimodal_emotion_project\dataset\TESS Toronto emotional speech set data\OAF_happy\OAF_shout_happy.wav,say the word shout,happy,3
OAF_gaze_ps,C:\Users\sande\Desktop\multimodal_emotion_project\dataset\TESS Toronto emotional speech set data\OAF_Pleasant_surprise\OAF_gaze_ps.wav,say the word gaze,surprise,6
YAF_ring_disgust,C:\Users\sande\Desktop\multimodal_emotion_project\dataset\TESS Toronto emotional speech set data\YAF_disgust\YAF_ring_disgust.wav,say the word ring,disgust,1
YAF_juice_sad,C:\Users\sande\Desktop\multimodal_emotion_project\dataset\TESS Toronto emotional speech set data\YAF_sad\YAF_juice_sad.wav,say the word juice,sad,5
YAF_hall_sad,C:\Users\sande\Desktop\multimodal_emotion_project\dataset\TESS Toronto emotional speech set data\YAF_sad\YAF_hall_sad.wav,say the word hall,sad,5
YAF_red_ps,C:\Users\sande\Desktop\multimodal_emotion_project\dataset\TESS Toronto emotional speech set data\YAF_pleasant_surprised\YAF_red_ps.wav,say the word red,surprise,6
YAF_tell_disgust,C:\Users\sande\Desktop\multimodal_emotion_project\dataset\TESS Toronto emotional speech set data\YAF_disgust\YAF_tell_disgust.wav,say the word tell,disgust,1
YAF_ton_disgust,C:\Users\sande\Desktop\multimodal_emotion_project\dataset\TESS Toronto emotional speech set data\YAF_disgust\YAF_ton_disgust.wav,say the word ton,disgust,1
YAF_tough_disgust,C:\Users\sande\Desktop\multimodal_emotion_project\dataset\TESS Toronto emotional speech set data\YAF_disgust\YAF_tough_disgust.wav,say the word tough,disgust,1
YAF_raid_sad,C:\Users\sande\Desktop\multimodal_emotion_project\dataset\TESS Toronto emotional speech set data\YAF_sad\YAF_raid_sad.wav,say the word raid,sad,5
OAF_fail_happy,C:\Users\sande\Desktop\multimodal_emotion_project\dataset\TESS Toronto emotional speech set data\OAF_happy\OAF_fail_happy.wav,say the word fail,happy,3
YAF_mess_ps,C:\Users\sande\Desktop\multimodal_emotion_project\dataset\TESS Toronto emotional speech set data\YAF_pleasant_surprised\YAF_mess_ps.wav,say the word mess,surprise,6
YAF_sub_sad,C:\Users\sande\Desktop\multimodal_emotion_project\dataset\TESS Toronto emotional speech set data\YAF_sad\YAF_sub_sad.wav,say the word sub,sad,5
YAF_soup_fear,C:\Users\sande\Desktop\multimodal_emotion_project\dataset\TESS Toronto emotional speech set data\YAF_fear\YAF_soup_fear.wav,say the word soup,fear,2
OAF_vote_sad,C:\Users\sande\Desktop\multimodal_emotion_project\dataset\TESS Toronto emotional speech set data\OAF_Sad\OAF_vote_sad.wav,say the word vote,sad,5
YAF_youth_sad,C:\Users\sande\Desktop\multimodal_emotion_project\dataset\TESS Toronto emotional speech set data\YAF_sad\YAF_youth_sad.wav,say the word youth,sad,5
OAF_laud_fear,C:\Users\sande\Desktop\multimodal_emotion_project\dataset\TESS Toronto emotional speech set data\OAF_Fear\OAF_laud_fear.wav,say the word laud,fear,2
YAF_lot_disgust,C:\Users\sande\Desktop\multimodal_emotion_project\dataset\TESS Toronto emotional speech set data\YAF_disgust\YAF_lot_disgust.wav,say the word lot,disgust,1
YAF_cool_happy,C:\Users\sande\Desktop\multimodal_emotion_project\dataset\TESS Toronto emotional speech set data\YAF_happy\YAF_cool_happy.wav,say the word cool,happy,3
OAF_beg_ps,C:\Users\sande\Desktop\multimodal_emotion_project\dataset\TESS Toronto emotional speech set data\OAF_Pleasant_surprise\OAF_beg_ps.wav,say the word beg,surprise,6
OAF_jug_neutral,C:\Users\sande\Desktop\multimodal_emotion_project\dataset\TESS Toronto emotional speech set data\OAF_neutral\OAF_jug_neutral.wav,say the word jug,neutral,4
YAF_jar_ps,C:\Users\sande\Desktop\multimodal_emotion_project\dataset\TESS Toronto emotional speech set data\YAF_pleasant_surprised\YAF_jar_ps.wav,say the word jar,surprise,6
OAF_thought_fear,C:\Users\sande\Desktop\multimodal_emotion_project\dataset\TESS Toronto emotional speech set data\OAF_Fear\OAF_thought_fear.wav,say the word thought,fear,2
OAF_mill_happy,C:\Users\sande\Desktop\multimodal_emotion_project\dataset\TESS Toronto emotional speech set data\OAF_happy\OAF_mill_happy.wav,say the word mill,happy,3
OAF_take_disgust,C:\Users\sande\Desktop\multimodal_emotion_project\dataset\TESS Toronto emotional speech set data\OAF_disgust\OAF_take_disgust.wav,say the word take,disgust,1
OAF_keep_neutral,C:\Users\sande\Desktop\multimodal_emotion_project\dataset\TESS Toronto emotional speech set data\OAF_neutral\OAF_keep_neutral.wav,say the word keep,neutral,4
OAF_have_happy,C:\Users\sande\Desktop\multimodal_emotion_project\dataset\TESS Toronto emotional speech set data\OAF_happy\OAF_have_happy.wav,say the word have,happy,3
OAF_rough_ps,C:\Users\sande\Desktop\multimodal_emotion_project\dataset\TESS Toronto emotional speech set data\OAF_Pleasant_surprise\OAF_rough_ps.wav,say the word rough,surprise,6
OAF_chain_angry,C:\Users\sande\Desktop\multimodal_emotion_project\dataset\TESS Toronto emotional speech set data\OAF_angry\OAF_chain_angry.wav,say the word chain,angry,0
OAF_book_sad,C:\Users\sande\Desktop\multimodal_emotion_project\dataset\TESS Toronto emotional speech set data\OAF_Sad\OAF_book_sad.wav,say the word book,sad,5
YAF_hash_ps,C:\Users\sande\Desktop\multimodal_emotion_project\dataset\TESS Toronto emotional speech set data\YAF_pleasant_surprised\YAF_hash_ps.wav,say the word hash,surprise,6
YAF_door_happy,C:\Users\sande\Desktop\multimodal_emotion_project\dataset\TESS Toronto emotional speech set data\YAF_happy\YAF_door_happy.wav,say the word door,happy,3
YAF_bean_disgust,C:\Users\sande\Desktop\multimodal_emotion_project\dataset\TESS Toronto emotional speech set data\YAF_disgust\YAF_bean_disgust.wav,say the word bean,disgust,1
OAF_dime_neutral,C:\Users\sande\Desktop\multimodal_emotion_project\dataset\TESS Toronto emotional speech set data\OAF_neutral\OAF_dime_neutral.wav,say the word dime,neutral,4
YAF_nag_happy,C:\Users\sande\Desktop\multimodal_emotion_project\dataset\TESS Toronto emotional speech set data\YAF_happy\YAF_nag_happy.wav,say the word nag,happy,3
OAF_came_fear,C:\Users\sande\Desktop\multimodal_emotion_project\dataset\TESS Toronto emotional speech set data\OAF_Fear\OAF_came_fear.wav,say the word came,fear,2
YAF_page_disgust,C:\Users\sande\Desktop\multimodal_emotion_project\dataset\TESS Toronto emotional speech set data\YAF_disgust\YAF_page_disgust.wav,say the word page,disgust,1
OAF_hit_disgust,C:\Users\sande\Desktop\multimodal_emotion_project\dataset\TESS Toronto emotional speech set data\OAF_disgust\OAF_hit_disgust.wav,say the word hit,disgust,1
OAF_talk_neutral,C:\Users\sande\Desktop\multimodal_emotion_project\dataset\TESS Toronto emotional speech set data\OAF_neutral\OAF_talk_neutral.wav,say the word talk,neutral,4
YAF_dip_angry,C:\Users\sande\Desktop\multimodal_emotion_project\dataset\TESS Toronto emotional speech set data\YAF_angry\YAF_dip_angry.wav,say the word dip,angry,0
OAF_should_sad,C:\Users\sande\Desktop\multimodal_emotion_project\dataset\TESS Toronto emotional speech set data\OAF_Sad\OAF_should_sad.wav,say the word should,sad,5
YAF_mood_happy,C:\Users\sande\Desktop\multimodal_emotion_project\dataset\TESS Toronto emotional speech set data\YAF_happy\YAF_mood_happy.wav,say the word mood,happy,3
YAF_book_angry,C:\Users\sande\Desktop\multimodal_emotion_project\dataset\TESS Toronto emotional speech set data\YAF_angry\YAF_book_angry.wav,say the word book,angry,0
YAF_hit_neutral,C:\Users\sande\Desktop\multimodal_emotion_project\dataset\TESS Toronto emotional speech set data\YAF_neutral\YAF_hit_neutral.wav,say the word hit,neutral,4
YAF_name_neutral,C:\Users\sande\Desktop\multimodal_emotion_project\dataset\TESS Toronto emotional speech set data\YAF_neutral\YAF_name_neutral.wav,say the word name,neutral,4
YAF_shawl_angry,C:\Users\sande\Desktop\multimodal_emotion_project\dataset\TESS Toronto emotional speech set data\YAF_angry\YAF_shawl_angry.wav,say the word shawl,angry,0
YAF_back_neutral,C:\Users\sande\Desktop\multimodal_emotion_project\dataset\TESS Toronto emotional speech set data\YAF_neutral\YAF_back_neutral.wav,say the word back,neutral,4
OAF_doll_fear,C:\Users\sande\Desktop\multimodal_emotion_project\dataset\TESS Toronto emotional speech set data\OAF_Fear\OAF_doll_fear.wav,say the word doll,fear,2
OAF_hash_ps,C:\Users\sande\Desktop\multimodal_emotion_project\dataset\TESS Toronto emotional speech set data\OAF_Pleasant_surprise\OAF_hash_ps.wav,say the word hash,surprise,6
YAF_lid_ps,C:\Users\sande\Desktop\multimodal_emotion_project\dataset\TESS Toronto emotional speech set data\YAF_pleasant_surprised\YAF_lid_ps.wav,say the word lid,surprise,6
OAF_wash_ps,C:\Users\sande\Desktop\multimodal_emotion_project\dataset\TESS Toronto emotional speech set data\OAF_Pleasant_surprise\OAF_wash_ps.wav,say the word wash,surprise,6
YAF_half_ps,C:\Users\sande\Desktop\multimodal_emotion_project\dataset\TESS Toronto emotional speech set data\YAF_pleasant_surprised\YAF_half_ps.wav,say the word half,surprise,6
YAF_dog_disgust,C:\Users\sande\Desktop\multimodal_emotion_project\dataset\TESS Toronto emotional speech set data\YAF_disgust\YAF_dog_disgust.wav,say the word dog,disgust,1
YAF_take_neutral,C:\Users\sande\Desktop\multimodal_emotion_project\dataset\TESS Toronto emotional speech set data\YAF_neutral\YAF_take_neutral.wav,say the word take,neutral,4
YAF_dead_happy,C:\Users\sande\Desktop\multimodal_emotion_project\dataset\TESS Toronto emotional speech set data\YAF_happy\YAF_dead_happy.wav,say the word dead,happy,3
OAF_phone_angry,C:\Users\sande\Desktop\multimodal_emotion_project\dataset\TESS Toronto emotional speech set data\OAF_angry\OAF_phone_angry.wav,say the word phone,angry,0
OAF_love_ps,C:\Users\sande\Desktop\multimodal_emotion_project\dataset\TESS Toronto emotional speech set data\OAF_Pleasant_surprise\OAF_love_ps.wav,say the word love,surprise,6
OAF_mood_fear,C:\Users\sande\Desktop\multimodal_emotion_project\dataset\TESS Toronto emotional speech set data\OAF_Fear\OAF_mood_fear.wav,say the word mood,fear,2
YAF_peg_sad,C:\Users\sande\Desktop\multimodal_emotion_project\dataset\TESS Toronto emotional speech set data\YAF_sad\YAF_peg_sad.wav,say the word peg,sad,5
YAF_fat_ps,C:\Users\sande\Desktop\multimodal_emotion_project\dataset\TESS Toronto emotional speech set data\YAF_pleasant_surprised\YAF_fat_ps.wav,say the word fat,surprise,6
OAF_shirt_neutral,C:\Users\sande\Desktop\multimodal_emotion_project\dataset\TESS Toronto emotional speech set data\OAF_neutral\OAF_shirt_neutral.wav,say the word shirt,neutral,4
YAF_gap_disgust,C:\Users\sande\Desktop\multimodal_emotion_project\dataset\TESS Toronto emotional speech set data\YAF_disgust\YAF_gap_disgust.wav,say the word gap,disgust,1
YAF_wash_fear,C:\Users\sande\Desktop\multimodal_emotion_project\dataset\TESS Toronto emotional speech set data\YAF_fear\YAF_wash_fear.wav,say the word wash,fear,2
YAF_knock_neutral,C:\Users\sande\Desktop\multimodal_emotion_project\dataset\TESS Toronto emotional speech set data\YAF_neutral\YAF_knock_neutral.wav,say the word knock,neutral,4
OAF_rag_neutral,C:\Users\sande\Desktop\multimodal_emotion_project\dataset\TESS Toronto emotional speech set data\OAF_neutral\OAF_rag_neutral.wav,say the word rag,neutral,4
YAF_take_sad,C:\Users\sande\Desktop\multimodal_emotion_project\dataset\TESS Toronto emotional speech set data\YAF_sad\YAF_take_sad.wav,say the word take,sad,5
YAF_fail_angry,C:\Users\sande\Desktop\multimodal_emotion_project\dataset\TESS Toronto emotional speech set data\YAF_angry\YAF_fail_angry.wav,say the word fail,angry,0
OAF_read_disgust,C:\Users\sande\Desktop\multimodal_emotion_project\dataset\TESS Toronto emotional speech set data\OAF_disgust\OAF_read_disgust.wav,say the word read,disgust,1
OAF_tape_sad,C:\Users\sande\Desktop\multimodal_emotion_project\dataset\TESS Toronto emotional speech set data\OAF_Sad\OAF_tape_sad.wav,say the word tape,sad,5
YAF_phone_neutral,C:\Users\sande\Desktop\multimodal_emotion_project\dataset\TESS Toronto emotional speech set data\YAF_neutral\YAF_phone_neutral.wav,say the word phone,neutral,4
OAF_burn_disgust,C:\Users\sande\Desktop\multimodal_emotion_project\dataset\TESS Toronto emotional speech set data\OAF_disgust\OAF_burn_disgust.wav,say the word burn,disgust,1
YAF_search_angry,C:\Users\sande\Desktop\multimodal_emotion_project\dataset\TESS Toronto emotional speech set data\YAF_angry\YAF_search_angry.wav,say the word search,angry,0
OAF_sheep_fear,C:\Users\sande\Desktop\multimodal_emotion_project\dataset\TESS Toronto emotional speech set data\OAF_Fear\OAF_sheep_fear.wav,say the word sheep,fear,2
YAF_chain_sad,C:\Users\sande\Desktop\multimodal_emotion_project\dataset\TESS Toronto emotional speech set data\YAF_sad\YAF_chain_sad.wav,say the word chain,sad,5
OAF_pad_disgust,C:\Users\sande\Desktop\multimodal_emotion_project\dataset\TESS Toronto emotional speech set data\OAF_disgust\OAF_pad_disgust.wav,say the word pad,disgust,1
YAF_talk_sad,C:\Users\sande\Desktop\multimodal_emotion_project\dataset\TESS Toronto emotional speech set data\YAF_sad\YAF_talk_sad.wav,say the word talk,sad,5
YAF_kill_disgust,C:\Users\sande\Desktop\multimodal_emotion_project\dataset\TESS Toronto emotional speech set data\YAF_disgust\YAF_kill_disgust.wav,say the word kill,disgust,1
YAF_hire_fear,C:\Users\sande\Desktop\multimodal_emotion_project\dataset\TESS Toronto emotional speech set data\YAF_fear\YAF_hire_fear.wav,say the word hire,fear,2
OAF_tough_fear,C:\Users\sande\Desktop\multimodal_emotion_project\dataset\TESS Toronto emotional speech set data\OAF_Fear\OAF_tough_fear.wav,say the word tough,fear,2
OAF_white_disgust,C:\Users\sande\Desktop\multimodal_emotion_project\dataset\TESS Toronto emotional speech set data\OAF_disgust\OAF_white_disgust.wav,say the word white,disgust,1
YAF_young_disgust,C:\Users\sande\Desktop\multimodal_emotion_project\dataset\TESS Toronto emotional speech set data\YAF_disgust\YAF_young_disgust.wav,say the word young,disgust,1
OAF_lean_happy,C:\Users\sande\Desktop\multimodal_emotion_project\dataset\TESS Toronto emotional speech set data\OAF_happy\OAF_lean_happy.wav,say the word lean,happy,3
OAF_shawl_happy,C:\Users\sande\Desktop\multimodal_emotion_project\dataset\TESS Toronto emotional speech set data\OAF_happy\OAF_shawl_happy.wav,say the word shawl,happy,3
YAF_team_ps,C:\Users\sande\Desktop\multimodal_emotion_project\dataset\TESS Toronto emotional speech set data\YAF_pleasant_surprised\YAF_team_ps.wav,say the word team,surprise,6
OAF_near_neutral,C:\Users\sande\Desktop\multimodal_emotion_project\dataset\TESS Toronto emotional speech set data\OAF_neutral\OAF_near_neutral.wav,say the word near,neutral,4
OAF_chief_angry,C:\Users\sande\Desktop\multimodal_emotion_project\dataset\TESS Toronto emotional speech set data\OAF_angry\OAF_chief_angry.wav,say the word chief,angry,0
YAF_goal_happy,C:\Users\sande\Desktop\multimodal_emotion_project\dataset\TESS Toronto emotional speech set data\YAF_happy\YAF_goal_happy.wav,say the word goal,happy,3
YAF_love_fear,C:\Users\sande\Desktop\multimodal_emotion_project\dataset\TESS Toronto emotional speech set data\YAF_fear\YAF_love_fear.wav,say the word love,fear,2
OAF_cause_fear,C:\Users\sande\Desktop\multimodal_emotion_project\dataset\TESS Toronto emotional speech set data\OAF_Fear\OAF_cause_fear.wav,say the word cause,fear,2
OAF_calm_sad,C:\Users\sande\Desktop\multimodal_emotion_project\dataset\TESS Toronto emotional speech set data\OAF_Sad\OAF_calm_sad.wav,say the word calm,sad,5
OAF_mess_sad,C:\Users\sande\Desktop\multimodal_emotion_project\dataset\TESS Toronto emotional speech set data\OAF_Sad\OAF_mess_sad.wav,say the word mess,sad,5
YAF_fat_sad,C:\Users\sande\Desktop\multimodal_emotion_project\dataset\TESS Toronto emotional speech set data\YAF_sad\YAF_fat_sad.wav,say the word fat,sad,5
OAF_date_fear,C:\Users\sande\Desktop\multimodal_emotion_project\dataset\TESS Toronto emotional speech set data\OAF_Fear\OAF_date_fear.wav,say the word date,fear,2
OAF_wag_neutral,C:\Users\sande\Desktop\multimodal_emotion_project\dataset\TESS Toronto emotional speech set data\OAF_neutral\OAF_wag_neutral.wav,say the word wag,neutral,4
YAF_rat_neutral,C:\Users\sande\Desktop\multimodal_emotion_project\dataset\TESS Toronto emotional speech set data\YAF_neutral\YAF_rat_neutral.wav,say the word rat,neutral,4
YAF_white_ps,C:\Users\sande\Desktop\multimodal_emotion_project\dataset\TESS Toronto emotional speech set data\YAF_pleasant_surprised\YAF_white_ps.wav,say the word white,surprise,6
OAF_soup_ps,C:\Users\sande\Desktop\multimodal_emotion_project\dataset\TESS Toronto emotional speech set data\OAF_Pleasant_surprise\OAF_soup_ps.wav,say the word soup,surprise,6
YAF_pick_fear,C:\Users\sande\Desktop\multimodal_emotion_project\dataset\TESS Toronto emotional speech set data\YAF_fear\YAF_pick_fear.wav,say the word pick,fear,2
YAF_gap_fear,C:\Users\sande\Desktop\multimodal_emotion_project\dataset\TESS Toronto emotional speech set data\YAF_fear\YAF_gap_fear.wav,say the word gap,fear,2
OAF_dodge_sad,C:\Users\sande\Desktop\multimodal_emotion_project\dataset\TESS Toronto emotional speech set data\OAF_Sad\OAF_dodge_sad.wav,say the word dodge,sad,5
OAF_pass_angry,C:\Users\sande\Desktop\multimodal_emotion_project\dataset\TESS Toronto emotional speech set data\OAF_angry\OAF_pass_angry.wav,say the word pass,angry,0
OAF_keen_disgust,C:\Users\sande\Desktop\multimodal_emotion_project\dataset\TESS Toronto emotional speech set data\OAF_disgust\OAF_keen_disgust.wav,say the word keen,disgust,1
OAF_numb_neutral,C:\Users\sande\Desktop\multimodal_emotion_project\dataset\TESS Toronto emotional speech set data\OAF_neutral\OAF_numb_neutral.wav,say the word numb,neutral,4
YAF_keen_disgust,C:\Users\sande\Desktop\multimodal_emotion_project\dataset\TESS Toronto emotional speech set data\YAF_disgust\YAF_keen_disgust.wav,say the word keen,disgust,1
OAF_dog_neutral,C:\Users\sande\Desktop\multimodal_emotion_project\dataset\TESS Toronto emotional speech set data\OAF_neutral\OAF_dog_neutral.wav,say the word dog,neutral,4
OAF_phone_neutral,C:\Users\sande\Desktop\multimodal_emotion_project\dataset\TESS Toronto emotional speech set data\OAF_neutral\OAF_phone_neutral.wav,say the word phone,neutral,4
OAF_limb_sad,C:\Users\sande\Desktop\multimodal_emotion_project\dataset\TESS Toronto emotional speech set data\OAF_Sad\OAF_limb_sad.wav,say the word limb,sad,5
YAF_fail_ps,C:\Users\sande\Desktop\multimodal_emotion_project\dataset\TESS Toronto emotional speech set data\YAF_pleasant_surprised\YAF_fail_ps.wav,say the word fail,surprise,6
OAF_voice_fear,C:\Users\sande\Desktop\multimodal_emotion_project\dataset\TESS Toronto emotional speech set data\OAF_Fear\OAF_voice_fear.wav,say the word voice,fear,2
OAF_cab_angry,C:\Users\sande\Desktop\multimodal_emotion_project\dataset\TESS Toronto emotional speech set data\OAF_angry\OAF_cab_angry.wav,say the word cab,angry,0
OAF_ditch_fear,C:\Users\sande\Desktop\multimodal_emotion_project\dataset\TESS Toronto emotional speech set data\OAF_Fear\OAF_ditch_fear.wav,say the word ditch,fear,2
YAF_numb_ps,C:\Users\sande\Desktop\multimodal_emotion_project\dataset\TESS Toronto emotional speech set data\YAF_pleasant_surprised\YAF_numb_ps.wav,say the word numb,surprise,6
YAF_hit_sad,C:\Users\sande\Desktop\multimodal_emotion_project\dataset\TESS Toronto emotional speech set data\YAF_sad\YAF_hit_sad.wav,say the word hit,sad,5
YAF_nice_sad,C:\Users\sande\Desktop\multimodal_emotion_project\dataset\TESS Toronto emotional speech set data\YAF_sad\YAF_nice_sad.wav,say the word nice,sad,5
YAF_puff_angry,C:\Users\sande\Desktop\multimodal_emotion_project\dataset\TESS Toronto emotional speech set data\YAF_angry\YAF_puff_angry.wav,say the word puff,angry,0
YAF_perch_neutral,C:\Users\sande\Desktop\multimodal_emotion_project\dataset\TESS Toronto emotional speech set data\YAF_neutral\YAF_perch_neutral.wav,say the word perch,neutral,4
OAF_lose_happy,C:\Users\sande\Desktop\multimodal_emotion_project\dataset\TESS Toronto emotional speech set data\OAF_happy\OAF_lose_happy.wav,say the word lose,happy,3
YAF_red_sad,C:\Users\sande\Desktop\multimodal_emotion_project\dataset\TESS Toronto emotional speech set data\YAF_sad\YAF_red_sad.wav,say the word red,sad,5
OAF_dip_sad,C:\Users\sande\Desktop\multimodal_emotion_project\dataset\TESS Toronto emotional speech set data\OAF_Sad\OAF_dip_sad.wav,say the word dip,sad,5
YAF_burn_neutral,C:\Users\sande\Desktop\multimodal_emotion_project\dataset\TESS Toronto emotional speech set data\YAF_neutral\YAF_burn_neutral.wav,say the word burn,neutral,4
YAF_keen_fear,C:\Users\sande\Desktop\multimodal_emotion_project\dataset\TESS Toronto emotional speech set data\YAF_fear\YAF_keen_fear.wav,say the word keen,fear,2
OAF_late_disgust,C:\Users\sande\Desktop\multimodal_emotion_project\dataset\TESS Toronto emotional speech set data\OAF_disgust\OAF_late_disgust.wav,say the word late,disgust,1
OAF_mode_happy,C:\Users\sande\Desktop\multimodal_emotion_project\dataset\TESS Toronto emotional speech set data\OAF_happy\OAF_mode_happy.wav,say the word mode,happy,3
OAF_life_angry,C:\Users\sande\Desktop\multimodal_emotion_project\dataset\TESS Toronto emotional speech set data\OAF_angry\OAF_life_angry.wav,say the word life,angry,0
OAF_half_neutral,C:\Users\sande\Desktop\multimodal_emotion_project\dataset\TESS Toronto emotional speech set data\OAF_neutral\OAF_half_neutral.wav,say the word half,neutral,4
OAF_learn_fear,C:\Users\sande\Desktop\multimodal_emotion_project\dataset\TESS Toronto emotional speech set data\OAF_Fear\OAF_learn_fear.wav,say the word learn,fear,2
YAF_laud_disgust,C:\Users\sande\Desktop\multimodal_emotion_project\dataset\TESS Toronto emotional speech set data\YAF_disgust\YAF_laud_disgust.wav,say the word laud,disgust,1
YAF_gaze_angry,C:\Users\sande\Desktop\multimodal_emotion_project\dataset\TESS Toronto emotional speech set data\YAF_angry\YAF_gaze_angry.wav,say the word gaze,angry,0
OAF_make_neutral,C:\Users\sande\Desktop\multimodal_emotion_project\dataset\TESS Toronto emotional speech set data\OAF_neutral\OAF_make_neutral.wav,say the word make,neutral,4
OAF_third_fear,C:\Users\sande\Desktop\multimodal_emotion_project\dataset\TESS Toronto emotional speech set data\OAF_Fear\OAF_third_fear.wav,say the word third,fear,2
YAF_lose_disgust,C:\Users\sande\Desktop\multimodal_emotion_project\dataset\TESS Toronto emotional speech set data\YAF_disgust\YAF_lose_disgust.wav,say the word lose,disgust,1
YAF_vine_disgust,C:\Users\sande\Desktop\multimodal_emotion_project\dataset\TESS Toronto emotional speech set data\YAF_disgust\YAF_vine_disgust.wav,say the word vine,disgust,1
YAF_jar_neutral,C:\Users\sande\Desktop\multimodal_emotion_project\dataset\TESS Toronto emotional speech set data\YAF_neutral\YAF_jar_neutral.wav,say the word jar,neutral,4
OAF_haze_sad,C:\Users\sande\Desktop\multimodal_emotion_project\dataset\TESS Toronto emotional speech set data\OAF_Sad\OAF_haze_sad.wav,say the word haze,sad,5
OAF_sail_angry,C:\Users\sande\Desktop\multimodal_emotion_project\dataset\TESS Toronto emotional speech set data\OAF_angry\OAF_sail_angry.wav,say the word sail,angry,0
OAF_join_angry,C:\Users\sande\Desktop\multimodal_emotion_project\dataset\TESS Toronto emotional speech set data\OAF_angry\OAF_join_angry.wav,say the word join,angry,0
YAF_when_sad,C:\Users\sande\Desktop\multimodal_emotion_project\dataset\TESS Toronto emotional speech set data\YAF_sad\YAF_when_sad.wav,say the word when,sad,5
YAF_yearn_disgust,C:\Users\sande\Desktop\multimodal_emotion_project\dataset\TESS Toronto emotional speech set data\YAF_disgust\YAF_yearn_disgust.wav,say the word yearn,disgust,1
YAF_lid_sad,C:\Users\sande\Desktop\multimodal_emotion_project\dataset\TESS Toronto emotional speech set data\YAF_sad\YAF_lid_sad.wav,say the word lid,sad,5
YAF_late_neutral,C:\Users\sande\Desktop\multimodal_emotion_project\dataset\TESS Toronto emotional speech set data\YAF_neutral\YAF_late_neutral.wav,say the word late,neutral,4
YAF_ton_sad,C:\Users\sande\Desktop\multimodal_emotion_project\dataset\TESS Toronto emotional speech set data\YAF_sad\YAF_ton_sad.wav,say the word ton,sad,5
YAF_calm_ps,C:\Users\sande\Desktop\multimodal_emotion_project\dataset\TESS Toronto emotional speech set data\YAF_pleasant_surprised\YAF_calm_ps.wav,say the word calm,surprise,6
YAF_dog_angry,C:\Users\sande\Desktop\multimodal_emotion_project\dataset\TESS Toronto emotional speech set data\YAF_angry\YAF_dog_angry.wav,say the word dog,angry,0
OAF_pass_disgust,C:\Users\sande\Desktop\multimodal_emotion_project\dataset\TESS Toronto emotional speech set data\OAF_disgust\OAF_pass_disgust.wav,say the word pass,disgust,1
OAF_note_disgust,C:\Users\sande\Desktop\multimodal_emotion_project\dataset\TESS Toronto emotional speech set data\OAF_disgust\OAF_note_disgust.wav,say the word note,disgust,1
YAF_puff_ps,C:\Users\sande\Desktop\multimodal_emotion_project\dataset\TESS Toronto emotional speech set data\YAF_pleasant_surprised\YAF_puff_ps.wav,say the word puff,surprise,6
YAF_yearn_angry,C:\Users\sande\Desktop\multimodal_emotion_project\dataset\TESS Toronto emotional speech set data\YAF_angry\YAF_yearn_angry.wav,say the word yearn,angry,0
YAF_note_fear,C:\Users\sande\Desktop\multimodal_emotion_project\dataset\TESS Toronto emotional speech set data\YAF_fear\YAF_note_fear.wav,say the word note,fear,2
YAF_rain_ps,C:\Users\sande\Desktop\multimodal_emotion_project\dataset\TESS Toronto emotional speech set data\YAF_pleasant_surprised\YAF_rain_ps.wav,say the word rain,surprise,6
OAF_ring_disgust,C:\Users\sande\Desktop\multimodal_emotion_project\dataset\TESS Toronto emotional speech set data\OAF_disgust\OAF_ring_disgust.wav,say the word ring,disgust,1
YAF_five_ps,C:\Users\sande\Desktop\multimodal_emotion_project\dataset\TESS Toronto emotional speech set data\YAF_pleasant_surprised\YAF_five_ps.wav,say the word five,surprise,6
OAF_make_angry,C:\Users\sande\Desktop\multimodal_emotion_project\dataset\TESS Toronto emotional speech set data\OAF_angry\OAF_make_angry.wav,say the word make,angry,0
YAF_rough_sad,C:\Users\sande\Desktop\multimodal_emotion_project\dataset\TESS Toronto emotional speech set data\YAF_sad\YAF_rough_sad.wav,say the word rough,sad,5
YAF_hole_disgust,C:\Users\sande\Desktop\multimodal_emotion_project\dataset\TESS Toronto emotional speech set data\YAF_disgust\YAF_hole_disgust.wav,say the word hole,disgust,1
YAF_chalk_disgust,C:\Users\sande\Desktop\multimodal_emotion_project\dataset\TESS Toronto emotional speech set data\YAF_disgust\YAF_chalk_disgust.wav,say the word chalk,disgust,1
YAF_witch_neutral,C:\Users\sande\Desktop\multimodal_emotion_project\dataset\TESS Toronto emotional speech set data\YAF_neutral\YAF_witch_neutral.wav,say the word witch,neutral,4
OAF_base_neutral,C:\Users\sande\Desktop\multimodal_emotion_project\dataset\TESS Toronto emotional speech set data\OAF_neutral\OAF_base_neutral.wav,say the word base,neutral,4
YAF_limb_disgust,C:\Users\sande\Desktop\multimodal_emotion_project\dataset\TESS Toronto emotional speech set data\YAF_disgust\YAF_limb_disgust.wav,say the word limb,disgust,1
YAF_raise_neutral,C:\Users\sande\Desktop\multimodal_emotion_project\dataset\TESS Toronto emotional speech set data\YAF_neutral\YAF_raise_neutral.wav,say the word raise,neutral,4
OAF_mood_happy,C:\Users\sande\Desktop\multimodal_emotion_project\dataset\TESS Toronto emotional speech set data\OAF_happy\OAF_mood_happy.wav,say the word mood,happy,3
OAF_base_happy,C:\Users\sande\Desktop\multimodal_emotion_project\dataset\TESS Toronto emotional speech set data\OAF_happy\OAF_base_happy.wav,say the word base,happy,3
OAF_reach_disgust,C:\Users\sande\Desktop\multimodal_emotion_project\dataset\TESS Toronto emotional speech set data\OAF_disgust\OAF_reach_disgust.wav,say the word reach,disgust,1
YAF_raid_fear,C:\Users\sande\Desktop\multimodal_emotion_project\dataset\TESS Toronto emotional speech set data\YAF_fear\YAF_raid_fear.wav,say the word raid,fear,2
OAF_south_disgust,C:\Users\sande\Desktop\multimodal_emotion_project\dataset\TESS Toronto emotional speech set data\OAF_disgust\OAF_south_disgust.wav,say the word south,disgust,1
YAF_rat_happy,C:\Users\sande\Desktop\multimodal_emotion_project\dataset\TESS Toronto emotional speech set data\YAF_happy\YAF_rat_happy.wav,say the word rat,happy,3
OAF_thin_ps,C:\Users\sande\Desktop\multimodal_emotion_project\dataset\TESS Toronto emotional speech set data\OAF_Pleasant_surprise\OAF_thin_ps.wav,say the word thin,surprise,6
OAF_juice_neutral,C:\Users\sande\Desktop\multimodal_emotion_project\dataset\TESS Toronto emotional speech set data\OAF_neutral\OAF_juice_neutral.wav,say the word juice,neutral,4
OAF_lease_ps,C:\Users\sande\Desktop\multimodal_emotion_project\dataset\TESS Toronto emotional speech set data\OAF_Pleasant_surprise\OAF_lease_ps.wav,say the word lease,surprise,6
YAF_dodge_neutral,C:\Users\sande\Desktop\multimodal_emotion_project\dataset\TESS Toronto emotional speech set data\YAF_neutral\YAF_dodge_neutral.wav,say the word dodge,neutral,4
YAF_luck_happy,C:\Users\sande\Desktop\multimodal_emotion_project\dataset\TESS Toronto emotional speech set data\YAF_happy\YAF_luck_happy.wav,say the word luck,happy,3
YAF_wheat_ps,C:\Users\sande\Desktop\multimodal_emotion_project\dataset\TESS Toronto emotional speech set data\YAF_pleasant_surprised\YAF_wheat_ps.wav,say the word wheat,surprise,6
YAF_keep_ps,C:\Users\sande\Desktop\multimodal_emotion_project\dataset\TESS Toronto emotional speech set data\YAF_pleasant_surprised\YAF_keep_ps.wav,say the word keep,surprise,6
OAF_hush_sad,C:\Users\sande\Desktop\multimodal_emotion_project\dataset\TESS Toronto emotional speech set data\OAF_Sad\OAF_hush_sad.wav,say the word hush,sad,5
OAF_shout_sad,C:\Users\sande\Desktop\multimodal_emotion_project\dataset\TESS Toronto emotional speech set data\OAF_Sad\OAF_shout_sad.wav,say the word shout,sad,5
OAF_vote_neutral,C:\Users\sande\Desktop\multimodal_emotion_project\dataset\TESS Toronto emotional speech set data\OAF_neutral\OAF_vote_neutral.wav,say the word vote,neutral,4
OAF_mill_neutral,C:\Users\sande\Desktop\multimodal_emotion_project\dataset\TESS Toronto emotional speech set data\OAF_neutral\OAF_mill_neutral.wav,say the word mill,neutral,4
OAF_lore_neutral,C:\Users\sande\Desktop\multimodal_emotion_project\dataset\TESS Toronto emotional speech set data\OAF_neutral\OAF_lore_neutral.wav,say the word lore,neutral,4
YAF_bought_fear,C:\Users\sande\Desktop\multimodal_emotion_project\dataset\TESS Toronto emotional speech set data\YAF_fear\YAF_bought_fear.wav,say the word bought,fear,2
OAF_nag_sad,C:\Users\sande\Desktop\multimodal_emotion_project\dataset\TESS Toronto emotional speech set data\OAF_Sad\OAF_nag_sad.wav,say the word nag,sad,5
OAF_long_neutral,C:\Users\sande\Desktop\multimodal_emotion_project\dataset\TESS Toronto emotional speech set data\OAF_neutral\OAF_long_neutral.wav,say the word long,neutral,4
YAF_doll_neutral,C:\Users\sande\Desktop\multimodal_emotion_project\dataset\TESS Toronto emotional speech set data\YAF_neutral\YAF_doll_neutral.wav,say the word doll,neutral,4
YAF_whip_disgust,C:\Users\sande\Desktop\multimodal_emotion_project\dataset\TESS Toronto emotional speech set data\YAF_disgust\YAF_whip_disgust.wav,say the word whip,disgust,1
OAF_bath_neutral,C:\Users\sande\Desktop\multimodal_emotion_project\dataset\TESS Toronto emotional speech set data\OAF_neutral\OAF_bath_neutral.wav,say the word bath,neutral,4
OAF_time_ps,C:\Users\sande\Desktop\multimodal_emotion_project\dataset\TESS Toronto emotional speech set data\OAF_Pleasant_surprise\OAF_time_ps.wav,say the word time,surprise,6
OAF_hole_happy,C:\Users\sande\Desktop\multimodal_emotion_project\dataset\TESS Toronto emotional speech set data\OAF_happy\OAF_hole_happy.wav,say the word hole,happy,3
YAF_keen_angry,C:\Users\sande\Desktop\multimodal_emotion_project\dataset\TESS Toronto emotional speech set data\YAF_angry\YAF_keen_angry.wav,say the word keen,angry,0
YAF_fail_sad,C:\Users\sande\Desktop\multimodal_emotion_project\dataset\TESS Toronto emotional speech set data\YAF_sad\YAF_fail_sad.wav,say the word fail,sad,5
OAF_gas_disgust,C:\Users\sande\Desktop\multimodal_emotion_project\dataset\TESS Toronto emotional speech set data\OAF_disgust\OAF_gas_disgust.wav,say the word gas,disgust,1
OAF_have_ps,C:\Users\sande\Desktop\multimodal_emotion_project\dataset\TESS Toronto emotional speech set data\OAF_Pleasant_surprise\OAF_have_ps.wav,say the word have,surprise,6
YAF_learn_happy,C:\Users\sande\Desktop\multimodal_emotion_project\dataset\TESS Toronto emotional speech set data\YAF_happy\YAF_learn_happy.wav,say the word learn,happy,3
OAF_thought_disgust,C:\Users\sande\Desktop\multimodal_emotion_project\dataset\TESS Toronto emotional speech set data\OAF_disgust\OAF_thought_disgust.wav,say the word thought,disgust,1
OAF_beg_happy,C:\Users\sande\Desktop\multimodal_emotion_project\dataset\TESS Toronto emotional speech set data\OAF_happy\OAF_beg_happy.wav,say the word beg,happy,3
OAF_wag_fear,C:\Users\sande\Desktop\multimodal_emotion_project\dataset\TESS Toronto emotional speech set data\OAF_Fear\OAF_wag_fear.wav,say the word wag,fear,2
YAF_knock_happy,C:\Users\sande\Desktop\multimodal_emotion_project\dataset\TESS Toronto emotional speech set data\YAF_happy\YAF_knock_happy.wav,say the word knock,happy,3
YAF_note_happy,C:\Users\sande\Desktop\multimodal_emotion_project\dataset\TESS Toronto emotional speech set data\YAF_happy\YAF_note_happy.wav,say the word note,happy,3
YAF_search_sad,C:\Users\sande\Desktop\multimodal_emotion_project\dataset\TESS Toronto emotional speech set data\YAF_sad\YAF_search_sad.wav,say the word search,sad,5
YAF_join_ps,C:\Users\sande\Desktop\multimodal_emotion_project\dataset\TESS Toronto emotional speech set data\YAF_pleasant_surprised\YAF_join_ps.wav,say the word join,surprise,6
OAF_youth_sad,C:\Users\sande\Desktop\multimodal_emotion_project\dataset\TESS Toronto emotional speech set data\OAF_Sad\OAF_youth_sad.wav,say the word youth,sad,5
YAF_near_ps,C:\Users\sande\Desktop\multimodal_emotion_project\dataset\TESS Toronto emotional speech set data\YAF_pleasant_surprised\YAF_near_ps.wav,say the word near,surprise,6
OAF_hire_sad,C:\Users\sande\Desktop\multimodal_emotion_project\dataset\TESS Toronto emotional speech set data\OAF_Sad\OAF_hire_sad.wav,say the word hire,sad,5
OAF_good_sad,C:\Users\sande\Desktop\multimodal_emotion_project\dataset\TESS Toronto emotional speech set data\OAF_Sad\OAF_good_sad.wav,say the word good,sad,5
YAF_rush_disgust,C:\Users\sande\Desktop\multimodal_emotion_project\dataset\TESS Toronto emotional speech set data\YAF_disgust\YAF_rush_disgust.wav,say the word rush,disgust,1
OAF_choice_sad,C:\Users\sande\Desktop\multimodal_emotion_project\dataset\TESS Toronto emotional speech set data\OAF_Sad\OAF_choice_sad.wav,say the word choice,sad,5
YAF_chair_happy,C:\Users\sande\Desktop\multimodal_emotion_project\dataset\TESS Toronto emotional speech set data\YAF_happy\YAF_chair_happy.wav,say the word chair,happy,3
YAF_join_angry,C:\Users\sande\Desktop\multimodal_emotion_project\dataset\TESS Toronto emotional speech set data\YAF_angry\YAF_join_angry.wav,say the word join,angry,0
OAF_read_sad,C:\Users\sande\Desktop\multimodal_emotion_project\dataset\TESS Toronto emotional speech set data\OAF_Sad\OAF_read_sad.wav,say the word read,sad,5
YAF_pike_ps,C:\Users\sande\Desktop\multimodal_emotion_project\dataset\TESS Toronto emotional speech set data\YAF_pleasant_surprised\YAF_pike_ps.wav,say the word pike,surprise,6
OAF_take_angry,C:\Users\sande\Desktop\multimodal_emotion_project\dataset\TESS Toronto emotional speech set data\OAF_angry\OAF_take_angry.wav,say the word take,angry,0
YAF_merge_disgust,C:\Users\sande\Desktop\multimodal_emotion_project\dataset\TESS Toronto emotional speech set data\YAF_disgust\YAF_merge_disgust.wav,say the word merge,disgust,1
YAF_road_ps,C:\Users\sande\Desktop\multimodal_emotion_project\dataset\TESS Toronto emotional speech set data\YAF_pleasant_surprised\YAF_road_ps.wav,say the word road,surprise,6
OAF_witch_happy,C:\Users\sande\Desktop\multimodal_emotion_project\dataset\TESS Toronto emotional speech set data\OAF_happy\OAF_witch_happy.wav,say the word witch,happy,3
OAF_voice_sad,C:\Users\sande\Desktop\multimodal_emotion_project\dataset\TESS Toronto emotional speech set data\OAF_Sad\OAF_voice_sad.wav,say the word voice,sad,5
OAF_juice_fear,C:\Users\sande\Desktop\multimodal_emotion_project\dataset\TESS Toronto emotional speech set data\OAF_Fear\OAF_juice_fear.wav,say the word juice,fear,2
OAF_white_happy,C:\Users\sande\Desktop\multimodal_emotion_project\dataset\TESS Toronto emotional speech set data\OAF_happy\OAF_white_happy.wav,say the word white,happy,3
OAF_kite_sad,C:\Users\sande\Desktop\multimodal_emotion_project\dataset\TESS Toronto emotional speech set data\OAF_Sad\OAF_kite_sad.wav,say the word kite,sad,5
OAF_nag_angry,C:\Users\sande\Desktop\multimodal_emotion_project\dataset\TESS Toronto emotional speech set data\OAF_angry\OAF_nag_angry.wav,say the word nag,angry,0
OAF_bought_fear,C:\Users\sande\Desktop\multimodal_emotion_project\dataset\TESS Toronto emotional speech set data\OAF_Fear\OAF_bought_fear.wav,say the word bought,fear,2
OAF_five_neutral,C:\Users\sande\Desktop\multimodal_emotion_project\dataset\TESS Toronto emotional speech set data\OAF_neutral\OAF_five_neutral.wav,say the word five,neutral,4
OAF_late_fear,C:\Users\sande\Desktop\multimodal_emotion_project\dataset\TESS Toronto emotional speech set data\OAF_Fear\OAF_late_fear.wav,say the word late,fear,2
YAF_boat_angry,C:\Users\sande\Desktop\multimodal_emotion_project\dataset\TESS Toronto emotional speech set data\YAF_angry\YAF_boat_angry.wav,say the word boat,angry,0
OAF_take_ps,C:\Users\sande\Desktop\multimodal_emotion_project\dataset\TESS Toronto emotional speech set data\OAF_Pleasant_surprise\OAF_take_ps.wav,say the word take,surprise,6
YAF_rot_angry,C:\Users\sande\Desktop\multimodal_emotion_project\dataset\TESS Toronto emotional speech set data\YAF_angry\YAF_rot_angry.wav,say the word rot,angry,0
YAF_bone_disgust,C:\Users\sande\Desktop\multimodal_emotion_project\dataset\TESS Toronto emotional speech set data\YAF_disgust\YAF_bone_disgust.wav,say the word bone,disgust,1
YAF_tip_ps,C:\Users\sande\Desktop\multimodal_emotion_project\dataset\TESS Toronto emotional speech set data\YAF_pleasant_surprised\YAF_tip_ps.wav,say the word tip,surprise,6
YAF_seize_fear,C:\Users\sande\Desktop\multimodal_emotion_project\dataset\TESS Toronto emotional speech set data\YAF_fear\YAF_seize_fear.wav,say the word seize,fear,2
OAF_door_sad,C:\Users\sande\Desktop\multimodal_emotion_project\dataset\TESS Toronto emotional speech set data\OAF_Sad\OAF_door_sad.wav,say the word door,sad,5
OAF_rat_neutral,C:\Users\sande\Desktop\multimodal_emotion_project\dataset\TESS Toronto emotional speech set data\OAF_neutral\OAF_rat_neutral.wav,say the word rat,neutral,4
YAF_luck_fear,C:\Users\sande\Desktop\multimodal_emotion_project\dataset\TESS Toronto emotional speech set data\YAF_fear\YAF_luck_fear.wav,say the word luck,fear,2
OAF_cause_happy,C:\Users\sande\Desktop\multimodal_emotion_project\dataset\TESS Toronto emotional speech set data\OAF_happy\OAF_cause_happy.wav,say the word cause,happy,3
OAF_tire_disgust,C:\Users\sande\Desktop\multimodal_emotion_project\dataset\TESS Toronto emotional speech set data\OAF_disgust\OAF_tire_disgust.wav,say the word tire,disgust,1
OAF_soap_ps,C:\Users\sande\Desktop\multimodal_emotion_project\dataset\TESS Toronto emotional speech set data\OAF_Pleasant_surprise\OAF_soap_ps.wav,say the word soap,surprise,6
OAF_walk_ps,C:\Users\sande\Desktop\multimodal_emotion_project\dataset\TESS Toronto emotional speech set data\OAF_Pleasant_surprise\OAF_walk_ps.wav,say the word walk,surprise,6
YAF_turn_fear,C:\Users\sande\Desktop\multimodal_emotion_project\dataset\TESS Toronto emotional speech set data\YAF_fear\YAF_turn_fear.wav,say the word turn,fear,2
YAF_good_neutral,C:\Users\sande\Desktop\multimodal_emotion_project\dataset\TESS Toronto emotional speech set data\YAF_neutral\YAF_good_neutral.wav,say the word good,neutral,4
YAF_seize_disgust,C:\Users\sande\Desktop\multimodal_emotion_project\dataset\TESS Toronto emotional speech set data\YAF_disgust\YAF_seize_disgust.wav,say the word seize,disgust,1
OAF_pad_neutral,C:\Users\sande\Desktop\multimodal_emotion_project\dataset\TESS Toronto emotional speech set data\OAF_neutral\OAF_pad_neutral.wav,say the word pad,neutral,4
OAF_gun_sad,C:\Users\sande\Desktop\multimodal_emotion_project\dataset\TESS Toronto emotional speech set data\OAF_Sad\OAF_gun_sad.wav,say the word gun,sad,5
YAF_match_fear,C:\Users\sande\Desktop\multimodal_emotion_project\dataset\TESS Toronto emotional speech set data\YAF_fear\YAF_match_fear.wav,say the word match,fear,2
YAF_hurl_happy,C:\Users\sande\Desktop\multimodal_emotion_project\dataset\TESS Toronto emotional speech set data\YAF_happy\YAF_hurl_happy.wav,say the word hurl,happy,3
YAF_hit_happy,C:\Users\sande\Desktop\multimodal_emotion_project\dataset\TESS Toronto emotional speech set data\YAF_happy\YAF_hit_happy.wav,say the word hit,happy,3
OAF_room_sad,C:\Users\sande\Desktop\multimodal_emotion_project\dataset\TESS Toronto emotional speech set data\OAF_Sad\OAF_room_sad.wav,say the word room,sad,5
OAF_bought_neutral,C:\Users\sande\Desktop\multimodal_emotion_project\dataset\TESS Toronto emotional speech set data\OAF_neutral\OAF_bought_neutral.wav,say the word bought,neutral,4
OAF_pick_angry,C:\Users\sande\Desktop\multimodal_emotion_project\dataset\TESS Toronto emotional speech set data\OAF_angry\OAF_pick_angry.wav,say the word pick,angry,0
YAF_calm_happy,C:\Users\sande\Desktop\multimodal_emotion_project\dataset\TESS Toronto emotional speech set data\YAF_happy\YAF_calm_happy.wav,say the word calm,happy,3
OAF_met_angry,C:\Users\sande\Desktop\multimodal_emotion_project\dataset\TESS Toronto emotional speech set data\OAF_angry\OAF_met_angry.wav,say the word met,angry,0
OAF_lore_sad,C:\Users\sande\Desktop\multimodal_emotion_project\dataset\TESS Toronto emotional speech set data\OAF_Sad\OAF_lore_sad.wav,say the word lore,sad,5
YAF_far_neutral,C:\Users\sande\Desktop\multimodal_emotion_project\dataset\TESS Toronto emotional speech set data\YAF_neutral\YAF_far_neutral.wav,say the word far,neutral,4
YAF_learn_ps,C:\Users\sande\Desktop\multimodal_emotion_project\dataset\TESS Toronto emotional speech set data\YAF_pleasant_surprised\YAF_learn_ps.wav,say the word learn,surprise,6
OAF_lot_fear,C:\Users\sande\Desktop\multimodal_emotion_project\dataset\TESS Toronto emotional speech set data\OAF_Fear\OAF_lot_fear.wav,say the word lot,fear,2
YAF_mess_fear,C:\Users\sande\Desktop\multimodal_emotion_project\dataset\TESS Toronto emotional speech set data\YAF_fear\YAF_mess_fear.wav,say the word mess,fear,2
OAF_turn_sad,C:\Users\sande\Desktop\multimodal_emotion_project\dataset\TESS Toronto emotional speech set data\OAF_Sad\OAF_turn_sad.wav,say the word turn,sad,5
YAF_base_angry,C:\Users\sande\Desktop\multimodal_emotion_project\dataset\TESS Toronto emotional speech set data\YAF_angry\YAF_base_angry.wav,say the word base,angry,0
YAF_cheek_ps,C:\Users\sande\Desktop\multimodal_emotion_project\dataset\TESS Toronto emotional speech set data\YAF_pleasant_surprised\YAF_cheek_ps.wav,say the word cheek,surprise,6
YAF_pad_fear,C:\Users\sande\Desktop\multimodal_emotion_project\dataset\TESS Toronto emotional speech set data\YAF_fear\YAF_pad_fear.wav,say the word pad,fear,2
YAF_came_sad,C:\Users\sande\Desktop\multimodal_emotion_project\dataset\TESS Toronto emotional speech set data\YAF_sad\YAF_came_sad.wav,say the word came,sad,5
OAF_dog_disgust,C:\Users\sande\Desktop\multimodal_emotion_project\dataset\TESS Toronto emotional speech set data\OAF_disgust\OAF_dog_disgust.wav,say the word dog,disgust,1
OAF_shall_angry,C:\Users\sande\Desktop\multimodal_emotion_project\dataset\TESS Toronto emotional speech set data\OAF_angry\OAF_shall_angry.wav,say the word shall,angry,0
OAF_luck_angry,C:\Users\sande\Desktop\multimodal_emotion_project\dataset\TESS Toronto emotional speech set data\OAF_angry\OAF_luck_angry.wav,say the word luck,angry,0
OAF_team_fear,C:\Users\sande\Desktop\multimodal_emotion_project\dataset\TESS Toronto emotional speech set data\OAF_Fear\OAF_team_fear.wav,say the word team,fear,2
YAF_pool_disgust,C:\Users\sande\Desktop\multimodal_emotion_project\dataset\TESS Toronto emotional speech set data\YAF_disgust\YAF_pool_disgust.wav,say the word pool,disgust,1
OAF_bean_angry,C:\Users\sande\Desktop\multimodal_emotion_project\dataset\TESS Toronto emotional speech set data\OAF_angry\OAF_bean_angry.wav,say the word bean,angry,0
YAF_lore_sad,C:\Users\sande\Desktop\multimodal_emotion_project\dataset\TESS Toronto emotional speech set data\YAF_sad\YAF_lore_sad.wav,say the word lore,sad,5
OAF_merge_disgust,C:\Users\sande\Desktop\multimodal_emotion_project\dataset\TESS Toronto emotional speech set data\OAF_disgust\OAF_merge_disgust.wav,say the word merge,disgust,1
OAF_mob_neutral,C:\Users\sande\Desktop\multimodal_emotion_project\dataset\TESS Toronto emotional speech set data\OAF_neutral\OAF_mob_neutral.wav,say the word mob,neutral,4
OAF_lose_ps,C:\Users\sande\Desktop\multimodal_emotion_project\dataset\TESS Toronto emotional speech set data\OAF_Pleasant_surprise\OAF_lose_ps.wav,say the word lose,surprise,6
YAF_voice_neutral,C:\Users\sande\Desktop\multimodal_emotion_project\dataset\TESS Toronto emotional speech set data\YAF_neutral\YAF_voice_neutral.wav,say the word voice,neutral,4
OAF_wife_sad,C:\Users\sande\Desktop\multimodal_emotion_project\dataset\TESS Toronto emotional speech set data\OAF_Sad\OAF_wife_sad.wav,say the word wife,sad,5
OAF_get_fear,C:\Users\sande\Desktop\multimodal_emotion_project\dataset\TESS Toronto emotional speech set data\OAF_Fear\OAF_get_fear.wav,say the word get,fear,2
YAF_raise_disgust,C:\Users\sande\Desktop\multimodal_emotion_project\dataset\TESS Toronto emotional speech set data\YAF_disgust\YAF_raise_disgust.wav,say the word raise,disgust,1
OAF_room_angry,C:\Users\sande\Desktop\multimodal_emotion_project\dataset\TESS Toronto emotional speech set data\OAF_angry\OAF_room_angry.wav,say the word room,angry,0
YAF_raid_neutral,C:\Users\sande\Desktop\multimodal_emotion_project\dataset\TESS Toronto emotional speech set data\YAF_neutral\YAF_raid_neutral.wav,say the word raid,neutral,4
YAF_mill_neutral,C:\Users\sande\Desktop\multimodal_emotion_project\dataset\TESS Toronto emotional speech set data\YAF_neutral\YAF_mill_neutral.wav,say the word mill,neutral,4
OAF_vote_ps,C:\Users\sande\Desktop\multimodal_emotion_project\dataset\TESS Toronto emotional speech set data\OAF_Pleasant_surprise\OAF_vote_ps.wav,say the word vote,surprise,6
OAF_read_happy,C:\Users\sande\Desktop\multimodal_emotion_project\dataset\TESS Toronto emotional speech set data\OAF_happy\OAF_read_happy.wav,say the word read,happy,3
YAF_pearl_fear,C:\Users\sande\Desktop\multimodal_emotion_project\dataset\TESS Toronto emotional speech set data\YAF_fear\YAF_pearl_fear.wav,say the word pearl,fear,2
YAF_kick_sad,C:\Users\sande\Desktop\multimodal_emotion_project\dataset\TESS Toronto emotional speech set data\YAF_sad\YAF_kick_sad.wav,say the word kick,sad,5
YAF_wash_disgust,C:\Users\sande\Desktop\multimodal_emotion_project\dataset\TESS Toronto emotional speech set data\YAF_disgust\YAF_wash_disgust.wav,say the word wash,disgust,1
YAF_reach_disgust,C:\Users\sande\Desktop\multimodal_emotion_project\dataset\TESS Toronto emotional speech set data\YAF_disgust\YAF_reach_disgust.wav,say the word reach,disgust,1
YAF_match_disgust,C:\Users\sande\Desktop\multimodal_emotion_project\dataset\TESS Toronto emotional speech set data\YAF_disgust\YAF_match_disgust.wav,say the word match,disgust,1
OAF_sub_ps,C:\Users\sande\Desktop\multimodal_emotion_project\dataset\TESS Toronto emotional speech set data\OAF_Pleasant_surprise\OAF_sub_ps.wav,say the word sub,surprise,6
OAF_lid_fear,C:\Users\sande\Desktop\multimodal_emotion_project\dataset\TESS Toronto emotional speech set data\OAF_Fear\OAF_lid_fear.wav,say the word lid,fear,2
YAF_loaf_ps,C:\Users\sande\Desktop\multimodal_emotion_project\dataset\TESS Toronto emotional speech set data\YAF_pleasant_surprised\YAF_loaf_ps.wav,say the word loaf,surprise,6
YAF_tool_disgust,C:\Users\sande\Desktop\multimodal_emotion_project\dataset\TESS Toronto emotional speech set data\YAF_disgust\YAF_tool_disgust.wav,say the word tool,disgust,1
YAF_white_sad,C:\Users\sande\Desktop\multimodal_emotion_project\dataset\TESS Toronto emotional speech set data\YAF_sad\YAF_white_sad.wav,say the word white,sad,5
YAF_cool_sad,C:\Users\sande\Desktop\multimodal_emotion_project\dataset\TESS Toronto emotional speech set data\YAF_sad\YAF_cool_sad.wav,say the word cool,sad,5
OAF_search_ps,C:\Users\sande\Desktop\multimodal_emotion_project\dataset\TESS Toronto emotional speech set data\OAF_Pleasant_surprise\OAF_search_ps.wav,say the word search,surprise,6
OAF_chain_disgust,C:\Users\sande\Desktop\multimodal_emotion_project\dataset\TESS Toronto emotional speech set data\OAF_disgust\OAF_chain_disgust.wav,say the word chain,disgust,1
YAF_tip_sad,C:\Users\sande\Desktop\multimodal_emotion_project\dataset\TESS Toronto emotional speech set data\YAF_sad\YAF_tip_sad.wav,say the word tip,sad,5
YAF_puff_disgust,C:\Users\sande\Desktop\multimodal_emotion_project\dataset\TESS Toronto emotional speech set data\YAF_disgust\YAF_puff_disgust.wav,say the word puff,disgust,1
YAF_south_fear,C:\Users\sande\Desktop\multimodal_emotion_project\dataset\TESS Toronto emotional speech set data\YAF_fear\YAF_south_fear.wav,say the word south,fear,2
OAF_rat_happy,C:\Users\sande\Desktop\multimodal_emotion_project\dataset\TESS Toronto emotional speech set data\OAF_happy\OAF_rat_happy.wav,say the word rat,happy,3
OAF_jug_ps,C:\Users\sande\Desktop\multimodal_emotion_project\dataset\TESS Toronto emotional speech set data\OAF_Pleasant_surprise\OAF_jug_ps.wav,say the word jug,surprise,6
YAF_seize_angry,C:\Users\sande\Desktop\multimodal_emotion_project\dataset\TESS Toronto emotional speech set data\YAF_angry\YAF_seize_angry.wav,say the word seize,angry,0
OAF_tough_sad,C:\Users\sande\Desktop\multimodal_emotion_project\dataset\TESS Toronto emotional speech set data\OAF_Sad\OAF_tough_sad.wav,say the word tough,sad,5
OAF_wire_ps,C:\Users\sande\Desktop\multimodal_emotion_project\dataset\TESS Toronto emotional speech set data\OAF_Pleasant_surprise\OAF_wire_ps.wav,say the word wire,surprise,6
YAF_book_happy,C:\Users\sande\Desktop\multimodal_emotion_project\dataset\TESS Toronto emotional speech set data\YAF_happy\YAF_book_happy.wav,say the word book,happy,3
OAF_white_angry,C:\Users\sande\Desktop\multimodal_emotion_project\dataset\TESS Toronto emotional speech set data\OAF_angry\OAF_white_angry.wav,say the word white,angry,0
YAF_phone_fear,C:\Users\sande\Desktop\multimodal_emotion_project\dataset\TESS Toronto emotional speech set data\YAF_fear\YAF_phone_fear.wav,say the word phone,fear,2
OAF_hall_disgust,C:\Users\sande\Desktop\multimodal_emotion_project\dataset\TESS Toronto emotional speech set data\OAF_disgust\OAF_hall_disgust.wav,say the word hall,disgust,1
OAF_hurl_happy,C:\Users\sande\Desktop\multimodal_emotion_project\dataset\TESS Toronto emotional speech set data\OAF_happy\OAF_hurl_happy.wav,say the word hurl,happy,3
YAF_reach_ps,C:\Users\sande\Desktop\multimodal_emotion_project\dataset\TESS Toronto emotional speech set data\YAF_pleasant_surprised\YAF_reach_ps.wav,say the word reach,surprise,6
YAF_knock_fear,C:\Users\sande\Desktop\multimodal_emotion_project\dataset\TESS Toronto emotional speech set data\YAF_fear\YAF_knock_fear.wav,say the word knock,fear,2
OAF_merge_angry,C:\Users\sande\Desktop\multimodal_emotion_project\dataset\TESS Toronto emotional speech set data\OAF_angry\OAF_merge_angry.wav,say the word merge,angry,0
YAF_home_fear,C:\Users\sande\Desktop\multimodal_emotion_project\dataset\TESS Toronto emotional speech set data\YAF_fear\YAF_home_fear.wav,say the word home,fear,2
YAF_numb_sad,C:\Users\sande\Desktop\multimodal_emotion_project\dataset\TESS Toronto emotional speech set data\YAF_sad\YAF_numb_sad.wav,say the word numb,sad,5
YAF_base_ps,C:\Users\sande\Desktop\multimodal_emotion_project\dataset\TESS Toronto emotional speech set data\YAF_pleasant_surprised\YAF_base_ps.wav,say the word base,surprise,6
OAF_should_happy,C:\Users\sande\Desktop\multimodal_emotion_project\dataset\TESS Toronto emotional speech set data\OAF_happy\OAF_should_happy.wav,say the word should,happy,3
OAF_laud_neutral,C:\Users\sande\Desktop\multimodal_emotion_project\dataset\TESS Toronto emotional speech set data\OAF_neutral\OAF_laud_neutral.wav,say the word laud,neutral,4
YAF_which_disgust,C:\Users\sande\Desktop\multimodal_emotion_project\dataset\TESS Toronto emotional speech set data\YAF_disgust\YAF_which_disgust.wav,say the word which,disgust,1
YAF_burn_fear,C:\Users\sande\Desktop\multimodal_emotion_project\dataset\TESS Toronto emotional speech set data\YAF_fear\YAF_burn_fear.wav,say the word burn,fear,2
YAF_voice_angry,C:\Users\sande\Desktop\multimodal_emotion_project\dataset\TESS Toronto emotional speech set data\YAF_angry\YAF_voice_angry.wav,say the word voice,angry,0
YAF_room_sad,C:\Users\sande\Desktop\multimodal_emotion_project\dataset\TESS Toronto emotional speech set data\YAF_sad\YAF_room_sad.wav,say the word room,sad,5
YAF_make_sad,C:\Users\sande\Desktop\multimodal_emotion_project\dataset\TESS Toronto emotional speech set data\YAF_sad\YAF_make_sad.wav,say the word make,sad,5
OAF_lot_happy,C:\Users\sande\Desktop\multimodal_emotion_project\dataset\TESS Toronto emotional speech set data\OAF_happy\OAF_lot_happy.wav,say the word lot,happy,3
OAF_met_neutral,C:\Users\sande\Desktop\multimodal_emotion_project\dataset\TESS Toronto emotional speech set data\OAF_neutral\OAF_met_neutral.wav,say the word met,neutral,4
OAF_witch_angry,C:\Users\sande\Desktop\multimodal_emotion_project\dataset\TESS Toronto emotional speech set data\OAF_angry\OAF_witch_angry.wav,say the word witch,angry,0
YAF_ton_happy,C:\Users\sande\Desktop\multimodal_emotion_project\dataset\TESS Toronto emotional speech set data\YAF_happy\YAF_ton_happy.wav,say the word ton,happy,3
OAF_pike_happy,C:\Users\sande\Desktop\multimodal_emotion_project\dataset\TESS Toronto emotional speech set data\OAF_happy\OAF_pike_happy.wav,say the word pike,happy,3
YAF_hush_sad,C:\Users\sande\Desktop\multimodal_emotion_project\dataset\TESS Toronto emotional speech set data\YAF_sad\YAF_hush_sad.wav,say the word hush,sad,5
YAF_pole_ps,C:\Users\sande\Desktop\multimodal_emotion_project\dataset\TESS Toronto emotional speech set data\YAF_pleasant_surprised\YAF_pole_ps.wav,say the word pole,surprise,6
OAF_king_ps,C:\Users\sande\Desktop\multimodal_emotion_project\dataset\TESS Toronto emotional speech set data\OAF_Pleasant_surprise\OAF_king_ps.wav,say the word king,surprise,6
YAF_sail_happy,C:\Users\sande\Desktop\multimodal_emotion_project\dataset\TESS Toronto emotional speech set data\YAF_happy\YAF_sail_happy.wav,say the word sail,happy,3
YAF_soap_happy,C:\Users\sande\Desktop\multimodal_emotion_project\dataset\TESS Toronto emotional speech set data\YAF_happy\YAF_soap_happy.wav,say the word soap,happy,3
YAF_neat_happy,C:\Users\sande\Desktop\multimodal_emotion_project\dataset\TESS Toronto emotional speech set data\YAF_happy\YAF_neat_happy.wav,say the word neat,happy,3
OAF_rose_sad,C:\Users\sande\Desktop\multimodal_emotion_project\dataset\TESS Toronto emotional speech set data\OAF_Sad\OAF_rose_sad.wav,say the word rose,sad,5
YAF_should_neutral,C:\Users\sande\Desktop\multimodal_emotion_project\dataset\TESS Toronto emotional speech set data\YAF_neutral\YAF_should_neutral.wav,say the word should,neutral,4
YAF_food_neutral,C:\Users\sande\Desktop\multimodal_emotion_project\dataset\TESS Toronto emotional speech set data\YAF_neutral\YAF_food_neutral.wav,say the word food,neutral,4
OAF_love_neutral,C:\Users\sande\Desktop\multimodal_emotion_project\dataset\TESS Toronto emotional speech set data\OAF_neutral\OAF_love_neutral.wav,say the word love,neutral,4
OAF_life_fear,C:\Users\sande\Desktop\multimodal_emotion_project\dataset\TESS Toronto emotional speech set data\OAF_Fear\OAF_life_fear.wav,say the word life,fear,2
YAF_nag_neutral,C:\Users\sande\Desktop\multimodal_emotion_project\dataset\TESS Toronto emotional speech set data\YAF_neutral\YAF_nag_neutral.wav,say the word nag,neutral,4
YAF_deep_neutral,C:\Users\sande\Desktop\multimodal_emotion_project\dataset\TESS Toronto emotional speech set data\YAF_neutral\YAF_deep_neutral.wav,say the word deep,neutral,4
OAF_third_angry,C:\Users\sande\Desktop\multimodal_emotion_project\dataset\TESS Toronto emotional speech set data\OAF_angry\OAF_third_angry.wav,say the word third,angry,0
OAF_yes_angry,C:\Users\sande\Desktop\multimodal_emotion_project\dataset\TESS Toronto emotional speech set data\OAF_angry\OAF_yes_angry.wav,say the word yes,angry,0
YAF_doll_fear,C:\Users\sande\Desktop\multimodal_emotion_project\dataset\TESS Toronto emotional speech set data\YAF_fear\YAF_doll_fear.wav,say the word doll,fear,2
OAF_south_ps,C:\Users\sande\Desktop\multimodal_emotion_project\dataset\TESS Toronto emotional speech set data\OAF_Pleasant_surprise\OAF_south_ps.wav,say the word south,surprise,6
YAF_nice_neutral,C:\Users\sande\Desktop\multimodal_emotion_project\dataset\TESS Toronto emotional speech set data\YAF_neutral\YAF_nice_neutral.wav,say the word nice,neutral,4
YAF_when_angry,C:\Users\sande\Desktop\multimodal_emotion_project\dataset\TESS Toronto emotional speech set data\YAF_angry\YAF_when_angry.wav,say the word when,angry,0
OAF_soap_neutral,C:\Users\sande\Desktop\multimodal_emotion_project\dataset\TESS Toronto emotional speech set data\OAF_neutral\OAF_soap_neutral.wav,say the word soap,neutral,4
YAF_book_sad,C:\Users\sande\Desktop\multimodal_emotion_project\dataset\TESS Toronto emotional speech set data\YAF_sad\YAF_book_sad.wav,say the word book,sad,5
OAF_thin_neutral,C:\Users\sande\Desktop\multimodal_emotion_project\dataset\TESS Toronto emotional speech set data\OAF_neutral\OAF_thin_neutral.wav,say the word thin,neutral,4
OAF_mob_happy,C:\Users\sande\Desktop\multimodal_emotion_project\dataset\TESS Toronto emotional speech set data\OAF_happy\OAF_mob_happy.wav,say the word mob,happy,3
YAF_soap_fear,C:\Users\sande\Desktop\multimodal_emotion_project\dataset\TESS Toronto emotional speech set data\YAF_fear\YAF_soap_fear.wav,say the word soap,fear,2
OAF_pass_neutral,C:\Users\sande\Desktop\multimodal_emotion_project\dataset\TESS Toronto emotional speech set data\OAF_neutral\OAF_pass_neutral.wav,say the word pass,neutral,4
YAF_cheek_angry,C:\Users\sande\Desktop\multimodal_emotion_project\dataset\TESS Toronto emotional speech set data\YAF_angry\YAF_cheek_angry.wav,say the word cheek,angry,0
YAF_reach_fear,C:\Users\sande\Desktop\multimodal_emotion_project\dataset\TESS Toronto emotional speech set data\YAF_fear\YAF_reach_fear.wav,say the word reach,fear,2
YAF_south_happy,C:\Users\sande\Desktop\multimodal_emotion_project\dataset\TESS Toronto emotional speech set data\YAF_happy\YAF_south_happy.wav,say the word south,happy,3
OAF_check_sad,C:\Users\sande\Desktop\multimodal_emotion_project\dataset\TESS Toronto emotional speech set data\OAF_Sad\OAF_check_sad.wav,say the word check,sad,5
YAF_search_disgust,C:\Users\sande\Desktop\multimodal_emotion_project\dataset\TESS Toronto emotional speech set data\YAF_disgust\YAF_search_disgust.wav,say the word search,disgust,1
YAF_base_happy,C:\Users\sande\Desktop\multimodal_emotion_project\dataset\TESS Toronto emotional speech set data\YAF_happy\YAF_base_happy.wav,say the word base,happy,3
YAF_live_ps,C:\Users\sande\Desktop\multimodal_emotion_project\dataset\TESS Toronto emotional speech set data\YAF_pleasant_surprised\YAF_live_ps.wav,say the word live,surprise,6
OAF_book_neutral,C:\Users\sande\Desktop\multimodal_emotion_project\dataset\TESS Toronto emotional speech set data\OAF_neutral\OAF_book_neutral.wav,say the word book,neutral,4
OAF_home_sad,C:\Users\sande\Desktop\multimodal_emotion_project\dataset\TESS Toronto emotional speech set data\OAF_Sad\OAF_home_sad.wav,say the word home,sad,5
OAF_judge_sad,C:\Users\sande\Desktop\multimodal_emotion_project\dataset\TESS Toronto emotional speech set data\OAF_Sad\OAF_judge_sad.wav,say the word judge,sad,5
OAF_gas_ps,C:\Users\sande\Desktop\multimodal_emotion_project\dataset\TESS Toronto emotional speech set data\OAF_Pleasant_surprise\OAF_gas_ps.wav,say the word gas,surprise,6
YAF_mill_fear,C:\Users\sande\Desktop\multimodal_emotion_project\dataset\TESS Toronto emotional speech set data\YAF_fear\YAF_mill_fear.wav,say the word mill,fear,2
YAF_mess_sad,C:\Users\sande\Desktop\multimodal_emotion_project\dataset\TESS Toronto emotional speech set data\YAF_sad\YAF_mess_sad.wav,say the word mess,sad,5
YAF_came_disgust,C:\Users\sande\Desktop\multimodal_emotion_project\dataset\TESS Toronto emotional speech set data\YAF_disgust\YAF_came_disgust.wav,say the word came,disgust,1
OAF_whip_happy,C:\Users\sande\Desktop\multimodal_emotion_project\dataset\TESS Toronto emotional speech set data\OAF_happy\OAF_whip_happy.wav,say the word whip,happy,3
OAF_rot_angry,C:\Users\sande\Desktop\multimodal_emotion_project\dataset\TESS Toronto emotional speech set data\OAF_angry\OAF_rot_angry.wav,say the word rot,angry,0
YAF_keg_sad,C:\Users\sande\Desktop\multimodal_emotion_project\dataset\TESS Toronto emotional speech set data\YAF_sad\YAF_keg_sad.wav,say the word keg,sad,5
YAF_page_sad,C:\Users\sande\Desktop\multimodal_emotion_project\dataset\TESS Toronto emotional speech set data\YAF_sad\YAF_page_sad.wav,say the word page,sad,5
YAF_soup_angry,C:\Users\sande\Desktop\multimodal_emotion_project\dataset\TESS Toronto emotional speech set data\YAF_angry\YAF_soup_angry.wav,say the word soup,angry,0
YAF_five_angry,C:\Users\sande\Desktop\multimodal_emotion_project\dataset\TESS Toronto emotional speech set data\YAF_angry\YAF_five_angry.wav,say the word five,angry,0
OAF_bone_fear,C:\Users\sande\Desktop\multimodal_emotion_project\dataset\TESS Toronto emotional speech set data\OAF_Fear\OAF_bone_fear.wav,say the word bone,fear,2
OAF_get_disgust,C:\Users\sande\Desktop\multimodal_emotion_project\dataset\TESS Toronto emotional speech set data\OAF_disgust\OAF_get_disgust.wav,say the word get,disgust,1
YAF_mode_happy,C:\Users\sande\Desktop\multimodal_emotion_project\dataset\TESS Toronto emotional speech set data\YAF_happy\YAF_mode_happy.wav,say the word mode,happy,3
OAF_tape_happy,C:\Users\sande\Desktop\multimodal_emotion_project\dataset\TESS Toronto emotional speech set data\OAF_happy\OAF_tape_happy.wav,say the word tape,happy,3
OAF_such_ps,C:\Users\sande\Desktop\multimodal_emotion_project\dataset\TESS Toronto emotional speech set data\OAF_Pleasant_surprise\OAF_such_ps.wav,say the word such,surprise,6
YAF_perch_disgust,C:\Users\sande\Desktop\multimodal_emotion_project\dataset\TESS Toronto emotional speech set data\YAF_disgust\YAF_perch_disgust.wav,say the word perch,disgust,1
YAF_lid_fear,C:\Users\sande\Desktop\multimodal_emotion_project\dataset\TESS Toronto emotional speech set data\YAF_fear\YAF_lid_fear.wav,say the word lid,fear,2
OAF_nice_disgust,C:\Users\sande\Desktop\multimodal_emotion_project\dataset\TESS Toronto emotional speech set data\OAF_disgust\OAF_nice_disgust.wav,say the word nice,disgust,1
YAF_gap_neutral,C:\Users\sande\Desktop\multimodal_emotion_project\dataset\TESS Toronto emotional speech set data\YAF_neutral\YAF_gap_neutral.wav,say the word gap,neutral,4
YAF_road_disgust,C:\Users\sande\Desktop\multimodal_emotion_project\dataset\TESS Toronto emotional speech set data\YAF_disgust\YAF_road_disgust.wav,say the word road,disgust,1
OAF_love_angry,C:\Users\sande\Desktop\multimodal_emotion_project\dataset\TESS Toronto emotional speech set data\OAF_angry\OAF_love_angry.wav,say the word love,angry,0
YAF_bath_fear,C:\Users\sande\Desktop\multimodal_emotion_project\dataset\TESS Toronto emotional speech set data\YAF_fear\YAF_bath_fear.wav,say the word bath,fear,2
OAF_rag_angry,C:\Users\sande\Desktop\multimodal_emotion_project\dataset\TESS Toronto emotional speech set data\OAF_angry\OAF_rag_angry.wav,say the word rag,angry,0
OAF_came_neutral,C:\Users\sande\Desktop\multimodal_emotion_project\dataset\TESS Toronto emotional speech set data\OAF_neutral\OAF_came_neutral.wav,say the word came,neutral,4
YAF_pain_happy,C:\Users\sande\Desktop\multimodal_emotion_project\dataset\TESS Toronto emotional speech set data\YAF_happy\YAF_pain_happy.wav,say the word pain,happy,3
YAF_lease_sad,C:\Users\sande\Desktop\multimodal_emotion_project\dataset\TESS Toronto emotional speech set data\YAF_sad\YAF_lease_sad.wav,say the word lease,sad,5
YAF_hush_fear,C:\Users\sande\Desktop\multimodal_emotion_project\dataset\TESS Toronto emotional speech set data\YAF_fear\YAF_hush_fear.wav,say the word hush,fear,2
OAF_dead_happy,C:\Users\sande\Desktop\multimodal_emotion_project\dataset\TESS Toronto emotional speech set data\OAF_happy\OAF_dead_happy.wav,say the word dead,happy,3
YAF_search_neutral,C:\Users\sande\Desktop\multimodal_emotion_project\dataset\TESS Toronto emotional speech set data\YAF_neutral\YAF_search_neutral.wav,say the word search,neutral,4
YAF_jail_happy,C:\Users\sande\Desktop\multimodal_emotion_project\dataset\TESS Toronto emotional speech set data\YAF_happy\YAF_jail_happy.wav,say the word jail,happy,3
OAF_team_ps,C:\Users\sande\Desktop\multimodal_emotion_project\dataset\TESS Toronto emotional speech set data\OAF_Pleasant_surprise\OAF_team_ps.wav,say the word team,surprise,6
OAF_late_happy,C:\Users\sande\Desktop\multimodal_emotion_project\dataset\TESS Toronto emotional speech set data\OAF_happy\OAF_late_happy.wav,say the word late,happy,3
OAF_wheat_sad,C:\Users\sande\Desktop\multimodal_emotion_project\dataset\TESS Toronto emotional speech set data\OAF_Sad\OAF_wheat_sad.wav,say the word wheat,sad,5
OAF_base_ps,C:\Users\sande\Desktop\multimodal_emotion_project\dataset\TESS Toronto emotional speech set data\OAF_Pleasant_surprise\OAF_base_ps.wav,say the word base,surprise,6
YAF_neat_disgust,C:\Users\sande\Desktop\multimodal_emotion_project\dataset\TESS Toronto emotional speech set data\YAF_disgust\YAF_neat_disgust.wav,say the word neat,disgust,1
OAF_chat_fear,C:\Users\sande\Desktop\multimodal_emotion_project\dataset\TESS Toronto emotional speech set data\OAF_Fear\OAF_chat_fear.wav,say the word chat,fear,2
OAF_mouse_ps,C:\Users\sande\Desktop\multimodal_emotion_project\dataset\TESS Toronto emotional speech set data\OAF_Pleasant_surprise\OAF_mouse_ps.wav,say the word mouse,surprise,6
YAF_thought_fear,C:\Users\sande\Desktop\multimodal_emotion_project\dataset\TESS Toronto emotional speech set data\YAF_fear\YAF_thought_fear.wav,say the word thought,fear,2
OAF_dime_sad,C:\Users\sande\Desktop\multimodal_emotion_project\dataset\TESS Toronto emotional speech set data\OAF_Sad\OAF_dime_sad.wav,say the word dime,sad,5
OAF_turn_ps,C:\Users\sande\Desktop\multimodal_emotion_project\dataset\TESS Toronto emotional speech set data\OAF_Pleasant_surprise\OAF_turn_ps.wav,say the word turn,surprise,6
OAF_puff_sad,C:\Users\sande\Desktop\multimodal_emotion_project\dataset\TESS Toronto emotional speech set data\OAF_Sad\OAF_puff_sad.wav,say the word puff,sad,5
OAF_chalk_fear,C:\Users\sande\Desktop\multimodal_emotion_project\dataset\TESS Toronto emotional speech set data\OAF_Fear\OAF_chalk_fear.wav,say the word chalk,fear,2
YAF_note_sad,C:\Users\sande\Desktop\multimodal_emotion_project\dataset\TESS Toronto emotional speech set data\YAF_sad\YAF_note_sad.wav,say the word note,sad,5
YAF_wheat_happy,C:\Users\sande\Desktop\multimodal_emotion_project\dataset\TESS Toronto emotional speech set data\YAF_happy\YAF_wheat_happy.wav,say the word wheat,happy,3
OAF_tough_happy,C:\Users\sande\Desktop\multimodal_emotion_project\dataset\TESS Toronto emotional speech set data\OAF_happy\OAF_tough_happy.wav,say the word tough,happy,3
OAF_bite_disgust,C:\Users\sande\Desktop\multimodal_emotion_project\dataset\TESS Toronto emotional speech set data\OAF_disgust\OAF_bite_disgust.wav,say the word bite,disgust,1
OAF_ring_ps,C:\Users\sande\Desktop\multimodal_emotion_project\dataset\TESS Toronto emotional speech set data\OAF_Pleasant_surprise\OAF_ring_ps.wav,say the word ring,surprise,6
YAF_keep_fear,C:\Users\sande\Desktop\multimodal_emotion_project\dataset\TESS Toronto emotional speech set data\YAF_fear\YAF_keep_fear.wav,say the word keep,fear,2
YAF_perch_sad,C:\Users\sande\Desktop\multimodal_emotion_project\dataset\TESS Toronto emotional speech set data\YAF_sad\YAF_perch_sad.wav,say the word perch,sad,5
OAF_road_sad,C:\Users\sande\Desktop\multimodal_emotion_project\dataset\TESS Toronto emotional speech set data\OAF_Sad\OAF_road_sad.wav,say the word road,sad,5
YAF_youth_disgust,C:\Users\sande\Desktop\multimodal_emotion_project\dataset\TESS Toronto emotional speech set data\YAF_disgust\YAF_youth_disgust.wav,say the word youth,disgust,1
YAF_beg_disgust,C:\Users\sande\Desktop\multimodal_emotion_project\dataset\TESS Toronto emotional speech set data\YAF_disgust\YAF_beg_disgust.wav,say the word beg,disgust,1
YAF_hurl_ps,C:\Users\sande\Desktop\multimodal_emotion_project\dataset\TESS Toronto emotional speech set data\YAF_pleasant_surprised\YAF_hurl_ps.wav,say the word hurl,surprise,6
OAF_rough_neutral,C:\Users\sande\Desktop\multimodal_emotion_project\dataset\TESS Toronto emotional speech set data\OAF_neutral\OAF_rough_neutral.wav,say the word rough,neutral,4
YAF_ripe_disgust,C:\Users\sande\Desktop\multimodal_emotion_project\dataset\TESS Toronto emotional speech set data\YAF_disgust\YAF_ripe_disgust.wav,say the word ripe,disgust,1
YAF_mode_disgust,C:\Users\sande\Desktop\multimodal_emotion_project\dataset\TESS Toronto emotional speech set data\YAF_disgust\YAF_mode_disgust.wav,say the word mode,disgust,1
YAF_hash_disgust,C:\Users\sande\Desktop\multimodal_emotion_project\dataset\TESS Toronto emotional speech set data\YAF_disgust\YAF_hash_disgust.wav,say the word hash,disgust,1
OAF_neat_disgust,C:\Users\sande\Desktop\multimodal_emotion_project\dataset\TESS Toronto emotional speech set data\OAF_disgust\OAF_neat_disgust.wav,say the word neat,disgust,1
YAF_base_sad,C:\Users\sande\Desktop\multimodal_emotion_project\dataset\TESS Toronto emotional speech set data\YAF_sad\YAF_base_sad.wav,say the word base,sad,5
YAF_vine_angry,C:\Users\sande\Desktop\multimodal_emotion_project\dataset\TESS Toronto emotional speech set data\YAF_angry\YAF_vine_angry.wav,say the word vine,angry,0
OAF_red_happy,C:\Users\sande\Desktop\multimodal_emotion_project\dataset\TESS Toronto emotional speech set data\OAF_happy\OAF_red_happy.wav,say the word red,happy,3
OAF_keg_ps,C:\Users\sande\Desktop\multimodal_emotion_project\dataset\TESS Toronto emotional speech set data\OAF_Pleasant_surprise\OAF_keg_ps.wav,say the word keg,surprise,6
YAF_jail_neutral,C:\Users\sande\Desktop\multimodal_emotion_project\dataset\TESS Toronto emotional speech set data\YAF_neutral\YAF_jail_neutral.wav,say the word jail,neutral,4
YAF_when_ps,C:\Users\sande\Desktop\multimodal_emotion_project\dataset\TESS Toronto emotional speech set data\YAF_pleasant_surprised\YAF_when_ps.wav,say the word when,surprise,6
YAF_should_angry,C:\Users\sande\Desktop\multimodal_emotion_project\dataset\TESS Toronto emotional speech set data\YAF_angry\YAF_should_angry.wav,say the word should,angry,0
YAF_bite_neutral,C:\Users\sande\Desktop\multimodal_emotion_project\dataset\TESS Toronto emotional speech set data\YAF_neutral\YAF_bite_neutral.wav,say the word bite,neutral,4
OAF_such_happy,C:\Users\sande\Desktop\multimodal_emotion_project\dataset\TESS Toronto emotional speech set data\OAF_happy\OAF_such_happy.wav,say the word such,happy,3
OAF_dead_sad,C:\Users\sande\Desktop\multimodal_emotion_project\dataset\TESS Toronto emotional speech set data\OAF_Sad\OAF_dead_sad.wav,say the word dead,sad,5
YAF_mill_disgust,C:\Users\sande\Desktop\multimodal_emotion_project\dataset\TESS Toronto emotional speech set data\YAF_disgust\YAF_mill_disgust.wav,say the word mill,disgust,1
OAF_match_angry,C:\Users\sande\Desktop\multimodal_emotion_project\dataset\TESS Toronto emotional speech set data\OAF_angry\OAF_match_angry.wav,say the word match,angry,0
YAF_dime_sad,C:\Users\sande\Desktop\multimodal_emotion_project\dataset\TESS Toronto emotional speech set data\YAF_sad\YAF_dime_sad.wav,say the word dime,sad,5
OAF_home_ps,C:\Users\sande\Desktop\multimodal_emotion_project\dataset\TESS Toronto emotional speech set data\OAF_Pleasant_surprise\OAF_home_ps.wav,say the word home,surprise,6
OAF_gun_ps,C:\Users\sande\Desktop\multimodal_emotion_project\dataset\TESS Toronto emotional speech set data\OAF_Pleasant_surprise\OAF_gun_ps.wav,say the word gun,surprise,6
OAF_young_disgust,C:\Users\sande\Desktop\multimodal_emotion_project\dataset\TESS Toronto emotional speech set data\OAF_disgust\OAF_young_disgust.wav,say the word young,disgust,1
OAF_came_sad,C:\Users\sande\Desktop\multimodal_emotion_project\dataset\TESS Toronto emotional speech set data\OAF_Sad\OAF_came_sad.wav,say the word came,sad,5
YAF_name_disgust,C:\Users\sande\Desktop\multimodal_emotion_project\dataset\TESS Toronto emotional speech set data\YAF_disgust\YAF_name_disgust.wav,say the word name,disgust,1
YAF_date_disgust,C:\Users\sande\Desktop\multimodal_emotion_project\dataset\TESS Toronto emotional speech set data\YAF_disgust\YAF_date_disgust.wav,say the word date,disgust,1
YAF_base_fear,C:\Users\sande\Desktop\multimodal_emotion_project\dataset\TESS Toronto emotional speech set data\YAF_fear\YAF_base_fear.wav,say the word base,fear,2
OAF_tool_disgust,C:\Users\sande\Desktop\multimodal_emotion_project\dataset\TESS Toronto emotional speech set data\OAF_disgust\OAF_tool_disgust.wav,say the word tool,disgust,1
YAF_bought_ps,C:\Users\sande\Desktop\multimodal_emotion_project\dataset\TESS Toronto emotional speech set data\YAF_pleasant_surprised\YAF_bought_ps.wav,say the word bought,surprise,6
OAF_hush_disgust,C:\Users\sande\Desktop\multimodal_emotion_project\dataset\TESS Toronto emotional speech set data\OAF_disgust\OAF_hush_disgust.wav,say the word hush,disgust,1
YAF_doll_ps,C:\Users\sande\Desktop\multimodal_emotion_project\dataset\TESS Toronto emotional speech set data\YAF_pleasant_surprised\YAF_doll_ps.wav,say the word doll,surprise,6
OAF_raid_disgust,C:\Users\sande\Desktop\multimodal_emotion_project\dataset\TESS Toronto emotional speech set data\OAF_disgust\OAF_raid_disgust.wav,say the word raid,disgust,1
OAF_hurl_fear,C:\Users\sande\Desktop\multimodal_emotion_project\dataset\TESS Toronto emotional speech set data\OAF_Fear\OAF_hurl_fear.wav,say the word hurl,fear,2
OAF_mouse_sad,C:\Users\sande\Desktop\multimodal_emotion_project\dataset\TESS Toronto emotional speech set data\OAF_Sad\OAF_mouse_sad.wav,say the word mouse,sad,5
YAF_turn_disgust,C:\Users\sande\Desktop\multimodal_emotion_project\dataset\TESS Toronto emotional speech set data\YAF_disgust\YAF_turn_disgust.wav,say the word turn,disgust,1
YAF_back_ps,C:\Users\sande\Desktop\multimodal_emotion_project\dataset\TESS Toronto emotional speech set data\YAF_pleasant_surprised\YAF_back_ps.wav,say the word back,surprise,6
YAF_dodge_sad,C:\Users\sande\Desktop\multimodal_emotion_project\dataset\TESS Toronto emotional speech set data\YAF_sad\YAF_dodge_sad.wav,say the word dodge,sad,5
YAF_bean_happy,C:\Users\sande\Desktop\multimodal_emotion_project\dataset\TESS Toronto emotional speech set data\YAF_happy\YAF_bean_happy.wav,say the word bean,happy,3
YAF_pain_ps,C:\Users\sande\Desktop\multimodal_emotion_project\dataset\TESS Toronto emotional speech set data\YAF_pleasant_surprised\YAF_pain_ps.wav,say the word pain,surprise,6
YAF_shirt_angry,C:\Users\sande\Desktop\multimodal_emotion_project\dataset\TESS Toronto emotional speech set data\YAF_angry\YAF_shirt_angry.wav,say the word shirt,angry,0
OAF_lid_neutral,C:\Users\sande\Desktop\multimodal_emotion_project\dataset\TESS Toronto emotional speech set data\OAF_neutral\OAF_lid_neutral.wav,say the word lid,neutral,4
OAF_when_ps,C:\Users\sande\Desktop\multimodal_emotion_project\dataset\TESS Toronto emotional speech set data\OAF_Pleasant_surprise\OAF_when_ps.wav,say the word when,surprise,6
OAF_kite_fear,C:\Users\sande\Desktop\multimodal_emotion_project\dataset\TESS Toronto emotional speech set data\OAF_Fear\OAF_kite_fear.wav,say the word kite,fear,2
YAF_lore_neutral,C:\Users\sande\Desktop\multimodal_emotion_project\dataset\TESS Toronto emotional speech set data\YAF_neutral\YAF_lore_neutral.wav,say the word lore,neutral,4
OAF_cab_fear,C:\Users\sande\Desktop\multimodal_emotion_project\dataset\TESS Toronto emotional speech set data\OAF_Fear\OAF_cab_fear.wav,say the word cab,fear,2
OAF_wire_neutral,C:\Users\sande\Desktop\multimodal_emotion_project\dataset\TESS Toronto emotional speech set data\OAF_neutral\OAF_wire_neutral.wav,say the word wire,neutral,4
OAF_food_happy,C:\Users\sande\Desktop\multimodal_emotion_project\dataset\TESS Toronto emotional speech set data\OAF_happy\OAF_food_happy.wav,say the word food,happy,3
YAF_cab_fear,C:\Users\sande\Desktop\multimodal_emotion_project\dataset\TESS Toronto emotional speech set data\YAF_fear\YAF_cab_fear.wav,say the word cab,fear,2
OAF_rot_ps,C:\Users\sande\Desktop\multimodal_emotion_project\dataset\TESS Toronto emotional speech set data\OAF_Pleasant_surprise\OAF_rot_ps.wav,say the word rot,surprise,6
YAF_join_neutral,C:\Users\sande\Desktop\multimodal_emotion_project\dataset\TESS Toronto emotional speech set data\YAF_neutral\YAF_join_neutral.wav,say the word join,neutral,4
